"condition_axis","condition_id","distance","pair_class","unit_id","unit_median_distance","pair_count","baseline_distance","absolute_change_from_no_filter","percent_change_from_no_filter"
"filter_at_threshold_0.5_fixed_50_samples","no_filter","weighted_unifrac","between_participants_matched_site_system","Antecubital__Copan",0.239581352544714,10,0.239581352544714,0,0
"filter_at_threshold_0.5_fixed_50_samples","no_filter","weighted_unifrac","between_participants_matched_site_system","Antecubital__Eswab",0.0791862977532136,10,0.0791862977532136,0,0
"filter_at_threshold_0.5_fixed_50_samples","no_filter","weighted_unifrac","between_participants_matched_site_system","Antecubital__Omni",0.131147153613434,10,0.131147153613434,0,0
"filter_at_threshold_0.5_fixed_50_samples","no_filter","weighted_unifrac","between_participants_matched_site_system","Antecubital__Puritan_buffer",0.139092594230023,10,0.139092594230023,0,0
"filter_at_threshold_0.5_fixed_50_samples","no_filter","weighted_unifrac","between_participants_matched_site_system","Antecubital__Puritan_gel",0.101484839825344,10,0.101484839825344,0,0
"filter_at_threshold_0.5_fixed_50_samples","no_filter","weighted_unifrac","between_participants_matched_site_system","Forehead__Copan",0.242758246989669,10,0.242758246989669,0,0
"filter_at_threshold_0.5_fixed_50_samples","no_filter","weighted_unifrac","between_participants_matched_site_system","Forehead__Eswab",0.209454666732832,10,0.209454666732832,0,0
"filter_at_threshold_0.5_fixed_50_samples","no_filter","weighted_unifrac","between_participants_matched_site_system","Forehead__Omni",0.341078476385675,10,0.341078476385675,0,0
"filter_at_threshold_0.5_fixed_50_samples","no_filter","weighted_unifrac","between_participants_matched_site_system","Forehead__Puritan_buffer",0.228702310183219,10,0.228702310183219,0,0
"filter_at_threshold_0.5_fixed_50_samples","no_filter","weighted_unifrac","between_participants_matched_site_system","Forehead__Puritan_gel",0.197186716649984,10,0.197186716649984,0,0
"filter_at_threshold_0.5_fixed_50_samples","no_filter","weighted_unifrac","between_sites_matched_participant_system","S001__Copan",0.118703586162941,1,0.118703586162941,0,0
"filter_at_threshold_0.5_fixed_50_samples","no_filter","weighted_unifrac","between_sites_matched_participant_system","S001__Eswab",0.299698932411088,1,0.299698932411088,0,0
"filter_at_threshold_0.5_fixed_50_samples","no_filter","weighted_unifrac","between_sites_matched_participant_system","S001__Omni",0.196009155711058,1,0.196009155711058,0,0
"filter_at_threshold_0.5_fixed_50_samples","no_filter","weighted_unifrac","between_sites_matched_participant_system","S001__Puritan_buffer",0.246854402236843,1,0.246854402236843,0,0
"filter_at_threshold_0.5_fixed_50_samples","no_filter","weighted_unifrac","between_sites_matched_participant_system","S001__Puritan_gel",0.35215402084111,1,0.35215402084111,0,0
"filter_at_threshold_0.5_fixed_50_samples","no_filter","weighted_unifrac","between_sites_matched_participant_system","S002__Copan",0.108682096170832,1,0.108682096170832,0,0
"filter_at_threshold_0.5_fixed_50_samples","no_filter","weighted_unifrac","between_sites_matched_participant_system","S002__Eswab",0.308844072857493,1,0.308844072857493,0,0
"filter_at_threshold_0.5_fixed_50_samples","no_filter","weighted_unifrac","between_sites_matched_participant_system","S002__Omni",0.304787562040176,1,0.304787562040176,0,0
"filter_at_threshold_0.5_fixed_50_samples","no_filter","weighted_unifrac","between_sites_matched_participant_system","S002__Puritan_buffer",0.228685136308924,1,0.228685136308924,0,0
"filter_at_threshold_0.5_fixed_50_samples","no_filter","weighted_unifrac","between_sites_matched_participant_system","S002__Puritan_gel",0.199996186215452,1,0.199996186215452,0,0
"filter_at_threshold_0.5_fixed_50_samples","no_filter","weighted_unifrac","between_sites_matched_participant_system","S003__Copan",0.0939293774927445,1,0.0939293774927445,0,0
"filter_at_threshold_0.5_fixed_50_samples","no_filter","weighted_unifrac","between_sites_matched_participant_system","S003__Eswab",0.033090757686952,1,0.033090757686952,0,0
"filter_at_threshold_0.5_fixed_50_samples","no_filter","weighted_unifrac","between_sites_matched_participant_system","S003__Omni",0.051978027897432,1,0.051978027897432,0,0
"filter_at_threshold_0.5_fixed_50_samples","no_filter","weighted_unifrac","between_sites_matched_participant_system","S003__Puritan_buffer",0.101679922060645,1,0.101679922060645,0,0
"filter_at_threshold_0.5_fixed_50_samples","no_filter","weighted_unifrac","between_sites_matched_participant_system","S003__Puritan_gel",0.109616644392069,1,0.109616644392069,0,0
"filter_at_threshold_0.5_fixed_50_samples","no_filter","weighted_unifrac","between_sites_matched_participant_system","S004__Copan",0.124797795372187,1,0.124797795372187,0,0
"filter_at_threshold_0.5_fixed_50_samples","no_filter","weighted_unifrac","between_sites_matched_participant_system","S004__Eswab",0.358469203729103,1,0.358469203729103,0,0
"filter_at_threshold_0.5_fixed_50_samples","no_filter","weighted_unifrac","between_sites_matched_participant_system","S004__Omni",0.0857068275882549,1,0.0857068275882549,0,0
"filter_at_threshold_0.5_fixed_50_samples","no_filter","weighted_unifrac","between_sites_matched_participant_system","S004__Puritan_buffer",0.0880329593766089,1,0.0880329593766089,0,0
"filter_at_threshold_0.5_fixed_50_samples","no_filter","weighted_unifrac","between_sites_matched_participant_system","S004__Puritan_gel",0.10660317710179,1,0.10660317710179,0,0
"filter_at_threshold_0.5_fixed_50_samples","no_filter","weighted_unifrac","between_sites_matched_participant_system","S005__Copan",0.272457750137802,1,0.272457750137802,0,0
"filter_at_threshold_0.5_fixed_50_samples","no_filter","weighted_unifrac","between_sites_matched_participant_system","S005__Eswab",0.177423306316352,1,0.177423306316352,0,0
"filter_at_threshold_0.5_fixed_50_samples","no_filter","weighted_unifrac","between_sites_matched_participant_system","S005__Omni",0.374465208784804,1,0.374465208784804,0,0
"filter_at_threshold_0.5_fixed_50_samples","no_filter","weighted_unifrac","between_sites_matched_participant_system","S005__Puritan_buffer",0.155374774545272,1,0.155374774545272,0,0
"filter_at_threshold_0.5_fixed_50_samples","no_filter","weighted_unifrac","between_sites_matched_participant_system","S005__Puritan_gel",0.210795870640518,1,0.210795870640518,0,0
"filter_at_threshold_0.5_fixed_50_samples","no_filter","weighted_unifrac","within_participant_site_between_systems","S001__Antecubital",0.105681797465082,10,0.105681797465082,0,0
"filter_at_threshold_0.5_fixed_50_samples","no_filter","weighted_unifrac","within_participant_site_between_systems","S001__Forehead",0.0256329952724605,10,0.0256329952724605,0,0
"filter_at_threshold_0.5_fixed_50_samples","no_filter","weighted_unifrac","within_participant_site_between_systems","S002__Antecubital",0.091121088186019,10,0.091121088186019,0,0
"filter_at_threshold_0.5_fixed_50_samples","no_filter","weighted_unifrac","within_participant_site_between_systems","S002__Forehead",0.0263229730463409,10,0.0263229730463409,0,0
"filter_at_threshold_0.5_fixed_50_samples","no_filter","weighted_unifrac","within_participant_site_between_systems","S003__Antecubital",0.0477431268189668,10,0.0477431268189668,0,0
"filter_at_threshold_0.5_fixed_50_samples","no_filter","weighted_unifrac","within_participant_site_between_systems","S003__Forehead",0.0207112688918345,10,0.0207112688918345,0,0
"filter_at_threshold_0.5_fixed_50_samples","no_filter","weighted_unifrac","within_participant_site_between_systems","S004__Antecubital",0.0215023955615367,10,0.0215023955615367,0,0
"filter_at_threshold_0.5_fixed_50_samples","no_filter","weighted_unifrac","within_participant_site_between_systems","S004__Forehead",0.0506383486832577,10,0.0506383486832577,0,0
"filter_at_threshold_0.5_fixed_50_samples","no_filter","weighted_unifrac","within_participant_site_between_systems","S005__Antecubital",0.0113821348481991,10,0.0113821348481991,0,0
"filter_at_threshold_0.5_fixed_50_samples","no_filter","weighted_unifrac","within_participant_site_between_systems","S005__Forehead",0.120062689169092,10,0.120062689169092,0,0
"filter_at_threshold_0.5_fixed_50_samples","no_filter","unweighted_unifrac","between_participants_matched_site_system","Antecubital__Copan",0.804813718721013,10,0.804813718721013,0,0
"filter_at_threshold_0.5_fixed_50_samples","no_filter","unweighted_unifrac","between_participants_matched_site_system","Antecubital__Eswab",0.675235404911876,10,0.675235404911876,0,0
"filter_at_threshold_0.5_fixed_50_samples","no_filter","unweighted_unifrac","between_participants_matched_site_system","Antecubital__Omni",0.727624151833423,10,0.727624151833423,0,0
"filter_at_threshold_0.5_fixed_50_samples","no_filter","unweighted_unifrac","between_participants_matched_site_system","Antecubital__Puritan_buffer",0.714539689124599,10,0.714539689124599,0,0
"filter_at_threshold_0.5_fixed_50_samples","no_filter","unweighted_unifrac","between_participants_matched_site_system","Antecubital__Puritan_gel",0.790441013332816,10,0.790441013332816,0,0
"filter_at_threshold_0.5_fixed_50_samples","no_filter","unweighted_unifrac","between_participants_matched_site_system","Forehead__Copan",0.837835722438635,10,0.837835722438635,0,0
"filter_at_threshold_0.5_fixed_50_samples","no_filter","unweighted_unifrac","between_participants_matched_site_system","Forehead__Eswab",0.741779517860757,10,0.741779517860757,0,0
"filter_at_threshold_0.5_fixed_50_samples","no_filter","unweighted_unifrac","between_participants_matched_site_system","Forehead__Omni",0.65417040842155,10,0.65417040842155,0,0
"filter_at_threshold_0.5_fixed_50_samples","no_filter","unweighted_unifrac","between_participants_matched_site_system","Forehead__Puritan_buffer",0.785781579811412,10,0.785781579811412,0,0
"filter_at_threshold_0.5_fixed_50_samples","no_filter","unweighted_unifrac","between_participants_matched_site_system","Forehead__Puritan_gel",0.724367460536758,10,0.724367460536758,0,0
"filter_at_threshold_0.5_fixed_50_samples","no_filter","unweighted_unifrac","between_sites_matched_participant_system","S001__Copan",0.830970840721881,1,0.830970840721881,0,0
"filter_at_threshold_0.5_fixed_50_samples","no_filter","unweighted_unifrac","between_sites_matched_participant_system","S001__Eswab",0.772177464592795,1,0.772177464592795,0,0
"filter_at_threshold_0.5_fixed_50_samples","no_filter","unweighted_unifrac","between_sites_matched_participant_system","S001__Omni",0.605767488512561,1,0.605767488512561,0,0
"filter_at_threshold_0.5_fixed_50_samples","no_filter","unweighted_unifrac","between_sites_matched_participant_system","S001__Puritan_buffer",0.661411920985587,1,0.661411920985587,0,0
"filter_at_threshold_0.5_fixed_50_samples","no_filter","unweighted_unifrac","between_sites_matched_participant_system","S001__Puritan_gel",0.518207922731548,1,0.518207922731548,0,0
"filter_at_threshold_0.5_fixed_50_samples","no_filter","unweighted_unifrac","between_sites_matched_participant_system","S002__Copan",0.70497127328793,1,0.70497127328793,0,0
"filter_at_threshold_0.5_fixed_50_samples","no_filter","unweighted_unifrac","between_sites_matched_participant_system","S002__Eswab",0.692914059519204,1,0.692914059519204,0,0
"filter_at_threshold_0.5_fixed_50_samples","no_filter","unweighted_unifrac","between_sites_matched_participant_system","S002__Omni",0.706184702050735,1,0.706184702050735,0,0
"filter_at_threshold_0.5_fixed_50_samples","no_filter","unweighted_unifrac","between_sites_matched_participant_system","S002__Puritan_buffer",0.790460083375253,1,0.790460083375253,0,0
"filter_at_threshold_0.5_fixed_50_samples","no_filter","unweighted_unifrac","between_sites_matched_participant_system","S002__Puritan_gel",0.694156178620243,1,0.694156178620243,0,0
"filter_at_threshold_0.5_fixed_50_samples","no_filter","unweighted_unifrac","between_sites_matched_participant_system","S003__Copan",0.843138688825123,1,0.843138688825123,0,0
"filter_at_threshold_0.5_fixed_50_samples","no_filter","unweighted_unifrac","between_sites_matched_participant_system","S003__Eswab",0.755360864915162,1,0.755360864915162,0,0
"filter_at_threshold_0.5_fixed_50_samples","no_filter","unweighted_unifrac","between_sites_matched_participant_system","S003__Omni",0.650728491443368,1,0.650728491443368,0,0
"filter_at_threshold_0.5_fixed_50_samples","no_filter","unweighted_unifrac","between_sites_matched_participant_system","S003__Puritan_buffer",0.659017265070775,1,0.659017265070775,0,0
"filter_at_threshold_0.5_fixed_50_samples","no_filter","unweighted_unifrac","between_sites_matched_participant_system","S003__Puritan_gel",0.472104744874901,1,0.472104744874901,0,0
"filter_at_threshold_0.5_fixed_50_samples","no_filter","unweighted_unifrac","between_sites_matched_participant_system","S004__Copan",0.759277670541619,1,0.759277670541619,0,0
"filter_at_threshold_0.5_fixed_50_samples","no_filter","unweighted_unifrac","between_sites_matched_participant_system","S004__Eswab",0.650421538604602,1,0.650421538604602,0,0
"filter_at_threshold_0.5_fixed_50_samples","no_filter","unweighted_unifrac","between_sites_matched_participant_system","S004__Omni",0.782748592218883,1,0.782748592218883,0,0
"filter_at_threshold_0.5_fixed_50_samples","no_filter","unweighted_unifrac","between_sites_matched_participant_system","S004__Puritan_buffer",0.796479178266848,1,0.796479178266848,0,0
"filter_at_threshold_0.5_fixed_50_samples","no_filter","unweighted_unifrac","between_sites_matched_participant_system","S004__Puritan_gel",0.77925028523167,1,0.77925028523167,0,0
"filter_at_threshold_0.5_fixed_50_samples","no_filter","unweighted_unifrac","between_sites_matched_participant_system","S005__Copan",0.733764422909824,1,0.733764422909824,0,0
"filter_at_threshold_0.5_fixed_50_samples","no_filter","unweighted_unifrac","between_sites_matched_participant_system","S005__Eswab",0.62310567501401,1,0.62310567501401,0,0
"filter_at_threshold_0.5_fixed_50_samples","no_filter","unweighted_unifrac","between_sites_matched_participant_system","S005__Omni",0.777072913536115,1,0.777072913536115,0,0
"filter_at_threshold_0.5_fixed_50_samples","no_filter","unweighted_unifrac","between_sites_matched_participant_system","S005__Puritan_buffer",0.672264099549332,1,0.672264099549332,0,0
"filter_at_threshold_0.5_fixed_50_samples","no_filter","unweighted_unifrac","between_sites_matched_participant_system","S005__Puritan_gel",0.785295900952094,1,0.785295900952094,0,0
"filter_at_threshold_0.5_fixed_50_samples","no_filter","unweighted_unifrac","within_participant_site_between_systems","S001__Antecubital",0.543605414769881,10,0.543605414769881,0,0
"filter_at_threshold_0.5_fixed_50_samples","no_filter","unweighted_unifrac","within_participant_site_between_systems","S001__Forehead",0.654117643849617,10,0.654117643849617,0,0
"filter_at_threshold_0.5_fixed_50_samples","no_filter","unweighted_unifrac","within_participant_site_between_systems","S002__Antecubital",0.673076973349345,10,0.673076973349345,0,0
"filter_at_threshold_0.5_fixed_50_samples","no_filter","unweighted_unifrac","within_participant_site_between_systems","S002__Forehead",0.473674855219026,10,0.473674855219026,0,0
"filter_at_threshold_0.5_fixed_50_samples","no_filter","unweighted_unifrac","within_participant_site_between_systems","S003__Antecubital",0.645036569174674,10,0.645036569174674,0,0
"filter_at_threshold_0.5_fixed_50_samples","no_filter","unweighted_unifrac","within_participant_site_between_systems","S003__Forehead",0.466086504989193,10,0.466086504989193,0,0
"filter_at_threshold_0.5_fixed_50_samples","no_filter","unweighted_unifrac","within_participant_site_between_systems","S004__Antecubital",0.710932441137895,10,0.710932441137895,0,0
"filter_at_threshold_0.5_fixed_50_samples","no_filter","unweighted_unifrac","within_participant_site_between_systems","S004__Forehead",0.744791114757825,10,0.744791114757825,0,0
"filter_at_threshold_0.5_fixed_50_samples","no_filter","unweighted_unifrac","within_participant_site_between_systems","S005__Antecubital",0.622444776563758,10,0.622444776563758,0,0
"filter_at_threshold_0.5_fixed_50_samples","no_filter","unweighted_unifrac","within_participant_site_between_systems","S005__Forehead",0.719609578696263,10,0.719609578696263,0,0
"filter_at_threshold_0.5_fixed_50_samples","no_filter","bray_curtis","between_participants_matched_site_system","Antecubital__Copan",0.89331157403481,10,0.89331157403481,0,0
"filter_at_threshold_0.5_fixed_50_samples","no_filter","bray_curtis","between_participants_matched_site_system","Antecubital__Eswab",0.861243017812304,10,0.861243017812304,0,0
"filter_at_threshold_0.5_fixed_50_samples","no_filter","bray_curtis","between_participants_matched_site_system","Antecubital__Omni",0.881642606530765,10,0.881642606530765,0,0
"filter_at_threshold_0.5_fixed_50_samples","no_filter","bray_curtis","between_participants_matched_site_system","Antecubital__Puritan_buffer",0.93145395026805,10,0.93145395026805,0,0
"filter_at_threshold_0.5_fixed_50_samples","no_filter","bray_curtis","between_participants_matched_site_system","Antecubital__Puritan_gel",0.88425977758381,10,0.88425977758381,0,0
"filter_at_threshold_0.5_fixed_50_samples","no_filter","bray_curtis","between_participants_matched_site_system","Forehead__Copan",0.717624907808867,10,0.717624907808867,0,0
"filter_at_threshold_0.5_fixed_50_samples","no_filter","bray_curtis","between_participants_matched_site_system","Forehead__Eswab",0.640467183136183,10,0.640467183136183,0,0
"filter_at_threshold_0.5_fixed_50_samples","no_filter","bray_curtis","between_participants_matched_site_system","Forehead__Omni",0.802277920118609,10,0.802277920118609,0,0
"filter_at_threshold_0.5_fixed_50_samples","no_filter","bray_curtis","between_participants_matched_site_system","Forehead__Puritan_buffer",0.795155300014195,10,0.795155300014195,0,0
"filter_at_threshold_0.5_fixed_50_samples","no_filter","bray_curtis","between_participants_matched_site_system","Forehead__Puritan_gel",0.747149804157363,10,0.747149804157363,0,0
"filter_at_threshold_0.5_fixed_50_samples","no_filter","bray_curtis","between_sites_matched_participant_system","S001__Copan",0.261729148251598,1,0.261729148251598,0,0
"filter_at_threshold_0.5_fixed_50_samples","no_filter","bray_curtis","between_sites_matched_participant_system","S001__Eswab",0.632731439562847,1,0.632731439562847,0,0
"filter_at_threshold_0.5_fixed_50_samples","no_filter","bray_curtis","between_sites_matched_participant_system","S001__Omni",0.424761419789743,1,0.424761419789743,0,0
"filter_at_threshold_0.5_fixed_50_samples","no_filter","bray_curtis","between_sites_matched_participant_system","S001__Puritan_buffer",0.526974958114492,1,0.526974958114492,0,0
"filter_at_threshold_0.5_fixed_50_samples","no_filter","bray_curtis","between_sites_matched_participant_system","S001__Puritan_gel",0.729343199357509,1,0.729343199357509,0,0
"filter_at_threshold_0.5_fixed_50_samples","no_filter","bray_curtis","between_sites_matched_participant_system","S002__Copan",0.239831571353836,1,0.239831571353836,0,0
"filter_at_threshold_0.5_fixed_50_samples","no_filter","bray_curtis","between_sites_matched_participant_system","S002__Eswab",0.630901013616762,1,0.630901013616762,0,0
"filter_at_threshold_0.5_fixed_50_samples","no_filter","bray_curtis","between_sites_matched_participant_system","S002__Omni",0.675077273779915,1,0.675077273779915,0,0
"filter_at_threshold_0.5_fixed_50_samples","no_filter","bray_curtis","between_sites_matched_participant_system","S002__Puritan_buffer",0.486984763382006,1,0.486984763382006,0,0
"filter_at_threshold_0.5_fixed_50_samples","no_filter","bray_curtis","between_sites_matched_participant_system","S002__Puritan_gel",0.438038095099832,1,0.438038095099832,0,0
"filter_at_threshold_0.5_fixed_50_samples","no_filter","bray_curtis","between_sites_matched_participant_system","S003__Copan",0.879950353601815,1,0.879950353601815,0,0
"filter_at_threshold_0.5_fixed_50_samples","no_filter","bray_curtis","between_sites_matched_participant_system","S003__Eswab",0.688377161579588,1,0.688377161579588,0,0
"filter_at_threshold_0.5_fixed_50_samples","no_filter","bray_curtis","between_sites_matched_participant_system","S003__Omni",0.904267205441914,1,0.904267205441914,0,0
"filter_at_threshold_0.5_fixed_50_samples","no_filter","bray_curtis","between_sites_matched_participant_system","S003__Puritan_buffer",0.996435515230071,1,0.996435515230071,0,0
"filter_at_threshold_0.5_fixed_50_samples","no_filter","bray_curtis","between_sites_matched_participant_system","S003__Puritan_gel",0.99126782358793,1,0.99126782358793,0,0
"filter_at_threshold_0.5_fixed_50_samples","no_filter","bray_curtis","between_sites_matched_participant_system","S004__Copan",0.670373629056129,1,0.670373629056129,0,0
"filter_at_threshold_0.5_fixed_50_samples","no_filter","bray_curtis","between_sites_matched_participant_system","S004__Eswab",0.848088224954515,1,0.848088224954515,0,0
"filter_at_threshold_0.5_fixed_50_samples","no_filter","bray_curtis","between_sites_matched_participant_system","S004__Omni",0.648742195294266,1,0.648742195294266,0,0
"filter_at_threshold_0.5_fixed_50_samples","no_filter","bray_curtis","between_sites_matched_participant_system","S004__Puritan_buffer",0.8112197818418,1,0.8112197818418,0,0
"filter_at_threshold_0.5_fixed_50_samples","no_filter","bray_curtis","between_sites_matched_participant_system","S004__Puritan_gel",0.727493130351722,1,0.727493130351722,0,0
"filter_at_threshold_0.5_fixed_50_samples","no_filter","bray_curtis","between_sites_matched_participant_system","S005__Copan",0.938950634624544,1,0.938950634624544,0,0
"filter_at_threshold_0.5_fixed_50_samples","no_filter","bray_curtis","between_sites_matched_participant_system","S005__Eswab",0.924815243453505,1,0.924815243453505,0,0
"filter_at_threshold_0.5_fixed_50_samples","no_filter","bray_curtis","between_sites_matched_participant_system","S005__Omni",0.927370646113497,1,0.927370646113497,0,0
"filter_at_threshold_0.5_fixed_50_samples","no_filter","bray_curtis","between_sites_matched_participant_system","S005__Puritan_buffer",0.731945761283429,1,0.731945761283429,0,0
"filter_at_threshold_0.5_fixed_50_samples","no_filter","bray_curtis","between_sites_matched_participant_system","S005__Puritan_gel",0.908743900889769,1,0.908743900889769,0,0
"filter_at_threshold_0.5_fixed_50_samples","no_filter","bray_curtis","within_participant_site_between_systems","S001__Antecubital",0.387367658697218,10,0.387367658697218,0,0
"filter_at_threshold_0.5_fixed_50_samples","no_filter","bray_curtis","within_participant_site_between_systems","S001__Forehead",0.0583951941794449,10,0.0583951941794449,0,0
"filter_at_threshold_0.5_fixed_50_samples","no_filter","bray_curtis","within_participant_site_between_systems","S002__Antecubital",0.494123512813118,10,0.494123512813118,0,0
"filter_at_threshold_0.5_fixed_50_samples","no_filter","bray_curtis","within_participant_site_between_systems","S002__Forehead",0.0558191562781083,10,0.0558191562781083,0,0
"filter_at_threshold_0.5_fixed_50_samples","no_filter","bray_curtis","within_participant_site_between_systems","S003__Antecubital",0.527024265873915,10,0.527024265873915,0,0
"filter_at_threshold_0.5_fixed_50_samples","no_filter","bray_curtis","within_participant_site_between_systems","S003__Forehead",0.194851537395492,10,0.194851537395492,0,0
"filter_at_threshold_0.5_fixed_50_samples","no_filter","bray_curtis","within_participant_site_between_systems","S004__Antecubital",0.636139597841796,10,0.636139597841796,0,0
"filter_at_threshold_0.5_fixed_50_samples","no_filter","bray_curtis","within_participant_site_between_systems","S004__Forehead",0.346947588001735,10,0.346947588001735,0,0
"filter_at_threshold_0.5_fixed_50_samples","no_filter","bray_curtis","within_participant_site_between_systems","S005__Antecubital",0.502956750738448,10,0.502956750738448,0,0
"filter_at_threshold_0.5_fixed_50_samples","no_filter","bray_curtis","within_participant_site_between_systems","S005__Forehead",0.588749250604983,10,0.588749250604983,0,0
"filter_at_threshold_0.5_fixed_50_samples","remove_count_le_1","weighted_unifrac","between_participants_matched_site_system","Antecubital__Copan",0.239519023937576,10,0.239581352544714,-6.23286071383955e-05,-0.0260156337195579
"filter_at_threshold_0.5_fixed_50_samples","remove_count_le_1","weighted_unifrac","between_participants_matched_site_system","Antecubital__Eswab",0.079385478313018,10,0.0791862977532136,0.000199180559804418,0.251534123271138
"filter_at_threshold_0.5_fixed_50_samples","remove_count_le_1","weighted_unifrac","between_participants_matched_site_system","Antecubital__Omni",0.131057830097743,10,0.131147153613434,-8.93235156909922e-05,-0.0681093818888971
"filter_at_threshold_0.5_fixed_50_samples","remove_count_le_1","weighted_unifrac","between_participants_matched_site_system","Antecubital__Puritan_buffer",0.139426492981587,10,0.139092594230023,0.000333898751564088,0.24005501760353
"filter_at_threshold_0.5_fixed_50_samples","remove_count_le_1","weighted_unifrac","between_participants_matched_site_system","Antecubital__Puritan_gel",0.102729420186516,10,0.101484839825344,0.00124458036117249,1.22637072031096
"filter_at_threshold_0.5_fixed_50_samples","remove_count_le_1","weighted_unifrac","between_participants_matched_site_system","Forehead__Copan",0.242670773995208,10,0.242758246989669,-8.74729944608243e-05,-0.0360329651188109
"filter_at_threshold_0.5_fixed_50_samples","remove_count_le_1","weighted_unifrac","between_participants_matched_site_system","Forehead__Eswab",0.209649282369125,10,0.209454666732832,0.000194615636293416,0.0929153975555275
"filter_at_threshold_0.5_fixed_50_samples","remove_count_le_1","weighted_unifrac","between_participants_matched_site_system","Forehead__Omni",0.340778866489473,10,0.341078476385675,-0.000299609896201591,-0.0878419240570335
"filter_at_threshold_0.5_fixed_50_samples","remove_count_le_1","weighted_unifrac","between_participants_matched_site_system","Forehead__Puritan_buffer",0.228730745604192,10,0.228702310183219,2.84354209730275e-05,0.0124333772362191
"filter_at_threshold_0.5_fixed_50_samples","remove_count_le_1","weighted_unifrac","between_participants_matched_site_system","Forehead__Puritan_gel",0.197684040280194,10,0.197186716649984,0.000497323630209601,0.252209499026435
"filter_at_threshold_0.5_fixed_50_samples","remove_count_le_1","weighted_unifrac","between_sites_matched_participant_system","S001__Copan",0.118775904402926,1,0.118703586162941,7.23182399847422e-05,0.0609233826225546
"filter_at_threshold_0.5_fixed_50_samples","remove_count_le_1","weighted_unifrac","between_sites_matched_participant_system","S001__Eswab",0.299887163477419,1,0.299698932411088,0.000188231066331479,0.0628067190020178
"filter_at_threshold_0.5_fixed_50_samples","remove_count_le_1","weighted_unifrac","between_sites_matched_participant_system","S001__Omni",0.19604606468503,1,0.196009155711058,3.6908973971489e-05,0.0188302295561629
"filter_at_threshold_0.5_fixed_50_samples","remove_count_le_1","weighted_unifrac","between_sites_matched_participant_system","S001__Puritan_buffer",0.247096492385567,1,0.246854402236843,0.000242090148724727,0.0980700147662166
"filter_at_threshold_0.5_fixed_50_samples","remove_count_le_1","weighted_unifrac","between_sites_matched_participant_system","S001__Puritan_gel",0.352682010803219,1,0.35215402084111,0.000527989962108788,0.149931544398584
"filter_at_threshold_0.5_fixed_50_samples","remove_count_le_1","weighted_unifrac","between_sites_matched_participant_system","S002__Copan",0.108690264243901,1,0.108682096170832,8.16807306837364e-06,0.00751556452825001
"filter_at_threshold_0.5_fixed_50_samples","remove_count_le_1","weighted_unifrac","between_sites_matched_participant_system","S002__Eswab",0.309285468221947,1,0.308844072857493,0.000441395364453923,0.1429185156024
"filter_at_threshold_0.5_fixed_50_samples","remove_count_le_1","weighted_unifrac","between_sites_matched_participant_system","S002__Omni",0.304786638521512,1,0.304787562040176,-9.23518664264211e-07,-0.000303004052423398
"filter_at_threshold_0.5_fixed_50_samples","remove_count_le_1","weighted_unifrac","between_sites_matched_participant_system","S002__Puritan_buffer",0.228699412797518,1,0.228685136308924,1.42764885931457e-05,0.00624285811643655
"filter_at_threshold_0.5_fixed_50_samples","remove_count_le_1","weighted_unifrac","between_sites_matched_participant_system","S002__Puritan_gel",0.200006128019877,1,0.199996186215452,9.94180442490111e-06,0.00497099700400836
"filter_at_threshold_0.5_fixed_50_samples","remove_count_le_1","weighted_unifrac","between_sites_matched_participant_system","S003__Copan",0.0940312356824868,1,0.0939293774927445,0.00010185818974226,0.108441248586075
"filter_at_threshold_0.5_fixed_50_samples","remove_count_le_1","weighted_unifrac","between_sites_matched_participant_system","S003__Eswab",0.0331058336899606,1,0.033090757686952,1.50760030086031e-05,0.0455595582042162
"filter_at_threshold_0.5_fixed_50_samples","remove_count_le_1","weighted_unifrac","between_sites_matched_participant_system","S003__Omni",0.051957398805654,1,0.051978027897432,-2.06290917779961e-05,-0.0396881001693704
"filter_at_threshold_0.5_fixed_50_samples","remove_count_le_1","weighted_unifrac","between_sites_matched_participant_system","S003__Puritan_buffer",0.102038580570296,1,0.101679922060645,0.000358658509651139,0.352732872313989
"filter_at_threshold_0.5_fixed_50_samples","remove_count_le_1","weighted_unifrac","between_sites_matched_participant_system","S003__Puritan_gel",0.109656573040789,1,0.109616644392069,3.99286487197392e-05,0.036425717044325
"filter_at_threshold_0.5_fixed_50_samples","remove_count_le_1","weighted_unifrac","between_sites_matched_participant_system","S004__Copan",0.125657469081067,1,0.124797795372187,0.00085967370888021,0.688853281675679
"filter_at_threshold_0.5_fixed_50_samples","remove_count_le_1","weighted_unifrac","between_sites_matched_participant_system","S004__Eswab",0.358435401749694,1,0.358469203729103,-3.38019794095534e-05,-0.00942953510592161
"filter_at_threshold_0.5_fixed_50_samples","remove_count_le_1","weighted_unifrac","between_sites_matched_participant_system","S004__Omni",0.0852994513533589,1,0.0857068275882549,-0.000407376234895993,-0.475313631783308
"filter_at_threshold_0.5_fixed_50_samples","remove_count_le_1","weighted_unifrac","between_sites_matched_participant_system","S004__Puritan_buffer",0.0883778157769601,1,0.0880329593766089,0.000344856400351159,0.391735553130559
"filter_at_threshold_0.5_fixed_50_samples","remove_count_le_1","weighted_unifrac","between_sites_matched_participant_system","S004__Puritan_gel",0.108907857792741,1,0.10660317710179,0.00230468069095092,2.16192495721803
"filter_at_threshold_0.5_fixed_50_samples","remove_count_le_1","weighted_unifrac","between_sites_matched_participant_system","S005__Copan",0.27249278863966,1,0.272457750137802,3.50385018581534e-05,0.0128601597276759
"filter_at_threshold_0.5_fixed_50_samples","remove_count_le_1","weighted_unifrac","between_sites_matched_participant_system","S005__Eswab",0.177654548702917,1,0.177423306316352,0.000231242386564662,0.130333715093973
"filter_at_threshold_0.5_fixed_50_samples","remove_count_le_1","weighted_unifrac","between_sites_matched_participant_system","S005__Omni",0.374440189438894,1,0.374465208784804,-2.50193459097603e-05,-0.00668135392095619
"filter_at_threshold_0.5_fixed_50_samples","remove_count_le_1","weighted_unifrac","between_sites_matched_participant_system","S005__Puritan_buffer",0.155449269158327,1,0.155374774545272,7.44946130550039e-05,0.04794511417508
"filter_at_threshold_0.5_fixed_50_samples","remove_count_le_1","weighted_unifrac","between_sites_matched_participant_system","S005__Puritan_gel",0.211282295273297,1,0.210795870640518,0.000486424632779037,0.23075624361189
"filter_at_threshold_0.5_fixed_50_samples","remove_count_le_1","weighted_unifrac","within_participant_site_between_systems","S001__Antecubital",0.105850780300333,10,0.105681797465082,0.000168982835250339,0.159897767925618
"filter_at_threshold_0.5_fixed_50_samples","remove_count_le_1","weighted_unifrac","within_participant_site_between_systems","S001__Forehead",0.0255810977932021,10,0.0256329952724605,-5.18974792583955e-05,-0.20246357753654
"filter_at_threshold_0.5_fixed_50_samples","remove_count_le_1","weighted_unifrac","within_participant_site_between_systems","S002__Antecubital",0.0913692675488103,10,0.091121088186019,0.000248179362791298,0.272362158674678
"filter_at_threshold_0.5_fixed_50_samples","remove_count_le_1","weighted_unifrac","within_participant_site_between_systems","S002__Forehead",0.0263371438013125,10,0.0263229730463409,1.41707549716624e-05,0.0538341734678495
"filter_at_threshold_0.5_fixed_50_samples","remove_count_le_1","weighted_unifrac","within_participant_site_between_systems","S003__Antecubital",0.0480158629813048,10,0.0477431268189668,0.000272736162338014,0.571257436430964
"filter_at_threshold_0.5_fixed_50_samples","remove_count_le_1","weighted_unifrac","within_participant_site_between_systems","S003__Forehead",0.0207112688918345,10,0.0207112688918345,0,0
"filter_at_threshold_0.5_fixed_50_samples","remove_count_le_1","weighted_unifrac","within_participant_site_between_systems","S004__Antecubital",0.0229082270305448,10,0.0215023955615367,0.00140583146900811,6.53802254258057
"filter_at_threshold_0.5_fixed_50_samples","remove_count_le_1","weighted_unifrac","within_participant_site_between_systems","S004__Forehead",0.0503881138728981,10,0.0506383486832577,-0.000250234810359629,-0.494160684276741
"filter_at_threshold_0.5_fixed_50_samples","remove_count_le_1","weighted_unifrac","within_participant_site_between_systems","S005__Antecubital",0.0114675433381187,10,0.0113821348481991,8.54084899195515e-05,0.750373203784919
"filter_at_threshold_0.5_fixed_50_samples","remove_count_le_1","weighted_unifrac","within_participant_site_between_systems","S005__Forehead",0.120184639130909,10,0.120062689169092,0.000121949961816983,0.101571906027553
"filter_at_threshold_0.5_fixed_50_samples","remove_count_le_1","unweighted_unifrac","between_participants_matched_site_system","Antecubital__Copan",0.798490178813553,10,0.804813718721013,-0.00632353990745971,-0.785714726323117
"filter_at_threshold_0.5_fixed_50_samples","remove_count_le_1","unweighted_unifrac","between_participants_matched_site_system","Antecubital__Eswab",0.669726281186443,10,0.675235404911876,-0.00550912372543322,-0.815881940632571
"filter_at_threshold_0.5_fixed_50_samples","remove_count_le_1","unweighted_unifrac","between_participants_matched_site_system","Antecubital__Omni",0.720090332182646,10,0.727624151833423,-0.00753381965077726,-1.0353998876747
"filter_at_threshold_0.5_fixed_50_samples","remove_count_le_1","unweighted_unifrac","between_participants_matched_site_system","Antecubital__Puritan_buffer",0.713500210503964,10,0.714539689124599,-0.00103947862063491,-0.145475281003412
"filter_at_threshold_0.5_fixed_50_samples","remove_count_le_1","unweighted_unifrac","between_participants_matched_site_system","Antecubital__Puritan_gel",0.783617371301602,10,0.790441013332816,-0.00682364203121399,-0.863270239792187
"filter_at_threshold_0.5_fixed_50_samples","remove_count_le_1","unweighted_unifrac","between_participants_matched_site_system","Forehead__Copan",0.836915482425042,10,0.837835722438635,-0.000920240013592477,-0.109835375712317
"filter_at_threshold_0.5_fixed_50_samples","remove_count_le_1","unweighted_unifrac","between_participants_matched_site_system","Forehead__Eswab",0.750145898435454,10,0.741779517860757,0.00836638057469719,1.12787969649328
"filter_at_threshold_0.5_fixed_50_samples","remove_count_le_1","unweighted_unifrac","between_participants_matched_site_system","Forehead__Omni",0.65563018490169,10,0.65417040842155,0.00145977648013995,0.223149268347715
"filter_at_threshold_0.5_fixed_50_samples","remove_count_le_1","unweighted_unifrac","between_participants_matched_site_system","Forehead__Puritan_buffer",0.779855222251701,10,0.785781579811412,-0.00592635755971116,-0.75419909450327
"filter_at_threshold_0.5_fixed_50_samples","remove_count_le_1","unweighted_unifrac","between_participants_matched_site_system","Forehead__Puritan_gel",0.723313056690654,10,0.724367460536758,-0.001054403846104,-0.145562011485536
"filter_at_threshold_0.5_fixed_50_samples","remove_count_le_1","unweighted_unifrac","between_sites_matched_participant_system","S001__Copan",0.831892038675998,1,0.830970840721881,0.00092119795411727,0.110858036043359
"filter_at_threshold_0.5_fixed_50_samples","remove_count_le_1","unweighted_unifrac","between_sites_matched_participant_system","S001__Eswab",0.765548457397188,1,0.772177464592795,-0.00662900719560777,-0.858482343706256
"filter_at_threshold_0.5_fixed_50_samples","remove_count_le_1","unweighted_unifrac","between_sites_matched_participant_system","S001__Omni",0.600211836011813,1,0.605767488512561,-0.00555565250074774,-0.917126225177492
"filter_at_threshold_0.5_fixed_50_samples","remove_count_le_1","unweighted_unifrac","between_sites_matched_participant_system","S001__Puritan_buffer",0.656147735123203,1,0.661411920985587,-0.00526418586238431,-0.795901267479426
"filter_at_threshold_0.5_fixed_50_samples","remove_count_le_1","unweighted_unifrac","between_sites_matched_participant_system","S001__Puritan_gel",0.499777487849659,1,0.518207922731548,-0.0184304348818886,-3.55657142112747
"filter_at_threshold_0.5_fixed_50_samples","remove_count_le_1","unweighted_unifrac","between_sites_matched_participant_system","S002__Copan",0.703966022618263,1,0.70497127328793,-0.00100525066966628,-0.142594557786429
"filter_at_threshold_0.5_fixed_50_samples","remove_count_le_1","unweighted_unifrac","between_sites_matched_participant_system","S002__Eswab",0.696756405158765,1,0.692914059519204,0.00384234563956098,0.554519797480671
"filter_at_threshold_0.5_fixed_50_samples","remove_count_le_1","unweighted_unifrac","between_sites_matched_participant_system","S002__Omni",0.706156044344893,1,0.706184702050735,-2.86577058411508e-05,-0.00405810346187476
"filter_at_threshold_0.5_fixed_50_samples","remove_count_le_1","unweighted_unifrac","between_sites_matched_participant_system","S002__Puritan_buffer",0.784087142404748,1,0.790460083375253,-0.00637294097050445,-0.806231852124915
"filter_at_threshold_0.5_fixed_50_samples","remove_count_le_1","unweighted_unifrac","between_sites_matched_participant_system","S002__Puritan_gel",0.691582748265965,1,0.694156178620243,-0.00257343035427793,-0.370727861184362
"filter_at_threshold_0.5_fixed_50_samples","remove_count_le_1","unweighted_unifrac","between_sites_matched_participant_system","S003__Copan",0.837425256507241,1,0.843138688825123,-0.00571343231788202,-0.677638494545119
"filter_at_threshold_0.5_fixed_50_samples","remove_count_le_1","unweighted_unifrac","between_sites_matched_participant_system","S003__Eswab",0.751459505740966,1,0.755360864915162,-0.00390135917419554,-0.516489449666382
"filter_at_threshold_0.5_fixed_50_samples","remove_count_le_1","unweighted_unifrac","between_sites_matched_participant_system","S003__Omni",0.647614291019743,1,0.650728491443368,-0.0031142004236242,-0.478571395685574
"filter_at_threshold_0.5_fixed_50_samples","remove_count_le_1","unweighted_unifrac","between_sites_matched_participant_system","S003__Puritan_buffer",0.67345811655645,1,0.659017265070775,0.0144408514856745,2.19127058592671
"filter_at_threshold_0.5_fixed_50_samples","remove_count_le_1","unweighted_unifrac","between_sites_matched_participant_system","S003__Puritan_gel",0.472634022476838,1,0.472104744874901,0.000529277601936939,0.11211020598346
"filter_at_threshold_0.5_fixed_50_samples","remove_count_le_1","unweighted_unifrac","between_sites_matched_participant_system","S004__Copan",0.754547065536722,1,0.759277670541619,-0.00473060500489642,-0.62304018522261
"filter_at_threshold_0.5_fixed_50_samples","remove_count_le_1","unweighted_unifrac","between_sites_matched_participant_system","S004__Eswab",0.639690710122514,1,0.650421538604602,-0.0107308284820875,-1.64982674237836
"filter_at_threshold_0.5_fixed_50_samples","remove_count_le_1","unweighted_unifrac","between_sites_matched_participant_system","S004__Omni",0.769695704374111,1,0.782748592218883,-0.0130528878447713,-1.66757091287381
"filter_at_threshold_0.5_fixed_50_samples","remove_count_le_1","unweighted_unifrac","between_sites_matched_participant_system","S004__Puritan_buffer",0.791754319595572,1,0.796479178266848,-0.00472485867127626,-0.593218102896001
"filter_at_threshold_0.5_fixed_50_samples","remove_count_le_1","unweighted_unifrac","between_sites_matched_participant_system","S004__Puritan_gel",0.780833861311191,1,0.77925028523167,0.00158357607952042,0.203217901813103
"filter_at_threshold_0.5_fixed_50_samples","remove_count_le_1","unweighted_unifrac","between_sites_matched_participant_system","S005__Copan",0.733883481874508,1,0.733764422909824,0.000119058964684005,0.016225775053506
"filter_at_threshold_0.5_fixed_50_samples","remove_count_le_1","unweighted_unifrac","between_sites_matched_participant_system","S005__Eswab",0.644510362530347,1,0.62310567501401,0.0214046875163372,3.43516170284533
"filter_at_threshold_0.5_fixed_50_samples","remove_count_le_1","unweighted_unifrac","between_sites_matched_participant_system","S005__Omni",0.760605778216328,1,0.777072913536115,-0.0164671353197873,-2.11912357681503
"filter_at_threshold_0.5_fixed_50_samples","remove_count_le_1","unweighted_unifrac","between_sites_matched_participant_system","S005__Puritan_buffer",0.660190335091075,1,0.672264099549332,-0.0120737644582573,-1.79598530790967
"filter_at_threshold_0.5_fixed_50_samples","remove_count_le_1","unweighted_unifrac","between_sites_matched_participant_system","S005__Puritan_gel",0.787954145097788,1,0.785295900952094,0.00265824414569471,0.338502231129928
"filter_at_threshold_0.5_fixed_50_samples","remove_count_le_1","unweighted_unifrac","within_participant_site_between_systems","S001__Antecubital",0.526406648611188,10,0.543605414769881,-0.0171987661586925,-3.1638327528384
"filter_at_threshold_0.5_fixed_50_samples","remove_count_le_1","unweighted_unifrac","within_participant_site_between_systems","S001__Forehead",0.643771920436635,10,0.654117643849617,-0.0103457234129825,-1.58163038564374
"filter_at_threshold_0.5_fixed_50_samples","remove_count_le_1","unweighted_unifrac","within_participant_site_between_systems","S002__Antecubital",0.673729995380097,10,0.673076973349345,0.000653022030752126,0.0970204087509602
"filter_at_threshold_0.5_fixed_50_samples","remove_count_le_1","unweighted_unifrac","within_participant_site_between_systems","S002__Forehead",0.483429876593413,10,0.473674855219026,0.00975502137438766,2.05943407527448
"filter_at_threshold_0.5_fixed_50_samples","remove_count_le_1","unweighted_unifrac","within_participant_site_between_systems","S003__Antecubital",0.640586001118514,10,0.645036569174674,-0.00445056805616062,-0.689971432449967
"filter_at_threshold_0.5_fixed_50_samples","remove_count_le_1","unweighted_unifrac","within_participant_site_between_systems","S003__Forehead",0.438001236330444,10,0.466086504989193,-0.0280852686587489,-6.02576310579945
"filter_at_threshold_0.5_fixed_50_samples","remove_count_le_1","unweighted_unifrac","within_participant_site_between_systems","S004__Antecubital",0.708868442887293,10,0.710932441137895,-0.00206399825060177,-0.29032269891893
"filter_at_threshold_0.5_fixed_50_samples","remove_count_le_1","unweighted_unifrac","within_participant_site_between_systems","S004__Forehead",0.741461296745837,10,0.744791114757825,-0.00332981801198806,-0.447080791648646
"filter_at_threshold_0.5_fixed_50_samples","remove_count_le_1","unweighted_unifrac","within_participant_site_between_systems","S005__Antecubital",0.609202543029776,10,0.622444776563758,-0.0132422335339818,-2.12745516270316
"filter_at_threshold_0.5_fixed_50_samples","remove_count_le_1","unweighted_unifrac","within_participant_site_between_systems","S005__Forehead",0.725938177665142,10,0.719609578696263,0.00632859896887972,0.879448961803069
"filter_at_threshold_0.5_fixed_50_samples","remove_count_le_1","bray_curtis","between_participants_matched_site_system","Antecubital__Copan",0.893298170697064,10,0.89331157403481,-1.34033377452436e-05,-0.00150041017432528
"filter_at_threshold_0.5_fixed_50_samples","remove_count_le_1","bray_curtis","between_participants_matched_site_system","Antecubital__Eswab",0.861213491352279,10,0.861243017812304,-2.95264600249645e-05,-0.00342835406665664
"filter_at_threshold_0.5_fixed_50_samples","remove_count_le_1","bray_curtis","between_participants_matched_site_system","Antecubital__Omni",0.881623275677075,10,0.881642606530765,-1.93308536904357e-05,-0.00219259522478185
"filter_at_threshold_0.5_fixed_50_samples","remove_count_le_1","bray_curtis","between_participants_matched_site_system","Antecubital__Puritan_buffer",0.931440675192794,10,0.93145395026805,-1.32750752557254e-05,-0.00142519930823259
"filter_at_threshold_0.5_fixed_50_samples","remove_count_le_1","bray_curtis","between_participants_matched_site_system","Antecubital__Puritan_gel",0.88425977758381,10,0.88425977758381,0,0
"filter_at_threshold_0.5_fixed_50_samples","remove_count_le_1","bray_curtis","between_participants_matched_site_system","Forehead__Copan",0.717561044940791,10,0.717624907808867,-6.38628680764697e-05,-0.00889919892433262
"filter_at_threshold_0.5_fixed_50_samples","remove_count_le_1","bray_curtis","between_participants_matched_site_system","Forehead__Eswab",0.640467183136183,10,0.640467183136183,0,0
"filter_at_threshold_0.5_fixed_50_samples","remove_count_le_1","bray_curtis","between_participants_matched_site_system","Forehead__Omni",0.802248505479517,10,0.802277920118609,-2.94146390921179e-05,-0.00366639020649718
"filter_at_threshold_0.5_fixed_50_samples","remove_count_le_1","bray_curtis","between_participants_matched_site_system","Forehead__Puritan_buffer",0.795100260093325,10,0.795155300014195,-5.50399208693042e-05,-0.00692190832008812
"filter_at_threshold_0.5_fixed_50_samples","remove_count_le_1","bray_curtis","between_participants_matched_site_system","Forehead__Puritan_gel",0.747114421896681,10,0.747149804157363,-3.53822606821153e-05,-0.00473563139349537
"filter_at_threshold_0.5_fixed_50_samples","remove_count_le_1","bray_curtis","between_sites_matched_participant_system","S001__Copan",0.261729148251598,1,0.261729148251598,0,0
"filter_at_threshold_0.5_fixed_50_samples","remove_count_le_1","bray_curtis","between_sites_matched_participant_system","S001__Eswab",0.632711468833677,1,0.632731439562847,-1.99707291698159e-05,-0.0031562726175917
"filter_at_threshold_0.5_fixed_50_samples","remove_count_le_1","bray_curtis","between_sites_matched_participant_system","S001__Omni",0.424661430431868,1,0.424761419789743,-9.9989357875585e-05,-0.0235401223409319
"filter_at_threshold_0.5_fixed_50_samples","remove_count_le_1","bray_curtis","between_sites_matched_participant_system","S001__Puritan_buffer",0.526830438415616,1,0.526974958114492,-0.000144519698876522,-0.0274243959131589
"filter_at_threshold_0.5_fixed_50_samples","remove_count_le_1","bray_curtis","between_sites_matched_participant_system","S001__Puritan_gel",0.729277530177928,1,0.729343199357509,-6.56691795815068e-05,-0.0090038790571237
"filter_at_threshold_0.5_fixed_50_samples","remove_count_le_1","bray_curtis","between_sites_matched_participant_system","S002__Copan",0.239800095317249,1,0.239831571353836,-3.14760365862088e-05,-0.0131242256424074
"filter_at_threshold_0.5_fixed_50_samples","remove_count_le_1","bray_curtis","between_sites_matched_participant_system","S002__Eswab",0.630855748072103,1,0.630901013616762,-4.52655446596673e-05,-0.00717474590826439
"filter_at_threshold_0.5_fixed_50_samples","remove_count_le_1","bray_curtis","between_sites_matched_participant_system","S002__Omni",0.675077273779915,1,0.675077273779915,0,0
"filter_at_threshold_0.5_fixed_50_samples","remove_count_le_1","bray_curtis","between_sites_matched_participant_system","S002__Puritan_buffer",0.486919096121596,1,0.486984763382006,-6.56672604103514e-05,-0.013484458929332
"filter_at_threshold_0.5_fixed_50_samples","remove_count_le_1","bray_curtis","between_sites_matched_participant_system","S002__Puritan_gel",0.438036249926029,1,0.438038095099832,-1.84517380308336e-06,-0.000421235920739457
"filter_at_threshold_0.5_fixed_50_samples","remove_count_le_1","bray_curtis","between_sites_matched_participant_system","S003__Copan",0.879947412784815,1,0.879950353601815,-2.94081700058513e-06,-0.000334202604561469
"filter_at_threshold_0.5_fixed_50_samples","remove_count_le_1","bray_curtis","between_sites_matched_participant_system","S003__Eswab",0.688275583377633,1,0.688377161579588,-0.000101578201954777,-0.0147561842001978
"filter_at_threshold_0.5_fixed_50_samples","remove_count_le_1","bray_curtis","between_sites_matched_participant_system","S003__Omni",0.904267205441914,1,0.904267205441914,0,0
"filter_at_threshold_0.5_fixed_50_samples","remove_count_le_1","bray_curtis","between_sites_matched_participant_system","S003__Puritan_buffer",0.996435515230071,1,0.996435515230071,0,0
"filter_at_threshold_0.5_fixed_50_samples","remove_count_le_1","bray_curtis","between_sites_matched_participant_system","S003__Puritan_gel",0.99126782358793,1,0.99126782358793,0,0
"filter_at_threshold_0.5_fixed_50_samples","remove_count_le_1","bray_curtis","between_sites_matched_participant_system","S004__Copan",0.670313887683433,1,0.670373629056129,-5.97413726957097e-05,-0.00891165315971993
"filter_at_threshold_0.5_fixed_50_samples","remove_count_le_1","bray_curtis","between_sites_matched_participant_system","S004__Eswab",0.848077601164547,1,0.848088224954515,-1.06237899673012e-05,-0.00125267509378178
"filter_at_threshold_0.5_fixed_50_samples","remove_count_le_1","bray_curtis","between_sites_matched_participant_system","S004__Omni",0.648657296158211,1,0.648742195294266,-8.48991360551388e-05,-0.0130867294698827
"filter_at_threshold_0.5_fixed_50_samples","remove_count_le_1","bray_curtis","between_sites_matched_participant_system","S004__Puritan_buffer",0.811188083562906,1,0.8112197818418,-3.16982788940434e-05,-0.0039074834716278
"filter_at_threshold_0.5_fixed_50_samples","remove_count_le_1","bray_curtis","between_sites_matched_participant_system","S004__Puritan_gel",0.727480713023101,1,0.727493130351722,-1.24173286212281e-05,-0.00170686541262936
"filter_at_threshold_0.5_fixed_50_samples","remove_count_le_1","bray_curtis","between_sites_matched_participant_system","S005__Copan",0.938950634624544,1,0.938950634624544,0,0
"filter_at_threshold_0.5_fixed_50_samples","remove_count_le_1","bray_curtis","between_sites_matched_participant_system","S005__Eswab",0.924811724030648,1,0.924815243453505,-3.51942285659046e-06,-0.000380554157330712
"filter_at_threshold_0.5_fixed_50_samples","remove_count_le_1","bray_curtis","between_sites_matched_participant_system","S005__Omni",0.927363293431458,1,0.927370646113497,-7.35268203944095e-06,-0.000792852574130439
"filter_at_threshold_0.5_fixed_50_samples","remove_count_le_1","bray_curtis","between_sites_matched_participant_system","S005__Puritan_buffer",0.73192487748604,1,0.731945761283429,-2.08837973894038e-05,-0.00285318919707728
"filter_at_threshold_0.5_fixed_50_samples","remove_count_le_1","bray_curtis","between_sites_matched_participant_system","S005__Puritan_gel",0.908729192161178,1,0.908743900889769,-1.47087285916614e-05,-0.00161857797089585
"filter_at_threshold_0.5_fixed_50_samples","remove_count_le_1","bray_curtis","within_participant_site_between_systems","S001__Antecubital",0.38720200756735,10,0.387367658697218,-0.000165651129867994,-0.0427632834463017
"filter_at_threshold_0.5_fixed_50_samples","remove_count_le_1","bray_curtis","within_participant_site_between_systems","S001__Forehead",0.0582875871939373,10,0.0583951941794449,-0.000107606985507568,-0.184273700977683
"filter_at_threshold_0.5_fixed_50_samples","remove_count_le_1","bray_curtis","within_participant_site_between_systems","S002__Antecubital",0.494062286874514,10,0.494123512813118,-6.12259386048586e-05,-0.0123908166717852
"filter_at_threshold_0.5_fixed_50_samples","remove_count_le_1","bray_curtis","within_participant_site_between_systems","S002__Forehead",0.0558191562781083,10,0.0558191562781083,0,0
"filter_at_threshold_0.5_fixed_50_samples","remove_count_le_1","bray_curtis","within_participant_site_between_systems","S003__Antecubital",0.526943033933711,10,0.527024265873915,-8.12319402042627e-05,-0.0154133206882919
"filter_at_threshold_0.5_fixed_50_samples","remove_count_le_1","bray_curtis","within_participant_site_between_systems","S003__Forehead",0.194851537395492,10,0.194851537395492,0,0
"filter_at_threshold_0.5_fixed_50_samples","remove_count_le_1","bray_curtis","within_participant_site_between_systems","S004__Antecubital",0.636104704812542,10,0.636139597841796,-3.48930292536354e-05,-0.00548512140605859
"filter_at_threshold_0.5_fixed_50_samples","remove_count_le_1","bray_curtis","within_participant_site_between_systems","S004__Forehead",0.346804200519406,10,0.346947588001735,-0.000143387482328783,-0.0413282833740484
"filter_at_threshold_0.5_fixed_50_samples","remove_count_le_1","bray_curtis","within_participant_site_between_systems","S005__Antecubital",0.502918309913872,10,0.502956750738448,-3.84408245768242e-05,-0.00764296821155791
"filter_at_threshold_0.5_fixed_50_samples","remove_count_le_1","bray_curtis","within_participant_site_between_systems","S005__Forehead",0.588745442317869,10,0.588749250604983,-3.80828711399328e-06,-0.000646843645249652
"filter_at_threshold_0.5_fixed_50_samples","remove_count_le_2","weighted_unifrac","between_participants_matched_site_system","Antecubital__Copan",0.174829680516139,10,0.239581352544714,-0.0647516720285751,-27.0270082962697
"filter_at_threshold_0.5_fixed_50_samples","remove_count_le_2","weighted_unifrac","between_participants_matched_site_system","Antecubital__Eswab",0.0789448373690693,10,0.0791862977532136,-0.000241460384144285,-0.304926977261651
"filter_at_threshold_0.5_fixed_50_samples","remove_count_le_2","weighted_unifrac","between_participants_matched_site_system","Antecubital__Omni",0.122052130086582,10,0.131147153613434,-0.00909502352685143,-6.93497592304573
"filter_at_threshold_0.5_fixed_50_samples","remove_count_le_2","weighted_unifrac","between_participants_matched_site_system","Antecubital__Puritan_buffer",0.134681043723273,10,0.139092594230023,-0.00441155050674999,-3.17166455279024
"filter_at_threshold_0.5_fixed_50_samples","remove_count_le_2","weighted_unifrac","between_participants_matched_site_system","Antecubital__Puritan_gel",0.109468294299404,10,0.101484839825344,0.00798345447406058,7.86664736112328
"filter_at_threshold_0.5_fixed_50_samples","remove_count_le_2","weighted_unifrac","between_participants_matched_site_system","Forehead__Copan",0.20218367451317,10,0.242758246989669,-0.0405745724764988,-16.7139831415184
"filter_at_threshold_0.5_fixed_50_samples","remove_count_le_2","weighted_unifrac","between_participants_matched_site_system","Forehead__Eswab",0.188767640523493,10,0.209454666732832,-0.020687026209339,-9.87661269716478
"filter_at_threshold_0.5_fixed_50_samples","remove_count_le_2","weighted_unifrac","between_participants_matched_site_system","Forehead__Omni",0.246637203753351,10,0.341078476385675,-0.0944412726323234,-27.6890156286302
"filter_at_threshold_0.5_fixed_50_samples","remove_count_le_2","weighted_unifrac","between_participants_matched_site_system","Forehead__Puritan_buffer",0.193516533976909,10,0.228702310183219,-0.03518577620631,-15.3849675493535
"filter_at_threshold_0.5_fixed_50_samples","remove_count_le_2","weighted_unifrac","between_participants_matched_site_system","Forehead__Puritan_gel",0.165776211218391,10,0.197186716649984,-0.0314105054315928,-15.9293211861466
"filter_at_threshold_0.5_fixed_50_samples","remove_count_le_2","weighted_unifrac","between_sites_matched_participant_system","S001__Copan",0.119662684323142,1,0.118703586162941,0.000959098160200955,0.807977409279303
"filter_at_threshold_0.5_fixed_50_samples","remove_count_le_2","weighted_unifrac","between_sites_matched_participant_system","S001__Eswab",0.289231717719931,1,0.299698932411088,-0.0104672146911564,-3.4925765690746
"filter_at_threshold_0.5_fixed_50_samples","remove_count_le_2","weighted_unifrac","between_sites_matched_participant_system","S001__Omni",0.177981687863604,1,0.196009155711058,-0.0180274678474545,-9.19725804749103
"filter_at_threshold_0.5_fixed_50_samples","remove_count_le_2","weighted_unifrac","between_sites_matched_participant_system","S001__Puritan_buffer",0.231251536354863,1,0.246854402236843,-0.0156028658819801,-6.32067556446089
"filter_at_threshold_0.5_fixed_50_samples","remove_count_le_2","weighted_unifrac","between_sites_matched_participant_system","S001__Puritan_gel",0.341311107051015,1,0.35215402084111,-0.010842913790095,-3.0790259796543
"filter_at_threshold_0.5_fixed_50_samples","remove_count_le_2","weighted_unifrac","between_sites_matched_participant_system","S002__Copan",0.106538105222704,1,0.108682096170832,-0.00214399094812813,-1.97271770021632
"filter_at_threshold_0.5_fixed_50_samples","remove_count_le_2","weighted_unifrac","between_sites_matched_participant_system","S002__Eswab",0.290398861853526,1,0.308844072857493,-0.0184452110039669,-5.97233770209924
"filter_at_threshold_0.5_fixed_50_samples","remove_count_le_2","weighted_unifrac","between_sites_matched_participant_system","S002__Omni",0.30150508852896,1,0.304787562040176,-0.00328247351121635,-1.07697095289724
"filter_at_threshold_0.5_fixed_50_samples","remove_count_le_2","weighted_unifrac","between_sites_matched_participant_system","S002__Puritan_buffer",0.240459438982128,1,0.228685136308924,0.0117743026732034,5.14869609072356
"filter_at_threshold_0.5_fixed_50_samples","remove_count_le_2","weighted_unifrac","between_sites_matched_participant_system","S002__Puritan_gel",0.193100338308285,1,0.199996186215452,-0.00689584790716699,-3.44798970303275
"filter_at_threshold_0.5_fixed_50_samples","remove_count_le_2","weighted_unifrac","between_sites_matched_participant_system","S003__Copan",0.0937681239152177,1,0.0939293774927445,-0.000161253577526818,-0.171675339314661
"filter_at_threshold_0.5_fixed_50_samples","remove_count_le_2","weighted_unifrac","between_sites_matched_participant_system","S003__Eswab",0.0424278849561665,1,0.033090757686952,0.00933712726921446,28.2167224986092
"filter_at_threshold_0.5_fixed_50_samples","remove_count_le_2","weighted_unifrac","between_sites_matched_participant_system","S003__Omni",0.0636537101491053,1,0.051978027897432,0.0116756822516733,22.4627265095799
"filter_at_threshold_0.5_fixed_50_samples","remove_count_le_2","weighted_unifrac","between_sites_matched_participant_system","S003__Puritan_buffer",0.103312221539989,1,0.101679922060645,0.00163229947934396,1.60533116692438
"filter_at_threshold_0.5_fixed_50_samples","remove_count_le_2","weighted_unifrac","between_sites_matched_participant_system","S003__Puritan_gel",0.0895218169199018,1,0.109616644392069,-0.0200948274721676,-18.3319126247778
"filter_at_threshold_0.5_fixed_50_samples","remove_count_le_2","weighted_unifrac","between_sites_matched_participant_system","S004__Copan",0.137920285872336,1,0.124797795372187,0.013122490500149,10.5150018564139
"filter_at_threshold_0.5_fixed_50_samples","remove_count_le_2","weighted_unifrac","between_sites_matched_participant_system","S004__Eswab",0.333550136510643,1,0.358469203729103,-0.0249190672184601,-6.95152246252416
"filter_at_threshold_0.5_fixed_50_samples","remove_count_le_2","weighted_unifrac","between_sites_matched_participant_system","S004__Omni",0.102307159598909,1,0.0857068275882549,0.0166003320106545,19.368739314917
"filter_at_threshold_0.5_fixed_50_samples","remove_count_le_2","weighted_unifrac","between_sites_matched_participant_system","S004__Puritan_buffer",0.110374113113272,1,0.0880329593766089,0.0223411537366635,25.3781696024633
"filter_at_threshold_0.5_fixed_50_samples","remove_count_le_2","weighted_unifrac","between_sites_matched_participant_system","S004__Puritan_gel",0.133608975886847,1,0.10660317710179,0.0270057987850577,25.3330149431393
"filter_at_threshold_0.5_fixed_50_samples","remove_count_le_2","weighted_unifrac","between_sites_matched_participant_system","S005__Copan",0.17555535074774,1,0.272457750137802,-0.0969023993900616,-35.5660278854432
"filter_at_threshold_0.5_fixed_50_samples","remove_count_le_2","weighted_unifrac","between_sites_matched_participant_system","S005__Eswab",0.117381940475877,1,0.177423306316352,-0.0600413658404756,-33.840743410237
"filter_at_threshold_0.5_fixed_50_samples","remove_count_le_2","weighted_unifrac","between_sites_matched_participant_system","S005__Omni",0.289284272177474,1,0.374465208784804,-0.0851809366073307,-22.7473566593157
"filter_at_threshold_0.5_fixed_50_samples","remove_count_le_2","weighted_unifrac","between_sites_matched_participant_system","S005__Puritan_buffer",0.102011916181453,1,0.155374774545272,-0.0533628583638192,-34.3446087178524
"filter_at_threshold_0.5_fixed_50_samples","remove_count_le_2","weighted_unifrac","between_sites_matched_participant_system","S005__Puritan_gel",0.14180646648995,1,0.210795870640518,-0.0689894041505675,-32.7280624335469
"filter_at_threshold_0.5_fixed_50_samples","remove_count_le_2","weighted_unifrac","within_participant_site_between_systems","S001__Antecubital",0.0969212617343409,10,0.105681797465082,-0.00876053573074158,-8.28954081107116
"filter_at_threshold_0.5_fixed_50_samples","remove_count_le_2","weighted_unifrac","within_participant_site_between_systems","S001__Forehead",0.0256580665786267,10,0.0256329952724605,2.50713061662605e-05,0.0978087262131109
"filter_at_threshold_0.5_fixed_50_samples","remove_count_le_2","weighted_unifrac","within_participant_site_between_systems","S002__Antecubital",0.102157260112199,10,0.091121088186019,0.0110361719261804,12.1115453578107
"filter_at_threshold_0.5_fixed_50_samples","remove_count_le_2","weighted_unifrac","within_participant_site_between_systems","S002__Forehead",0.0289467034120373,10,0.0263229730463409,0.00262373036569642,9.96745451616506
"filter_at_threshold_0.5_fixed_50_samples","remove_count_le_2","weighted_unifrac","within_participant_site_between_systems","S003__Antecubital",0.0803718686327811,10,0.0477431268189668,0.0326287418138143,68.3422808429295
"filter_at_threshold_0.5_fixed_50_samples","remove_count_le_2","weighted_unifrac","within_participant_site_between_systems","S003__Forehead",0.0126168171475345,10,0.0207112688918345,-0.00809445174429999,-39.0823555358854
"filter_at_threshold_0.5_fixed_50_samples","remove_count_le_2","weighted_unifrac","within_participant_site_between_systems","S004__Antecubital",0.0494830980566365,10,0.0215023955615367,0.0279807024950998,130.128303216371
"filter_at_threshold_0.5_fixed_50_samples","remove_count_le_2","weighted_unifrac","within_participant_site_between_systems","S004__Forehead",0.0682358399461061,10,0.0506383486832577,0.0175974912628484,34.7513134224034
"filter_at_threshold_0.5_fixed_50_samples","remove_count_le_2","weighted_unifrac","within_participant_site_between_systems","S005__Antecubital",0.0108252153711729,10,0.0113821348481991,-0.000556919477026269,-4.89292636622017
"filter_at_threshold_0.5_fixed_50_samples","remove_count_le_2","weighted_unifrac","within_participant_site_between_systems","S005__Forehead",0.116057499384368,10,0.120062689169092,-0.00400518978472407,-3.33591543921135
"filter_at_threshold_0.5_fixed_50_samples","remove_count_le_2","unweighted_unifrac","between_participants_matched_site_system","Antecubital__Copan",0.862173010199175,10,0.804813718721013,0.0573592914781624,7.12702705531862
"filter_at_threshold_0.5_fixed_50_samples","remove_count_le_2","unweighted_unifrac","between_participants_matched_site_system","Antecubital__Eswab",0.740383244330629,10,0.675235404911876,0.0651478394187528,9.64816698663115
"filter_at_threshold_0.5_fixed_50_samples","remove_count_le_2","unweighted_unifrac","between_participants_matched_site_system","Antecubital__Omni",0.778555803334876,10,0.727624151833423,0.0509316515014525,6.99971975546964
"filter_at_threshold_0.5_fixed_50_samples","remove_count_le_2","unweighted_unifrac","between_participants_matched_site_system","Antecubital__Puritan_buffer",0.782921862497722,10,0.714539689124599,0.0683821733731228,9.57010148126265
"filter_at_threshold_0.5_fixed_50_samples","remove_count_le_2","unweighted_unifrac","between_participants_matched_site_system","Antecubital__Puritan_gel",0.859878902374105,10,0.790441013332816,0.069437889041289,8.78470219409682
"filter_at_threshold_0.5_fixed_50_samples","remove_count_le_2","unweighted_unifrac","between_participants_matched_site_system","Forehead__Copan",0.851239892010252,10,0.837835722438635,0.0134041695716174,1.59985653662543
"filter_at_threshold_0.5_fixed_50_samples","remove_count_le_2","unweighted_unifrac","between_participants_matched_site_system","Forehead__Eswab",0.889318842998975,10,0.741779517860757,0.147539325138218,19.8899162872159
"filter_at_threshold_0.5_fixed_50_samples","remove_count_le_2","unweighted_unifrac","between_participants_matched_site_system","Forehead__Omni",0.844430963879036,10,0.65417040842155,0.190260555457486,29.0842497624687
"filter_at_threshold_0.5_fixed_50_samples","remove_count_le_2","unweighted_unifrac","between_participants_matched_site_system","Forehead__Puritan_buffer",0.864883718045794,10,0.785781579811412,0.0791021382343821,10.0666826846929
"filter_at_threshold_0.5_fixed_50_samples","remove_count_le_2","unweighted_unifrac","between_participants_matched_site_system","Forehead__Puritan_gel",0.862452149814187,10,0.724367460536758,0.138084689277429,19.0627957218161
"filter_at_threshold_0.5_fixed_50_samples","remove_count_le_2","unweighted_unifrac","between_sites_matched_participant_system","S001__Copan",0.455883795789799,1,0.830970840721881,-0.375087044932082,-45.1384123907689
"filter_at_threshold_0.5_fixed_50_samples","remove_count_le_2","unweighted_unifrac","between_sites_matched_participant_system","S001__Eswab",0.88111908618254,1,0.772177464592795,0.108941621589745,14.1083658336487
"filter_at_threshold_0.5_fixed_50_samples","remove_count_le_2","unweighted_unifrac","between_sites_matched_participant_system","S001__Omni",0.694484987369421,1,0.605767488512561,0.0887174988568604,14.6454705046491
"filter_at_threshold_0.5_fixed_50_samples","remove_count_le_2","unweighted_unifrac","between_sites_matched_participant_system","S001__Puritan_buffer",0.740175718571463,1,0.661411920985587,0.0787637975858757,11.9084333207221
"filter_at_threshold_0.5_fixed_50_samples","remove_count_le_2","unweighted_unifrac","between_sites_matched_participant_system","S001__Puritan_gel",0.5241245512607,1,0.518207922731548,0.00591662852915265,1.14174798755782
"filter_at_threshold_0.5_fixed_50_samples","remove_count_le_2","unweighted_unifrac","between_sites_matched_participant_system","S002__Copan",0.765839965645336,1,0.70497127328793,0.0608686923574068,8.63420889102616
"filter_at_threshold_0.5_fixed_50_samples","remove_count_le_2","unweighted_unifrac","between_sites_matched_participant_system","S002__Eswab",0.860589028384791,1,0.692914059519204,0.167674968865587,24.1985231158294
"filter_at_threshold_0.5_fixed_50_samples","remove_count_le_2","unweighted_unifrac","between_sites_matched_participant_system","S002__Omni",0.796807129348962,1,0.706184702050735,0.0906224272982276,12.8326806053803
"filter_at_threshold_0.5_fixed_50_samples","remove_count_le_2","unweighted_unifrac","between_sites_matched_participant_system","S002__Puritan_buffer",0.872863667472425,1,0.790460083375253,0.0824035840971723,10.4247622151027
"filter_at_threshold_0.5_fixed_50_samples","remove_count_le_2","unweighted_unifrac","between_sites_matched_participant_system","S002__Puritan_gel",0.776776584683846,1,0.694156178620243,0.0826204060636032,11.9022791424007
"filter_at_threshold_0.5_fixed_50_samples","remove_count_le_2","unweighted_unifrac","between_sites_matched_participant_system","S003__Copan",0.925800585127719,1,0.843138688825123,0.0826618963025968,9.80406870164891
"filter_at_threshold_0.5_fixed_50_samples","remove_count_le_2","unweighted_unifrac","between_sites_matched_participant_system","S003__Eswab",0.850815075759883,1,0.755360864915162,0.0954542108447207,12.6369018145309
"filter_at_threshold_0.5_fixed_50_samples","remove_count_le_2","unweighted_unifrac","between_sites_matched_participant_system","S003__Omni",0.738819203494844,1,0.650728491443368,0.0880907120514761,13.5372452889044
"filter_at_threshold_0.5_fixed_50_samples","remove_count_le_2","unweighted_unifrac","between_sites_matched_participant_system","S003__Puritan_buffer",0.870322437991452,1,0.659017265070775,0.211305172920677,32.0636778610017
"filter_at_threshold_0.5_fixed_50_samples","remove_count_le_2","unweighted_unifrac","between_sites_matched_participant_system","S003__Puritan_gel",0.73524768495195,1,0.472104744874901,0.263142940077049,55.7382536256391
"filter_at_threshold_0.5_fixed_50_samples","remove_count_le_2","unweighted_unifrac","between_sites_matched_participant_system","S004__Copan",0.776360587271398,1,0.759277670541619,0.0170829167297792,2.24989057265353
"filter_at_threshold_0.5_fixed_50_samples","remove_count_le_2","unweighted_unifrac","between_sites_matched_participant_system","S004__Eswab",0.670186499392483,1,0.650421538604602,0.0197649607878811,3.03879247761143
"filter_at_threshold_0.5_fixed_50_samples","remove_count_le_2","unweighted_unifrac","between_sites_matched_participant_system","S004__Omni",0.800950060889977,1,0.782748592218883,0.0182014686710944,2.32532755114872
"filter_at_threshold_0.5_fixed_50_samples","remove_count_le_2","unweighted_unifrac","between_sites_matched_participant_system","S004__Puritan_buffer",0.810991472623437,1,0.796479178266848,0.014512294356589,1.82205571125763
"filter_at_threshold_0.5_fixed_50_samples","remove_count_le_2","unweighted_unifrac","between_sites_matched_participant_system","S004__Puritan_gel",0.806886942169113,1,0.77925028523167,0.0276366569374427,3.54657001238393
"filter_at_threshold_0.5_fixed_50_samples","remove_count_le_2","unweighted_unifrac","between_sites_matched_participant_system","S005__Copan",0.859970448269585,1,0.733764422909824,0.126206025359761,17.1998016555882
"filter_at_threshold_0.5_fixed_50_samples","remove_count_le_2","unweighted_unifrac","between_sites_matched_participant_system","S005__Eswab",0.716860653217958,1,0.62310567501401,0.0937549782039484,15.0464009498614
"filter_at_threshold_0.5_fixed_50_samples","remove_count_le_2","unweighted_unifrac","between_sites_matched_participant_system","S005__Omni",0.887882769724296,1,0.777072913536115,0.110809856188181,14.259904605854
"filter_at_threshold_0.5_fixed_50_samples","remove_count_le_2","unweighted_unifrac","between_sites_matched_participant_system","S005__Puritan_buffer",0.733579790014252,1,0.672264099549332,0.0613156904649204,9.1207741877076
"filter_at_threshold_0.5_fixed_50_samples","remove_count_le_2","unweighted_unifrac","between_sites_matched_participant_system","S005__Puritan_gel",0.911979401065965,1,0.785295900952094,0.126683500113871,16.1319446542737
"filter_at_threshold_0.5_fixed_50_samples","remove_count_le_2","unweighted_unifrac","within_participant_site_between_systems","S001__Antecubital",0.585514983763288,10,0.543605414769881,0.0419095689934075,7.70955694235471
"filter_at_threshold_0.5_fixed_50_samples","remove_count_le_2","unweighted_unifrac","within_participant_site_between_systems","S001__Forehead",0.514604666255865,10,0.654117643849617,-0.139512977593752,-21.3284229382179
"filter_at_threshold_0.5_fixed_50_samples","remove_count_le_2","unweighted_unifrac","within_participant_site_between_systems","S002__Antecubital",0.735088571066359,10,0.673076973349345,0.0620115977170137,9.21315097267902
"filter_at_threshold_0.5_fixed_50_samples","remove_count_le_2","unweighted_unifrac","within_participant_site_between_systems","S002__Forehead",0.717993693960168,10,0.473674855219026,0.244318838741143,51.5794402107687
"filter_at_threshold_0.5_fixed_50_samples","remove_count_le_2","unweighted_unifrac","within_participant_site_between_systems","S003__Antecubital",0.691042230941013,10,0.645036569174674,0.0460056617663391,7.13225636574427
"filter_at_threshold_0.5_fixed_50_samples","remove_count_le_2","unweighted_unifrac","within_participant_site_between_systems","S003__Forehead",0.678359483325856,10,0.466086504989193,0.212272978336663,45.5436868616448
"filter_at_threshold_0.5_fixed_50_samples","remove_count_le_2","unweighted_unifrac","within_participant_site_between_systems","S004__Antecubital",0.722678008362452,10,0.710932441137895,0.0117455672245577,1.65213549767937
"filter_at_threshold_0.5_fixed_50_samples","remove_count_le_2","unweighted_unifrac","within_participant_site_between_systems","S004__Forehead",0.773549866381859,10,0.744791114757825,0.0287587516240332,3.8613177646976
"filter_at_threshold_0.5_fixed_50_samples","remove_count_le_2","unweighted_unifrac","within_participant_site_between_systems","S005__Antecubital",0.753094814087739,10,0.622444776563758,0.130650037523981,20.9898198913713
"filter_at_threshold_0.5_fixed_50_samples","remove_count_le_2","unweighted_unifrac","within_participant_site_between_systems","S005__Forehead",0.788313271848583,10,0.719609578696263,0.0687036931523199,9.54735667593425
"filter_at_threshold_0.5_fixed_50_samples","remove_count_le_2","bray_curtis","between_participants_matched_site_system","Antecubital__Copan",0.893261045019733,10,0.89331157403481,-5.052901507685e-05,-0.00565637080561111
"filter_at_threshold_0.5_fixed_50_samples","remove_count_le_2","bray_curtis","between_participants_matched_site_system","Antecubital__Eswab",0.861182642268574,10,0.861243017812304,-6.03755437300624e-05,-0.00701027961694552
"filter_at_threshold_0.5_fixed_50_samples","remove_count_le_2","bray_curtis","between_participants_matched_site_system","Antecubital__Omni",0.881600553888281,10,0.881642606530765,-4.2052642483581e-05,-0.00476980606110414
"filter_at_threshold_0.5_fixed_50_samples","remove_count_le_2","bray_curtis","between_participants_matched_site_system","Antecubital__Puritan_buffer",0.931407388245006,10,0.93145395026805,-4.65620230437613e-05,-0.00499885399920865
"filter_at_threshold_0.5_fixed_50_samples","remove_count_le_2","bray_curtis","between_participants_matched_site_system","Antecubital__Puritan_gel",0.884246043966021,10,0.88425977758381,-1.37336177892244e-05,-0.00155312026367984
"filter_at_threshold_0.5_fixed_50_samples","remove_count_le_2","bray_curtis","between_participants_matched_site_system","Forehead__Copan",0.717390583313188,10,0.717624907808867,-0.000234324495679283,-0.0326527818543463
"filter_at_threshold_0.5_fixed_50_samples","remove_count_le_2","bray_curtis","between_participants_matched_site_system","Forehead__Eswab",0.640433849221347,10,0.640467183136183,-3.33339148358425e-05,-0.00520462495402432
"filter_at_threshold_0.5_fixed_50_samples","remove_count_le_2","bray_curtis","between_participants_matched_site_system","Forehead__Omni",0.802233794730225,10,0.802277920118609,-4.41253883840531e-05,-0.00550001281071397
"filter_at_threshold_0.5_fixed_50_samples","remove_count_le_2","bray_curtis","between_participants_matched_site_system","Forehead__Puritan_buffer",0.794919785744794,10,0.795155300014195,-0.000235514269400161,-0.0296186505197107
"filter_at_threshold_0.5_fixed_50_samples","remove_count_le_2","bray_curtis","between_participants_matched_site_system","Forehead__Puritan_gel",0.747080599714719,10,0.747149804157363,-6.92044426440219e-05,-0.00926245878121735
"filter_at_threshold_0.5_fixed_50_samples","remove_count_le_2","bray_curtis","between_sites_matched_participant_system","S001__Copan",0.261726838425387,1,0.261729148251598,-2.30982621096665e-06,-0.000882525399404974
"filter_at_threshold_0.5_fixed_50_samples","remove_count_le_2","bray_curtis","between_sites_matched_participant_system","S001__Eswab",0.632671520568295,1,0.632731439562847,-5.99189945517109e-05,-0.00946989367133532
"filter_at_threshold_0.5_fixed_50_samples","remove_count_le_2","bray_curtis","between_sites_matched_participant_system","S001__Omni",0.424511370043986,1,0.424761419789743,-0.000250049745757097,-0.0588682809001043
"filter_at_threshold_0.5_fixed_50_samples","remove_count_le_2","bray_curtis","between_sites_matched_participant_system","S001__Puritan_buffer",0.526641864777548,1,0.526974958114492,-0.000333093336943868,-0.0632085703153089
"filter_at_threshold_0.5_fixed_50_samples","remove_count_le_2","bray_curtis","between_sites_matched_participant_system","S001__Puritan_gel",0.729229303067212,1,0.729343199357509,-0.000113896290297899,-0.0156162819367113
"filter_at_threshold_0.5_fixed_50_samples","remove_count_le_2","bray_curtis","between_sites_matched_participant_system","S002__Copan",0.239548185525338,1,0.239831571353836,-0.000283385828497962,-0.118160351824518
"filter_at_threshold_0.5_fixed_50_samples","remove_count_le_2","bray_curtis","between_sites_matched_participant_system","S002__Eswab",0.630765182922931,1,0.630901013616762,-0.000135830693830941,-0.0215296363295194
"filter_at_threshold_0.5_fixed_50_samples","remove_count_le_2","bray_curtis","between_sites_matched_participant_system","S002__Omni",0.674979412573438,1,0.675077273779915,-9.78612064767015e-05,-0.0144962969837147
"filter_at_threshold_0.5_fixed_50_samples","remove_count_le_2","bray_curtis","between_sites_matched_participant_system","S002__Puritan_buffer",0.486829785441837,1,0.486984763382006,-0.000154977940169221,-0.031823981328067
"filter_at_threshold_0.5_fixed_50_samples","remove_count_le_2","bray_curtis","between_sites_matched_participant_system","S002__Puritan_gel",0.437933080984359,1,0.438038095099832,-0.000105014115472979,-0.0239737403316589
"filter_at_threshold_0.5_fixed_50_samples","remove_count_le_2","bray_curtis","between_sites_matched_participant_system","S003__Copan",0.879944470367369,1,0.879950353601815,-5.88323444650207e-06,-0.0006685870881716
"filter_at_threshold_0.5_fixed_50_samples","remove_count_le_2","bray_curtis","between_sites_matched_participant_system","S003__Eswab",0.688140534573153,1,0.688377161579588,-0.000236627006434897,-0.0343746160741184
"filter_at_threshold_0.5_fixed_50_samples","remove_count_le_2","bray_curtis","between_sites_matched_participant_system","S003__Omni",0.904257531213681,1,0.904267205441914,-9.67422823372477e-06,-0.00106984176529956
"filter_at_threshold_0.5_fixed_50_samples","remove_count_le_2","bray_curtis","between_sites_matched_participant_system","S003__Puritan_buffer",0.996435515230071,1,0.996435515230071,0,0
"filter_at_threshold_0.5_fixed_50_samples","remove_count_le_2","bray_curtis","between_sites_matched_participant_system","S003__Puritan_gel",0.99126782358793,1,0.99126782358793,0,0
"filter_at_threshold_0.5_fixed_50_samples","remove_count_le_2","bray_curtis","between_sites_matched_participant_system","S004__Copan",0.670136878617687,1,0.670373629056129,-0.000236750438442068,-0.0353161920726816
"filter_at_threshold_0.5_fixed_50_samples","remove_count_le_2","bray_curtis","between_sites_matched_participant_system","S004__Eswab",0.848057109201511,1,0.848088224954515,-3.11157530032968e-05,-0.00366892878449829
"filter_at_threshold_0.5_fixed_50_samples","remove_count_le_2","bray_curtis","between_sites_matched_participant_system","S004__Omni",0.64858165938968,1,0.648742195294266,-0.000160535904585979,-0.0247457165188956
"filter_at_threshold_0.5_fixed_50_samples","remove_count_le_2","bray_curtis","between_sites_matched_participant_system","S004__Puritan_buffer",0.811055804745995,1,0.8112197818418,-0.000163977095805068,-0.0202136461012789
"filter_at_threshold_0.5_fixed_50_samples","remove_count_le_2","bray_curtis","between_sites_matched_participant_system","S004__Puritan_gel",0.727447066635603,1,0.727493130351722,-4.6063716118705e-05,-0.00633184207477457
"filter_at_threshold_0.5_fixed_50_samples","remove_count_le_2","bray_curtis","between_sites_matched_participant_system","S005__Copan",0.938950634624544,1,0.938950634624544,0,0
"filter_at_threshold_0.5_fixed_50_samples","remove_count_le_2","bray_curtis","between_sites_matched_participant_system","S005__Eswab",0.924802835519294,1,0.924815243453505,-1.24079342112005e-05,-0.00134166627324026
"filter_at_threshold_0.5_fixed_50_samples","remove_count_le_2","bray_curtis","between_sites_matched_participant_system","S005__Omni",0.927363293431458,1,0.927370646113497,-7.35268203944095e-06,-0.000792852574130439
"filter_at_threshold_0.5_fixed_50_samples","remove_count_le_2","bray_curtis","between_sites_matched_participant_system","S005__Puritan_buffer",0.731880161224013,1,0.731945761283429,-6.56000594162487e-05,-0.00896242083583111
"filter_at_threshold_0.5_fixed_50_samples","remove_count_le_2","bray_curtis","between_sites_matched_participant_system","S005__Puritan_gel",0.908729192161178,1,0.908743900889769,-1.47087285916614e-05,-0.00161857797089585
"filter_at_threshold_0.5_fixed_50_samples","remove_count_le_2","bray_curtis","within_participant_site_between_systems","S001__Antecubital",0.387012303753882,10,0.387367658697218,-0.000355354943336161,-0.091735831672494
"filter_at_threshold_0.5_fixed_50_samples","remove_count_le_2","bray_curtis","within_participant_site_between_systems","S001__Forehead",0.0582118273322395,10,0.0583951941794449,-0.000183366847205386,-0.314010167757832
"filter_at_threshold_0.5_fixed_50_samples","remove_count_le_2","bray_curtis","within_participant_site_between_systems","S002__Antecubital",0.493937257819906,10,0.494123512813118,-0.000186254993212287,-0.0376940154399676
"filter_at_threshold_0.5_fixed_50_samples","remove_count_le_2","bray_curtis","within_participant_site_between_systems","S002__Forehead",0.0558183699788424,10,0.0558191562781083,-7.86299265850832e-07,-0.00140865487456178
"filter_at_threshold_0.5_fixed_50_samples","remove_count_le_2","bray_curtis","within_participant_site_between_systems","S003__Antecubital",0.526763584968889,10,0.527024265873915,-0.000260680905025401,-0.0494627898381754
"filter_at_threshold_0.5_fixed_50_samples","remove_count_le_2","bray_curtis","within_participant_site_between_systems","S003__Forehead",0.194851537395492,10,0.194851537395492,0,0
"filter_at_threshold_0.5_fixed_50_samples","remove_count_le_2","bray_curtis","within_participant_site_between_systems","S004__Antecubital",0.63600023369809,10,0.636139597841796,-0.000139364143705634,-0.0219077925943376
"filter_at_threshold_0.5_fixed_50_samples","remove_count_le_2","bray_curtis","within_participant_site_between_systems","S004__Forehead",0.346457478980453,10,0.346947588001735,-0.000490109021281937,-0.141263129714995
"filter_at_threshold_0.5_fixed_50_samples","remove_count_le_2","bray_curtis","within_participant_site_between_systems","S005__Antecubital",0.502869076352335,10,0.502956750738448,-8.76743861132345e-05,-0.0174317942814188
"filter_at_threshold_0.5_fixed_50_samples","remove_count_le_2","bray_curtis","within_participant_site_between_systems","S005__Forehead",0.588710025033356,10,0.588749250604983,-3.92255716270551e-05,-0.00666252595425777
"filter_at_threshold_0.5_fixed_50_samples","remove_count_le_10","weighted_unifrac","between_participants_matched_site_system","Antecubital__Copan",0.175284585105051,10,0.239581352544714,-0.0642967674396629,-26.8371335067336
"filter_at_threshold_0.5_fixed_50_samples","remove_count_le_10","weighted_unifrac","between_participants_matched_site_system","Antecubital__Eswab",0.0894674606729354,10,0.0791862977532136,0.0102811629197218,12.9835125664838
"filter_at_threshold_0.5_fixed_50_samples","remove_count_le_10","weighted_unifrac","between_participants_matched_site_system","Antecubital__Omni",0.133930777275341,10,0.131147153613434,0.00278362366190746,2.12251931148456
"filter_at_threshold_0.5_fixed_50_samples","remove_count_le_10","weighted_unifrac","between_participants_matched_site_system","Antecubital__Puritan_buffer",0.158742975309271,10,0.139092594230023,0.0196503810792482,14.1275537982645
"filter_at_threshold_0.5_fixed_50_samples","remove_count_le_10","weighted_unifrac","between_participants_matched_site_system","Antecubital__Puritan_gel",0.128647578905389,10,0.101484839825344,0.0271627390800452,26.7653169939397
"filter_at_threshold_0.5_fixed_50_samples","remove_count_le_10","weighted_unifrac","between_participants_matched_site_system","Forehead__Copan",0.213580405357375,10,0.242758246989669,-0.0291778416322941,-12.0192998565918
"filter_at_threshold_0.5_fixed_50_samples","remove_count_le_10","weighted_unifrac","between_participants_matched_site_system","Forehead__Eswab",0.204481725964881,10,0.209454666732832,-0.00497294076795057,-2.37423249886037
"filter_at_threshold_0.5_fixed_50_samples","remove_count_le_10","weighted_unifrac","between_participants_matched_site_system","Forehead__Omni",0.266253921373819,10,0.341078476385675,-0.0748245550118561,-21.9376361137629
"filter_at_threshold_0.5_fixed_50_samples","remove_count_le_10","weighted_unifrac","between_participants_matched_site_system","Forehead__Puritan_buffer",0.194774054055778,10,0.228702310183219,-0.0339282561274414,-14.8351173629425
"filter_at_threshold_0.5_fixed_50_samples","remove_count_le_10","weighted_unifrac","between_participants_matched_site_system","Forehead__Puritan_gel",0.176601090393581,10,0.197186716649984,-0.0205856262564028,-10.4396617612652
"filter_at_threshold_0.5_fixed_50_samples","remove_count_le_10","weighted_unifrac","between_sites_matched_participant_system","S001__Copan",0.119510630256277,1,0.118703586162941,0.000807044093336151,0.679881812692959
"filter_at_threshold_0.5_fixed_50_samples","remove_count_le_10","weighted_unifrac","between_sites_matched_participant_system","S001__Eswab",0.289142279839821,1,0.299698932411088,-0.0105566525712664,-3.52241914455211
"filter_at_threshold_0.5_fixed_50_samples","remove_count_le_10","weighted_unifrac","between_sites_matched_participant_system","S001__Omni",0.178965981901332,1,0.196009155711058,-0.0170431738097264,-8.69509066956555
"filter_at_threshold_0.5_fixed_50_samples","remove_count_le_10","weighted_unifrac","between_sites_matched_participant_system","S001__Puritan_buffer",0.23201507736157,1,0.246854402236843,-0.0148393248752725,-6.01136732454744
"filter_at_threshold_0.5_fixed_50_samples","remove_count_le_10","weighted_unifrac","between_sites_matched_participant_system","S001__Puritan_gel",0.342850712327956,1,0.35215402084111,-0.00930330851315392,-2.64182941626883
"filter_at_threshold_0.5_fixed_50_samples","remove_count_le_10","weighted_unifrac","between_sites_matched_participant_system","S002__Copan",0.104427846330524,1,0.108682096170832,-0.00425424984030855,-3.91439803812901
"filter_at_threshold_0.5_fixed_50_samples","remove_count_le_10","weighted_unifrac","between_sites_matched_participant_system","S002__Eswab",0.296617200002145,1,0.308844072857493,-0.0122268728553474,-3.95891452350751
"filter_at_threshold_0.5_fixed_50_samples","remove_count_le_10","weighted_unifrac","between_sites_matched_participant_system","S002__Omni",0.30806492852785,1,0.304787562040176,0.00327736648767424,1.07529535186289
"filter_at_threshold_0.5_fixed_50_samples","remove_count_le_10","weighted_unifrac","between_sites_matched_participant_system","S002__Puritan_buffer",0.242600537335739,1,0.228685136308924,0.0139154010268147,6.08496085553053
"filter_at_threshold_0.5_fixed_50_samples","remove_count_le_10","weighted_unifrac","between_sites_matched_participant_system","S002__Puritan_gel",0.194169542338107,1,0.199996186215452,-0.00582664387734541,-2.91337749364304
"filter_at_threshold_0.5_fixed_50_samples","remove_count_le_10","weighted_unifrac","between_sites_matched_participant_system","S003__Copan",0.119687892648977,1,0.0939293774927445,0.0257585151562326,27.4232788971931
"filter_at_threshold_0.5_fixed_50_samples","remove_count_le_10","weighted_unifrac","between_sites_matched_participant_system","S003__Eswab",0.0591504556767154,1,0.033090757686952,0.0260596979897634,78.752194906794
"filter_at_threshold_0.5_fixed_50_samples","remove_count_le_10","weighted_unifrac","between_sites_matched_participant_system","S003__Omni",0.104262258492636,1,0.051978027897432,0.0522842305952045,100.58910026055
"filter_at_threshold_0.5_fixed_50_samples","remove_count_le_10","weighted_unifrac","between_sites_matched_participant_system","S003__Puritan_buffer",0.149130893980007,1,0.101679922060645,0.0474509719193623,46.6670026468559
"filter_at_threshold_0.5_fixed_50_samples","remove_count_le_10","weighted_unifrac","between_sites_matched_participant_system","S003__Puritan_gel",0.126852085337032,1,0.109616644392069,0.0172354409449626,15.7233794562402
"filter_at_threshold_0.5_fixed_50_samples","remove_count_le_10","weighted_unifrac","between_sites_matched_participant_system","S004__Copan",0.144215198539036,1,0.124797795372187,0.0194174031668492,15.5590914959196
"filter_at_threshold_0.5_fixed_50_samples","remove_count_le_10","weighted_unifrac","between_sites_matched_participant_system","S004__Eswab",0.352380719866381,1,0.358469203729103,-0.00608848386272198,-1.69846776219111
"filter_at_threshold_0.5_fixed_50_samples","remove_count_le_10","weighted_unifrac","between_sites_matched_participant_system","S004__Omni",0.109678767424627,1,0.0857068275882549,0.023971939836372,27.9696968268804
"filter_at_threshold_0.5_fixed_50_samples","remove_count_le_10","weighted_unifrac","between_sites_matched_participant_system","S004__Puritan_buffer",0.119750003008754,1,0.0880329593766089,0.0317170436321453,36.0286009430381
"filter_at_threshold_0.5_fixed_50_samples","remove_count_le_10","weighted_unifrac","between_sites_matched_participant_system","S004__Puritan_gel",0.137202409867829,1,0.10660317710179,0.0305992327660392,28.703865680121
"filter_at_threshold_0.5_fixed_50_samples","remove_count_le_10","weighted_unifrac","between_sites_matched_participant_system","S005__Copan",0.176762086561913,1,0.272457750137802,-0.0956956635758881,-35.1231203837982
"filter_at_threshold_0.5_fixed_50_samples","remove_count_le_10","weighted_unifrac","between_sites_matched_participant_system","S005__Eswab",0.12429099842692,1,0.177423306316352,-0.0531323078894321,-29.9466338400296
"filter_at_threshold_0.5_fixed_50_samples","remove_count_le_10","weighted_unifrac","between_sites_matched_participant_system","S005__Omni",0.293264221484392,1,0.374465208784804,-0.0812009873004126,-21.6845211238507
"filter_at_threshold_0.5_fixed_50_samples","remove_count_le_10","weighted_unifrac","between_sites_matched_participant_system","S005__Puritan_buffer",0.104663364065757,1,0.155374774545272,-0.0507114104795157,-32.6381232912037
"filter_at_threshold_0.5_fixed_50_samples","remove_count_le_10","weighted_unifrac","between_sites_matched_participant_system","S005__Puritan_gel",0.14474492131382,1,0.210795870640518,-0.0660509493266977,-31.3340812255939
"filter_at_threshold_0.5_fixed_50_samples","remove_count_le_10","weighted_unifrac","within_participant_site_between_systems","S001__Antecubital",0.0969931050321449,10,0.105681797465082,-0.00868869243293761,-8.22156004283366
"filter_at_threshold_0.5_fixed_50_samples","remove_count_le_10","weighted_unifrac","within_participant_site_between_systems","S001__Forehead",0.0258698593667297,10,0.0256329952724605,0.000236864094269207,0.92405936860484
"filter_at_threshold_0.5_fixed_50_samples","remove_count_le_10","weighted_unifrac","within_participant_site_between_systems","S002__Antecubital",0.106550771098235,10,0.091121088186019,0.0154296829122164,16.9331635731978
"filter_at_threshold_0.5_fixed_50_samples","remove_count_le_10","weighted_unifrac","within_participant_site_between_systems","S002__Forehead",0.0283938622155621,10,0.0263229730463409,0.0020708891692212,7.86723127959541
"filter_at_threshold_0.5_fixed_50_samples","remove_count_le_10","weighted_unifrac","within_participant_site_between_systems","S003__Antecubital",0.0933000653790782,10,0.0477431268189668,0.0455569385601114,95.4209361545484
"filter_at_threshold_0.5_fixed_50_samples","remove_count_le_10","weighted_unifrac","within_participant_site_between_systems","S003__Forehead",0.0151914587599893,10,0.0207112688918345,-0.00551981013184519,-26.6512407360101
"filter_at_threshold_0.5_fixed_50_samples","remove_count_le_10","weighted_unifrac","within_participant_site_between_systems","S004__Antecubital",0.0557078428500006,10,0.0215023955615367,0.0342054472884639,159.077379032364
"filter_at_threshold_0.5_fixed_50_samples","remove_count_le_10","weighted_unifrac","within_participant_site_between_systems","S004__Forehead",0.073722807461012,10,0.0506383486832577,0.0230844587777542,45.5869106675402
"filter_at_threshold_0.5_fixed_50_samples","remove_count_le_10","weighted_unifrac","within_participant_site_between_systems","S005__Antecubital",0.0117344134595215,10,0.0113821348481991,0.000352278611322372,3.09501351038825
"filter_at_threshold_0.5_fixed_50_samples","remove_count_le_10","weighted_unifrac","within_participant_site_between_systems","S005__Forehead",0.119351958533412,10,0.120062689169092,-0.000710730635680015,-0.591966280781074
"filter_at_threshold_0.5_fixed_50_samples","remove_count_le_10","unweighted_unifrac","between_participants_matched_site_system","Antecubital__Copan",0.832558165160479,10,0.804813718721013,0.0277444464394667,3.44731281215701
"filter_at_threshold_0.5_fixed_50_samples","remove_count_le_10","unweighted_unifrac","between_participants_matched_site_system","Antecubital__Eswab",0.794864804988701,10,0.675235404911876,0.119629400076825,17.7166954230485
"filter_at_threshold_0.5_fixed_50_samples","remove_count_le_10","unweighted_unifrac","between_participants_matched_site_system","Antecubital__Omni",0.737322959512553,10,0.727624151833423,0.00969880767912934,1.33294196663083
"filter_at_threshold_0.5_fixed_50_samples","remove_count_le_10","unweighted_unifrac","between_participants_matched_site_system","Antecubital__Puritan_buffer",0.69229252981696,10,0.714539689124599,-0.0222471593076393,-3.11349525383186
"filter_at_threshold_0.5_fixed_50_samples","remove_count_le_10","unweighted_unifrac","between_participants_matched_site_system","Antecubital__Puritan_gel",0.821563085909861,10,0.790441013332816,0.0311220725770454,3.93730487817456
"filter_at_threshold_0.5_fixed_50_samples","remove_count_le_10","unweighted_unifrac","between_participants_matched_site_system","Forehead__Copan",0.854098071973225,10,0.837835722438635,0.0162623495345899,1.94099500642634
"filter_at_threshold_0.5_fixed_50_samples","remove_count_le_10","unweighted_unifrac","between_participants_matched_site_system","Forehead__Eswab",0.865584426205323,10,0.741779517860757,0.123804908344567,16.6902570593499
"filter_at_threshold_0.5_fixed_50_samples","remove_count_le_10","unweighted_unifrac","between_participants_matched_site_system","Forehead__Omni",0.839906208087106,10,0.65417040842155,0.185735799665556,28.3925713047336
"filter_at_threshold_0.5_fixed_50_samples","remove_count_le_10","unweighted_unifrac","between_participants_matched_site_system","Forehead__Puritan_buffer",0.809579134991107,10,0.785781579811412,0.0237975551796946,3.02852036636008
"filter_at_threshold_0.5_fixed_50_samples","remove_count_le_10","unweighted_unifrac","between_participants_matched_site_system","Forehead__Puritan_gel",0.840387843821127,10,0.724367460536758,0.116020383284369,16.0167856240254
"filter_at_threshold_0.5_fixed_50_samples","remove_count_le_10","unweighted_unifrac","between_sites_matched_participant_system","S001__Copan",0.271774411736574,1,0.830970840721881,-0.559196428985307,-67.2943503648722
"filter_at_threshold_0.5_fixed_50_samples","remove_count_le_10","unweighted_unifrac","between_sites_matched_participant_system","S001__Eswab",0.84268769956714,1,0.772177464592795,0.0705102349743445,9.13135104396342
"filter_at_threshold_0.5_fixed_50_samples","remove_count_le_10","unweighted_unifrac","between_sites_matched_participant_system","S001__Omni",0.602882934346201,1,0.605767488512561,-0.00288455416635958,-0.476181739868954
"filter_at_threshold_0.5_fixed_50_samples","remove_count_le_10","unweighted_unifrac","between_sites_matched_participant_system","S001__Puritan_buffer",0.602038902164508,1,0.661411920985587,-0.0593730188210797,-8.97670830193178
"filter_at_threshold_0.5_fixed_50_samples","remove_count_le_10","unweighted_unifrac","between_sites_matched_participant_system","S001__Puritan_gel",0.592547674371579,1,0.518207922731548,0.0743397516400309,14.3455451719409
"filter_at_threshold_0.5_fixed_50_samples","remove_count_le_10","unweighted_unifrac","between_sites_matched_participant_system","S002__Copan",0.710399481509389,1,0.70497127328793,0.00542820822145962,0.769989987839205
"filter_at_threshold_0.5_fixed_50_samples","remove_count_le_10","unweighted_unifrac","between_sites_matched_participant_system","S002__Eswab",0.761847648512044,1,0.692914059519204,0.0689335889928399,9.94836055724878
"filter_at_threshold_0.5_fixed_50_samples","remove_count_le_10","unweighted_unifrac","between_sites_matched_participant_system","S002__Omni",0.7657217699101,1,0.706184702050735,0.0595370678593656,8.43080679692893
"filter_at_threshold_0.5_fixed_50_samples","remove_count_le_10","unweighted_unifrac","between_sites_matched_participant_system","S002__Puritan_buffer",0.845330735395776,1,0.790460083375253,0.0548706520205232,6.9416094720718
"filter_at_threshold_0.5_fixed_50_samples","remove_count_le_10","unweighted_unifrac","between_sites_matched_participant_system","S002__Puritan_gel",0.689730979779364,1,0.694156178620243,-0.00442519884087933,-0.637493258314748
"filter_at_threshold_0.5_fixed_50_samples","remove_count_le_10","unweighted_unifrac","between_sites_matched_participant_system","S003__Copan",0.894939529582048,1,0.843138688825123,0.0518008407569255,6.14381019913909
"filter_at_threshold_0.5_fixed_50_samples","remove_count_le_10","unweighted_unifrac","between_sites_matched_participant_system","S003__Eswab",0.821551892138231,1,0.755360864915162,0.0661910272230691,8.7628351292072
"filter_at_threshold_0.5_fixed_50_samples","remove_count_le_10","unweighted_unifrac","between_sites_matched_participant_system","S003__Omni",0.761590259861763,1,0.650728491443368,0.110861768418395,17.0365628485845
"filter_at_threshold_0.5_fixed_50_samples","remove_count_le_10","unweighted_unifrac","between_sites_matched_participant_system","S003__Puritan_buffer",0.887288511255877,1,0.659017265070775,0.228271246185101,34.6381283592906
"filter_at_threshold_0.5_fixed_50_samples","remove_count_le_10","unweighted_unifrac","between_sites_matched_participant_system","S003__Puritan_gel",0.779028861497724,1,0.472104744874901,0.306924116622823,65.0118686487999
"filter_at_threshold_0.5_fixed_50_samples","remove_count_le_10","unweighted_unifrac","between_sites_matched_participant_system","S004__Copan",0.752527300007253,1,0.759277670541619,-0.00675037053436545,-0.889051633712628
"filter_at_threshold_0.5_fixed_50_samples","remove_count_le_10","unweighted_unifrac","between_sites_matched_participant_system","S004__Eswab",0.54919407101162,1,0.650421538604602,-0.101227467592981,-15.563363385867
"filter_at_threshold_0.5_fixed_50_samples","remove_count_le_10","unweighted_unifrac","between_sites_matched_participant_system","S004__Omni",0.756064034029469,1,0.782748592218883,-0.0266845581894138,-3.40908414971022
"filter_at_threshold_0.5_fixed_50_samples","remove_count_le_10","unweighted_unifrac","between_sites_matched_participant_system","S004__Puritan_buffer",0.751352443952575,1,0.796479178266848,-0.0451267343142735,-5.66577702790298
"filter_at_threshold_0.5_fixed_50_samples","remove_count_le_10","unweighted_unifrac","between_sites_matched_participant_system","S004__Puritan_gel",0.783117275292857,1,0.77925028523167,0.00386699006118707,0.496244933684871
"filter_at_threshold_0.5_fixed_50_samples","remove_count_le_10","unweighted_unifrac","between_sites_matched_participant_system","S005__Copan",0.756774671075872,1,0.733764422909824,0.0230102481660477,3.13591766616293
"filter_at_threshold_0.5_fixed_50_samples","remove_count_le_10","unweighted_unifrac","between_sites_matched_participant_system","S005__Eswab",0.808193753179228,1,0.62310567501401,0.185088078165218,29.7041233272441
"filter_at_threshold_0.5_fixed_50_samples","remove_count_le_10","unweighted_unifrac","between_sites_matched_participant_system","S005__Omni",0.842526619436103,1,0.777072913536115,0.0654537058999874,8.42310995015083
"filter_at_threshold_0.5_fixed_50_samples","remove_count_le_10","unweighted_unifrac","between_sites_matched_participant_system","S005__Puritan_buffer",0.736486018722738,1,0.672264099549332,0.0642219191734058,9.55307879990297
"filter_at_threshold_0.5_fixed_50_samples","remove_count_le_10","unweighted_unifrac","between_sites_matched_participant_system","S005__Puritan_gel",0.912413694197594,1,0.785295900952094,0.1271177932455,16.1872477739133
"filter_at_threshold_0.5_fixed_50_samples","remove_count_le_10","unweighted_unifrac","within_participant_site_between_systems","S001__Antecubital",0.438182953026536,10,0.543605414769881,-0.105422461743345,-19.3931956671132
"filter_at_threshold_0.5_fixed_50_samples","remove_count_le_10","unweighted_unifrac","within_participant_site_between_systems","S001__Forehead",0.363184632618107,10,0.654117643849617,-0.29093301123151,-44.4771692014466
"filter_at_threshold_0.5_fixed_50_samples","remove_count_le_10","unweighted_unifrac","within_participant_site_between_systems","S002__Antecubital",0.689523827184634,10,0.673076973349345,0.0164468538352887,2.44353238730577
"filter_at_threshold_0.5_fixed_50_samples","remove_count_le_10","unweighted_unifrac","within_participant_site_between_systems","S002__Forehead",0.701414418730481,10,0.473674855219026,0.227739563511456,48.0793018675542
"filter_at_threshold_0.5_fixed_50_samples","remove_count_le_10","unweighted_unifrac","within_participant_site_between_systems","S003__Antecubital",0.643650269920725,10,0.645036569174674,-0.00138629925394951,-0.214917931819475
"filter_at_threshold_0.5_fixed_50_samples","remove_count_le_10","unweighted_unifrac","within_participant_site_between_systems","S003__Forehead",0.64368935645502,10,0.466086504989193,0.177602851465827,38.1051263155419
"filter_at_threshold_0.5_fixed_50_samples","remove_count_le_10","unweighted_unifrac","within_participant_site_between_systems","S004__Antecubital",0.657357016627587,10,0.710932441137895,-0.0535754245103075,-7.53593751110253
"filter_at_threshold_0.5_fixed_50_samples","remove_count_le_10","unweighted_unifrac","within_participant_site_between_systems","S004__Forehead",0.731854635534439,10,0.744791114757825,-0.0129364792233861,-1.73692716884687
"filter_at_threshold_0.5_fixed_50_samples","remove_count_le_10","unweighted_unifrac","within_participant_site_between_systems","S005__Antecubital",0.780957428600004,10,0.622444776563758,0.158512652036246,25.4661390061499
"filter_at_threshold_0.5_fixed_50_samples","remove_count_le_10","unweighted_unifrac","within_participant_site_between_systems","S005__Forehead",0.807069196594794,10,0.719609578696263,0.0874596178985318,12.1537595506976
"filter_at_threshold_0.5_fixed_50_samples","remove_count_le_10","bray_curtis","between_participants_matched_site_system","Antecubital__Copan",0.892304839813628,10,0.89331157403481,-0.0010067342211818,-0.112696874242287
"filter_at_threshold_0.5_fixed_50_samples","remove_count_le_10","bray_curtis","between_participants_matched_site_system","Antecubital__Eswab",0.860415236731591,10,0.861243017812304,-0.000827781080712464,-0.0961146927861501
"filter_at_threshold_0.5_fixed_50_samples","remove_count_le_10","bray_curtis","between_participants_matched_site_system","Antecubital__Omni",0.881005921108835,10,0.881642606530765,-0.000636685421929517,-0.0722158182026676
"filter_at_threshold_0.5_fixed_50_samples","remove_count_le_10","bray_curtis","between_participants_matched_site_system","Antecubital__Puritan_buffer",0.931049869882133,10,0.93145395026805,-0.000404080385916661,-0.0433816814884275
"filter_at_threshold_0.5_fixed_50_samples","remove_count_le_10","bray_curtis","between_participants_matched_site_system","Antecubital__Puritan_gel",0.88310739593029,10,0.88425977758381,-0.00115238165351994,-0.130321618457956
"filter_at_threshold_0.5_fixed_50_samples","remove_count_le_10","bray_curtis","between_participants_matched_site_system","Forehead__Copan",0.71432931386064,10,0.717624907808867,-0.00329559394822754,-0.459236282404134
"filter_at_threshold_0.5_fixed_50_samples","remove_count_le_10","bray_curtis","between_participants_matched_site_system","Forehead__Eswab",0.640132568719821,10,0.640467183136183,-0.0003346144163624,-0.052245364816959
"filter_at_threshold_0.5_fixed_50_samples","remove_count_le_10","bray_curtis","between_participants_matched_site_system","Forehead__Omni",0.801761603469734,10,0.802277920118609,-0.000516316648875081,-0.0643563328776079
"filter_at_threshold_0.5_fixed_50_samples","remove_count_le_10","bray_curtis","between_participants_matched_site_system","Forehead__Puritan_buffer",0.791920345500206,10,0.795155300014195,-0.00323495451398903,-0.406833044303582
"filter_at_threshold_0.5_fixed_50_samples","remove_count_le_10","bray_curtis","between_participants_matched_site_system","Forehead__Puritan_gel",0.744064215420419,10,0.747149804157363,-0.00308558873694442,-0.412981268251064
"filter_at_threshold_0.5_fixed_50_samples","remove_count_le_10","bray_curtis","between_sites_matched_participant_system","S001__Copan",0.260870491058608,1,0.261729148251598,-0.000858657192989554,-0.328070907931177
"filter_at_threshold_0.5_fixed_50_samples","remove_count_le_10","bray_curtis","between_sites_matched_participant_system","S001__Eswab",0.631063895950192,1,0.632731439562847,-0.00166754361265442,-0.263546823879421
"filter_at_threshold_0.5_fixed_50_samples","remove_count_le_10","bray_curtis","between_sites_matched_participant_system","S001__Omni",0.423352338147524,1,0.424761419789743,-0.00140908164221881,-0.331734846096971
"filter_at_threshold_0.5_fixed_50_samples","remove_count_le_10","bray_curtis","between_sites_matched_participant_system","S001__Puritan_buffer",0.525457034068395,1,0.526974958114492,-0.00151792404609774,-0.28804481555041
"filter_at_threshold_0.5_fixed_50_samples","remove_count_le_10","bray_curtis","between_sites_matched_participant_system","S001__Puritan_gel",0.728348976117943,1,0.729343199357509,-0.00099422323956655,-0.136317612948524
"filter_at_threshold_0.5_fixed_50_samples","remove_count_le_10","bray_curtis","between_sites_matched_participant_system","S002__Copan",0.234319099369772,1,0.239831571353836,-0.00551247198406354,-2.29847636528667
"filter_at_threshold_0.5_fixed_50_samples","remove_count_le_10","bray_curtis","between_sites_matched_participant_system","S002__Eswab",0.627612622109776,1,0.630901013616762,-0.00328839150698657,-0.521221465176482
"filter_at_threshold_0.5_fixed_50_samples","remove_count_le_10","bray_curtis","between_sites_matched_participant_system","S002__Omni",0.670808654708315,1,0.675077273779915,-0.00426861907160014,-0.632315623321039
"filter_at_threshold_0.5_fixed_50_samples","remove_count_le_10","bray_curtis","between_sites_matched_participant_system","S002__Puritan_buffer",0.484149264915878,1,0.486984763382006,-0.00283549846612835,-0.582256094921002
"filter_at_threshold_0.5_fixed_50_samples","remove_count_le_10","bray_curtis","between_sites_matched_participant_system","S002__Puritan_gel",0.434138870980279,1,0.438038095099832,-0.00389922411955318,-0.890156395795785
"filter_at_threshold_0.5_fixed_50_samples","remove_count_le_10","bray_curtis","between_sites_matched_participant_system","S003__Copan",0.87973322464611,1,0.879950353601815,-0.000217128955705692,-0.0246751370480095
"filter_at_threshold_0.5_fixed_50_samples","remove_count_le_10","bray_curtis","between_sites_matched_participant_system","S003__Eswab",0.686152886304418,1,0.688377161579588,-0.00222427527517055,-0.323118691222499
"filter_at_threshold_0.5_fixed_50_samples","remove_count_le_10","bray_curtis","between_sites_matched_participant_system","S003__Omni",0.903993280659065,1,0.904267205441914,-0.000273924782849488,-0.0302924601490576
"filter_at_threshold_0.5_fixed_50_samples","remove_count_le_10","bray_curtis","between_sites_matched_participant_system","S003__Puritan_buffer",0.996435515230071,1,0.996435515230071,0,0
"filter_at_threshold_0.5_fixed_50_samples","remove_count_le_10","bray_curtis","between_sites_matched_participant_system","S003__Puritan_gel",0.9912562257886,1,0.99126782358793,-1.15977993297989e-05,-0.00116999654924945
"filter_at_threshold_0.5_fixed_50_samples","remove_count_le_10","bray_curtis","between_sites_matched_participant_system","S004__Copan",0.66688119391892,1,0.670373629056129,-0.00349243513720865,-0.5209684548788
"filter_at_threshold_0.5_fixed_50_samples","remove_count_le_10","bray_curtis","between_sites_matched_participant_system","S004__Eswab",0.847626596390284,1,0.848088224954515,-0.000461628564230598,-0.0544316676788381
"filter_at_threshold_0.5_fixed_50_samples","remove_count_le_10","bray_curtis","between_sites_matched_participant_system","S004__Omni",0.645181606970606,1,0.648742195294266,-0.00356058832365935,-0.548844880059681
"filter_at_threshold_0.5_fixed_50_samples","remove_count_le_10","bray_curtis","between_sites_matched_participant_system","S004__Puritan_buffer",0.808960201150249,1,0.8112197818418,-0.00225958069155174,-0.278541123149336
"filter_at_threshold_0.5_fixed_50_samples","remove_count_le_10","bray_curtis","between_sites_matched_participant_system","S004__Puritan_gel",0.724535226243428,1,0.727493130351722,-0.00295790410829344,-0.40658859649484
"filter_at_threshold_0.5_fixed_50_samples","remove_count_le_10","bray_curtis","between_sites_matched_participant_system","S005__Copan",0.938820885402607,1,0.938950634624544,-0.000129749221937203,-0.0138185349849713
"filter_at_threshold_0.5_fixed_50_samples","remove_count_le_10","bray_curtis","between_sites_matched_participant_system","S005__Eswab",0.924655620392023,1,0.924815243453505,-0.000159623061482317,-0.0172599946434968
"filter_at_threshold_0.5_fixed_50_samples","remove_count_le_10","bray_curtis","between_sites_matched_participant_system","S005__Omni",0.92714892173171,1,0.927370646113497,-0.000221724381787247,-0.0239089281849138
"filter_at_threshold_0.5_fixed_50_samples","remove_count_le_10","bray_curtis","between_sites_matched_participant_system","S005__Puritan_buffer",0.731076229708993,1,0.731945761283429,-0.000869531574435589,-0.118797268927538
"filter_at_threshold_0.5_fixed_50_samples","remove_count_le_10","bray_curtis","between_sites_matched_participant_system","S005__Puritan_gel",0.908519642071528,1,0.908743900889769,-0.000224258818240952,-0.0246778897796591
"filter_at_threshold_0.5_fixed_50_samples","remove_count_le_10","bray_curtis","within_participant_site_between_systems","S001__Antecubital",0.385134235302006,10,0.387367658697218,-0.00223342339521249,-0.576564239442151
"filter_at_threshold_0.5_fixed_50_samples","remove_count_le_10","bray_curtis","within_participant_site_between_systems","S001__Forehead",0.0577867072598767,10,0.0583951941794449,-0.000608486919568239,-1.04201540575136
"filter_at_threshold_0.5_fixed_50_samples","remove_count_le_10","bray_curtis","within_participant_site_between_systems","S002__Antecubital",0.4895882578248,10,0.494123512813118,-0.00453525498831814,-0.91783832801201
"filter_at_threshold_0.5_fixed_50_samples","remove_count_le_10","bray_curtis","within_participant_site_between_systems","S002__Forehead",0.0538403403025363,10,0.0558191562781083,-0.00197881597557199,-3.54504816538774
"filter_at_threshold_0.5_fixed_50_samples","remove_count_le_10","bray_curtis","within_participant_site_between_systems","S003__Antecubital",0.52325698720552,10,0.527024265873915,-0.0037672786683951,-0.714820723130875
"filter_at_threshold_0.5_fixed_50_samples","remove_count_le_10","bray_curtis","within_participant_site_between_systems","S003__Forehead",0.193349331531233,10,0.194851537395492,-0.00150220586425875,-0.770948941095454
"filter_at_threshold_0.5_fixed_50_samples","remove_count_le_10","bray_curtis","within_participant_site_between_systems","S004__Antecubital",0.632127102834781,10,0.636139597841796,-0.00401249500701473,-0.630756994318189
"filter_at_threshold_0.5_fixed_50_samples","remove_count_le_10","bray_curtis","within_participant_site_between_systems","S004__Forehead",0.340213641598892,10,0.346947588001735,-0.00673394640284269,-1.94091172145835
"filter_at_threshold_0.5_fixed_50_samples","remove_count_le_10","bray_curtis","within_participant_site_between_systems","S005__Antecubital",0.501784019023438,10,0.502956750738448,-0.00117273171501087,-0.233167506607486
"filter_at_threshold_0.5_fixed_50_samples","remove_count_le_10","bray_curtis","within_participant_site_between_systems","S005__Forehead",0.588392132596936,10,0.588749250604983,-0.000357118008047053,-0.0606570637126226
"filter_at_threshold_0.5_fixed_50_samples","prevalence_ge_2","weighted_unifrac","between_participants_matched_site_system","Antecubital__Copan",0.29218999053063,10,0.239581352544714,0.0526086379859165,21.9585695744404
"filter_at_threshold_0.5_fixed_50_samples","prevalence_ge_2","weighted_unifrac","between_participants_matched_site_system","Antecubital__Eswab",0.269481003629579,10,0.0791862977532136,0.190294705876365,240.312669332546
"filter_at_threshold_0.5_fixed_50_samples","prevalence_ge_2","weighted_unifrac","between_participants_matched_site_system","Antecubital__Omni",0.362269676884521,10,0.131147153613434,0.231122523271087,176.231444528593
"filter_at_threshold_0.5_fixed_50_samples","prevalence_ge_2","weighted_unifrac","between_participants_matched_site_system","Antecubital__Puritan_buffer",0.369170730320016,10,0.139092594230023,0.230078136089993,165.41364934894
"filter_at_threshold_0.5_fixed_50_samples","prevalence_ge_2","weighted_unifrac","between_participants_matched_site_system","Antecubital__Puritan_gel",0.212367821073256,10,0.101484839825344,0.110882981247912,109.260635813923
"filter_at_threshold_0.5_fixed_50_samples","prevalence_ge_2","weighted_unifrac","between_participants_matched_site_system","Forehead__Copan",0.381954101496816,10,0.242758246989669,0.139195854507147,57.3392896979811
"filter_at_threshold_0.5_fixed_50_samples","prevalence_ge_2","weighted_unifrac","between_participants_matched_site_system","Forehead__Eswab",0.335805993853208,10,0.209454666732832,0.126351327120376,60.3239493735141
"filter_at_threshold_0.5_fixed_50_samples","prevalence_ge_2","weighted_unifrac","between_participants_matched_site_system","Forehead__Omni",0.446779204636661,10,0.341078476385675,0.105700728250986,30.9901490621955
"filter_at_threshold_0.5_fixed_50_samples","prevalence_ge_2","weighted_unifrac","between_participants_matched_site_system","Forehead__Puritan_buffer",0.465372748710552,10,0.228702310183219,0.236670438527332,103.484061152565
"filter_at_threshold_0.5_fixed_50_samples","prevalence_ge_2","weighted_unifrac","between_participants_matched_site_system","Forehead__Puritan_gel",0.410031078606263,10,0.197186716649984,0.212844361956279,107.940517278397
"filter_at_threshold_0.5_fixed_50_samples","prevalence_ge_2","weighted_unifrac","between_sites_matched_participant_system","S001__Copan",0.162078777911693,1,0.118703586162941,0.0433751917487517,36.5407593408441
"filter_at_threshold_0.5_fixed_50_samples","prevalence_ge_2","weighted_unifrac","between_sites_matched_participant_system","S001__Eswab",0.335066480377321,1,0.299698932411088,0.0353675479662331,11.8010256765682
"filter_at_threshold_0.5_fixed_50_samples","prevalence_ge_2","weighted_unifrac","between_sites_matched_participant_system","S001__Omni",0.281734474710853,1,0.196009155711058,0.0857253189997949,43.7353646511109
"filter_at_threshold_0.5_fixed_50_samples","prevalence_ge_2","weighted_unifrac","between_sites_matched_participant_system","S001__Puritan_buffer",0.34379112925144,1,0.246854402236843,0.0969367270145972,39.2687860278027
"filter_at_threshold_0.5_fixed_50_samples","prevalence_ge_2","weighted_unifrac","between_sites_matched_participant_system","S001__Puritan_gel",0.372837376599204,1,0.35215402084111,0.0206833557580941,5.87338338738614
"filter_at_threshold_0.5_fixed_50_samples","prevalence_ge_2","weighted_unifrac","between_sites_matched_participant_system","S002__Copan",0.174635037491512,1,0.108682096170832,0.0659529413206795,60.6842742681472
"filter_at_threshold_0.5_fixed_50_samples","prevalence_ge_2","weighted_unifrac","between_sites_matched_participant_system","S002__Eswab",0.403946865509245,1,0.308844072857493,0.0951027926517525,30.7931415914318
"filter_at_threshold_0.5_fixed_50_samples","prevalence_ge_2","weighted_unifrac","between_sites_matched_participant_system","S002__Omni",0.557751993343325,1,0.304787562040176,0.252964431303149,82.9969666773359
"filter_at_threshold_0.5_fixed_50_samples","prevalence_ge_2","weighted_unifrac","between_sites_matched_participant_system","S002__Puritan_buffer",0.341628681676953,1,0.228685136308924,0.112943545368029,49.3882318680549
"filter_at_threshold_0.5_fixed_50_samples","prevalence_ge_2","weighted_unifrac","between_sites_matched_participant_system","S002__Puritan_gel",0.208662090844873,1,0.199996186215452,0.00866590462942113,4.33303494101908
"filter_at_threshold_0.5_fixed_50_samples","prevalence_ge_2","weighted_unifrac","between_sites_matched_participant_system","S003__Copan",0.414814660185267,1,0.0939293774927445,0.320885282692522,341.623985230083
"filter_at_threshold_0.5_fixed_50_samples","prevalence_ge_2","weighted_unifrac","between_sites_matched_participant_system","S003__Eswab",0.266658246419941,1,0.033090757686952,0.233567488732989,705.839047091648
"filter_at_threshold_0.5_fixed_50_samples","prevalence_ge_2","weighted_unifrac","between_sites_matched_participant_system","S003__Omni",0.35319910798633,1,0.051978027897432,0.301221080088898,579.516176880155
"filter_at_threshold_0.5_fixed_50_samples","prevalence_ge_2","weighted_unifrac","between_sites_matched_participant_system","S003__Puritan_buffer",0.426043758686809,1,0.101679922060645,0.324363836626164,319.004804540175
"filter_at_threshold_0.5_fixed_50_samples","prevalence_ge_2","weighted_unifrac","between_sites_matched_participant_system","S003__Puritan_gel",0.439785230864173,1,0.109616644392069,0.330168586472103,301.202968128798
"filter_at_threshold_0.5_fixed_50_samples","prevalence_ge_2","weighted_unifrac","between_sites_matched_participant_system","S004__Copan",0.216115729342033,1,0.124797795372187,0.0913179339698454,73.1727140671884
"filter_at_threshold_0.5_fixed_50_samples","prevalence_ge_2","weighted_unifrac","between_sites_matched_participant_system","S004__Eswab",0.413164252273237,1,0.358469203729103,0.0546950485441342,15.2579490720959
"filter_at_threshold_0.5_fixed_50_samples","prevalence_ge_2","weighted_unifrac","between_sites_matched_participant_system","S004__Omni",0.227367358302268,1,0.0857068275882549,0.141660530714013,165.285000857302
"filter_at_threshold_0.5_fixed_50_samples","prevalence_ge_2","weighted_unifrac","between_sites_matched_participant_system","S004__Puritan_buffer",0.288612049684826,1,0.0880329593766089,0.200579090308217,227.845447578482
"filter_at_threshold_0.5_fixed_50_samples","prevalence_ge_2","weighted_unifrac","between_sites_matched_participant_system","S004__Puritan_gel",0.222589534103213,1,0.10660317710179,0.115986357001423,108.801970217711
"filter_at_threshold_0.5_fixed_50_samples","prevalence_ge_2","weighted_unifrac","between_sites_matched_participant_system","S005__Copan",0.202182173704208,1,0.272457750137802,-0.0702755764335934,-25.7932014773116
"filter_at_threshold_0.5_fixed_50_samples","prevalence_ge_2","weighted_unifrac","between_sites_matched_participant_system","S005__Eswab",0.367778586792469,1,0.177423306316352,0.190355280476117,107.288768554852
"filter_at_threshold_0.5_fixed_50_samples","prevalence_ge_2","weighted_unifrac","between_sites_matched_participant_system","S005__Omni",0.7957365813651,1,0.374465208784804,0.421271372580295,112.499469295795
"filter_at_threshold_0.5_fixed_50_samples","prevalence_ge_2","weighted_unifrac","between_sites_matched_participant_system","S005__Puritan_buffer",0.212030476150604,1,0.155374774545272,0.0566557016053318,36.4638994786272
"filter_at_threshold_0.5_fixed_50_samples","prevalence_ge_2","weighted_unifrac","between_sites_matched_participant_system","S005__Puritan_gel",0.155134218551862,1,0.210795870640518,-0.055661652088656,-26.4054755529718
"filter_at_threshold_0.5_fixed_50_samples","prevalence_ge_2","weighted_unifrac","within_participant_site_between_systems","S001__Antecubital",0.194882362594243,10,0.105681797465082,0.0892005651291608,84.4048523669679
"filter_at_threshold_0.5_fixed_50_samples","prevalence_ge_2","weighted_unifrac","within_participant_site_between_systems","S001__Forehead",0.0463914409115418,10,0.0256329952724605,0.0207584456390813,80.9833006967537
"filter_at_threshold_0.5_fixed_50_samples","prevalence_ge_2","weighted_unifrac","within_participant_site_between_systems","S002__Antecubital",0.174632537035634,10,0.091121088186019,0.0835114488496151,91.6488713119084
"filter_at_threshold_0.5_fixed_50_samples","prevalence_ge_2","weighted_unifrac","within_participant_site_between_systems","S002__Forehead",0.0739777130726364,10,0.0263229730463409,0.0476547400262955,181.03859295225
"filter_at_threshold_0.5_fixed_50_samples","prevalence_ge_2","weighted_unifrac","within_participant_site_between_systems","S003__Antecubital",0.164868530841583,10,0.0477431268189668,0.117125404022616,245.324116425668
"filter_at_threshold_0.5_fixed_50_samples","prevalence_ge_2","weighted_unifrac","within_participant_site_between_systems","S003__Forehead",0.0850084944920424,10,0.0207112688918345,0.0642972256002079,310.445612656583
"filter_at_threshold_0.5_fixed_50_samples","prevalence_ge_2","weighted_unifrac","within_participant_site_between_systems","S004__Antecubital",0.126004829288183,10,0.0215023955615367,0.104502433726646,486.003680043814
"filter_at_threshold_0.5_fixed_50_samples","prevalence_ge_2","weighted_unifrac","within_participant_site_between_systems","S004__Forehead",0.140839194345879,10,0.0506383486832577,0.0902008456626218,178.12754169143
"filter_at_threshold_0.5_fixed_50_samples","prevalence_ge_2","weighted_unifrac","within_participant_site_between_systems","S005__Antecubital",0.18235200534227,10,0.0113821348481991,0.170969870494071,1502.08965869985
"filter_at_threshold_0.5_fixed_50_samples","prevalence_ge_2","weighted_unifrac","within_participant_site_between_systems","S005__Forehead",0.263348924896904,10,0.120062689169092,0.143286235727812,119.342850572015
"filter_at_threshold_0.5_fixed_50_samples","prevalence_ge_2","unweighted_unifrac","between_participants_matched_site_system","Antecubital__Copan",0.723764202341595,10,0.804813718721013,-0.0810495163794173,-10.0705932930938
"filter_at_threshold_0.5_fixed_50_samples","prevalence_ge_2","unweighted_unifrac","between_participants_matched_site_system","Antecubital__Eswab",0.674013374129524,10,0.675235404911876,-0.00122203078235184,-0.180978481498807
"filter_at_threshold_0.5_fixed_50_samples","prevalence_ge_2","unweighted_unifrac","between_participants_matched_site_system","Antecubital__Omni",0.679802729471927,10,0.727624151833423,-0.0478214223614963,-6.57226979629508
"filter_at_threshold_0.5_fixed_50_samples","prevalence_ge_2","unweighted_unifrac","between_participants_matched_site_system","Antecubital__Puritan_buffer",0.698008785670834,10,0.714539689124599,-0.0165309034537654,-2.31350388304082
"filter_at_threshold_0.5_fixed_50_samples","prevalence_ge_2","unweighted_unifrac","between_participants_matched_site_system","Antecubital__Puritan_gel",0.754442186398655,10,0.790441013332816,-0.0359988269341613,-4.55427113813033
"filter_at_threshold_0.5_fixed_50_samples","prevalence_ge_2","unweighted_unifrac","between_participants_matched_site_system","Forehead__Copan",0.684598468368573,10,0.837835722438635,-0.153237254070062,-18.2896539221369
"filter_at_threshold_0.5_fixed_50_samples","prevalence_ge_2","unweighted_unifrac","between_participants_matched_site_system","Forehead__Eswab",0.701481245577511,10,0.741779517860757,-0.0402982722832455,-5.4326482887345
"filter_at_threshold_0.5_fixed_50_samples","prevalence_ge_2","unweighted_unifrac","between_participants_matched_site_system","Forehead__Omni",0.626800749652888,10,0.65417040842155,-0.0273696587686624,-4.1838729505822
"filter_at_threshold_0.5_fixed_50_samples","prevalence_ge_2","unweighted_unifrac","between_participants_matched_site_system","Forehead__Puritan_buffer",0.669535648379027,10,0.785781579811412,-0.116245931432386,-14.7936696938461
"filter_at_threshold_0.5_fixed_50_samples","prevalence_ge_2","unweighted_unifrac","between_participants_matched_site_system","Forehead__Puritan_gel",0.830612483972814,10,0.724367460536758,0.106245023436056,14.6672827293109
"filter_at_threshold_0.5_fixed_50_samples","prevalence_ge_2","unweighted_unifrac","between_sites_matched_participant_system","S001__Copan",0.319041291396617,1,0.830970840721881,-0.511929549325265,-61.6061989468296
"filter_at_threshold_0.5_fixed_50_samples","prevalence_ge_2","unweighted_unifrac","between_sites_matched_participant_system","S001__Eswab",0.72888431980689,1,0.772177464592795,-0.043293144785906,-5.60663147670807
"filter_at_threshold_0.5_fixed_50_samples","prevalence_ge_2","unweighted_unifrac","between_sites_matched_participant_system","S001__Omni",0.623556902806846,1,0.605767488512561,0.0177894142942849,2.93667366301981
"filter_at_threshold_0.5_fixed_50_samples","prevalence_ge_2","unweighted_unifrac","between_sites_matched_participant_system","S001__Puritan_buffer",0.611303838754963,1,0.661411920985587,-0.050108082230624,-7.57592668664886
"filter_at_threshold_0.5_fixed_50_samples","prevalence_ge_2","unweighted_unifrac","between_sites_matched_participant_system","S001__Puritan_gel",0.49160393070262,1,0.518207922731548,-0.0266039920289278,-5.1338450961333
"filter_at_threshold_0.5_fixed_50_samples","prevalence_ge_2","unweighted_unifrac","between_sites_matched_participant_system","S002__Copan",0.512077586864207,1,0.70497127328793,-0.192893686423722,-27.3619215041319
"filter_at_threshold_0.5_fixed_50_samples","prevalence_ge_2","unweighted_unifrac","between_sites_matched_participant_system","S002__Eswab",0.498618382126258,1,0.692914059519204,-0.194295677392946,-28.0403716339315
"filter_at_threshold_0.5_fixed_50_samples","prevalence_ge_2","unweighted_unifrac","between_sites_matched_participant_system","S002__Omni",0.645190381526401,1,0.706184702050735,-0.0609943205243337,-8.6371625365444
"filter_at_threshold_0.5_fixed_50_samples","prevalence_ge_2","unweighted_unifrac","between_sites_matched_participant_system","S002__Puritan_buffer",0.701115868984548,1,0.790460083375253,-0.0893442143907044,-11.3028116497934
"filter_at_threshold_0.5_fixed_50_samples","prevalence_ge_2","unweighted_unifrac","between_sites_matched_participant_system","S002__Puritan_gel",0.496313391785519,1,0.694156178620243,-0.197842786834724,-28.5011922285228
"filter_at_threshold_0.5_fixed_50_samples","prevalence_ge_2","unweighted_unifrac","between_sites_matched_participant_system","S003__Copan",0.768573766069113,1,0.843138688825123,-0.0745649227560097,-8.84373161192647
"filter_at_threshold_0.5_fixed_50_samples","prevalence_ge_2","unweighted_unifrac","between_sites_matched_participant_system","S003__Eswab",0.659254597787379,1,0.755360864915162,-0.0961062671277829,-12.7232256252218
"filter_at_threshold_0.5_fixed_50_samples","prevalence_ge_2","unweighted_unifrac","between_sites_matched_participant_system","S003__Omni",0.595628345611157,1,0.650728491443368,-0.0551001458322108,-8.46745556045875
"filter_at_threshold_0.5_fixed_50_samples","prevalence_ge_2","unweighted_unifrac","between_sites_matched_participant_system","S003__Puritan_buffer",0.748121799245635,1,0.659017265070775,0.0891045341748592,13.5208193923857
"filter_at_threshold_0.5_fixed_50_samples","prevalence_ge_2","unweighted_unifrac","between_sites_matched_participant_system","S003__Puritan_gel",0.878808296847516,1,0.472104744874901,0.406703551972615,86.1468893053348
"filter_at_threshold_0.5_fixed_50_samples","prevalence_ge_2","unweighted_unifrac","between_sites_matched_participant_system","S004__Copan",0.583976834037332,1,0.759277670541619,-0.175300836504287,-23.087842999418
"filter_at_threshold_0.5_fixed_50_samples","prevalence_ge_2","unweighted_unifrac","between_sites_matched_participant_system","S004__Eswab",0.556212504972173,1,0.650421538604602,-0.0942090336324287,-14.4843041075396
"filter_at_threshold_0.5_fixed_50_samples","prevalence_ge_2","unweighted_unifrac","between_sites_matched_participant_system","S004__Omni",0.652128963151636,1,0.782748592218883,-0.130619629067247,-16.6873029687572
"filter_at_threshold_0.5_fixed_50_samples","prevalence_ge_2","unweighted_unifrac","between_sites_matched_participant_system","S004__Puritan_buffer",0.608381945373532,1,0.796479178266848,-0.188097232893317,-23.61608916163
"filter_at_threshold_0.5_fixed_50_samples","prevalence_ge_2","unweighted_unifrac","between_sites_matched_participant_system","S004__Puritan_gel",0.606767547588684,1,0.77925028523167,-0.172482737642986,-22.1344465201841
"filter_at_threshold_0.5_fixed_50_samples","prevalence_ge_2","unweighted_unifrac","between_sites_matched_participant_system","S005__Copan",0.739874350115807,1,0.733764422909824,0.00610992720598291,0.832682399857071
"filter_at_threshold_0.5_fixed_50_samples","prevalence_ge_2","unweighted_unifrac","between_sites_matched_participant_system","S005__Eswab",0.547362957724188,1,0.62310567501401,-0.0757427172898218,-12.1556776526099
"filter_at_threshold_0.5_fixed_50_samples","prevalence_ge_2","unweighted_unifrac","between_sites_matched_participant_system","S005__Omni",0.672769944978087,1,0.777072913536115,-0.104302968558028,-13.4225459080013
"filter_at_threshold_0.5_fixed_50_samples","prevalence_ge_2","unweighted_unifrac","between_sites_matched_participant_system","S005__Puritan_buffer",0.648231652820966,1,0.672264099549332,-0.0240324467283655,-3.57485201790133
"filter_at_threshold_0.5_fixed_50_samples","prevalence_ge_2","unweighted_unifrac","between_sites_matched_participant_system","S005__Puritan_gel",0.719078356964071,1,0.785295900952094,-0.0662175439880227,-8.43217746428327
"filter_at_threshold_0.5_fixed_50_samples","prevalence_ge_2","unweighted_unifrac","within_participant_site_between_systems","S001__Antecubital",0.406401231577461,10,0.543605414769881,-0.137204183192419,-25.23966455531
"filter_at_threshold_0.5_fixed_50_samples","prevalence_ge_2","unweighted_unifrac","within_participant_site_between_systems","S001__Forehead",0.330570247347179,10,0.654117643849617,-0.323547396502438,-49.4631813626513
"filter_at_threshold_0.5_fixed_50_samples","prevalence_ge_2","unweighted_unifrac","within_participant_site_between_systems","S002__Antecubital",0.566352266175611,10,0.673076973349345,-0.106724707173735,-15.8562410243593
"filter_at_threshold_0.5_fixed_50_samples","prevalence_ge_2","unweighted_unifrac","within_participant_site_between_systems","S002__Forehead",0.435028098139347,10,0.473674855219026,-0.0386467570796787,-8.15892096738142
"filter_at_threshold_0.5_fixed_50_samples","prevalence_ge_2","unweighted_unifrac","within_participant_site_between_systems","S003__Antecubital",0.601873277316399,10,0.645036569174674,-0.0431632918582757,-6.69160384402752
"filter_at_threshold_0.5_fixed_50_samples","prevalence_ge_2","unweighted_unifrac","within_participant_site_between_systems","S003__Forehead",0.494109627181391,10,0.466086504989193,0.0280231221921973,6.01242942934962
"filter_at_threshold_0.5_fixed_50_samples","prevalence_ge_2","unweighted_unifrac","within_participant_site_between_systems","S004__Antecubital",0.518330986302198,10,0.710932441137895,-0.192601454835697,-27.0913864230791
"filter_at_threshold_0.5_fixed_50_samples","prevalence_ge_2","unweighted_unifrac","within_participant_site_between_systems","S004__Forehead",0.593693762557404,10,0.744791114757825,-0.151097352200421,-20.287211972118
"filter_at_threshold_0.5_fixed_50_samples","prevalence_ge_2","unweighted_unifrac","within_participant_site_between_systems","S005__Antecubital",0.62553517010989,10,0.622444776563758,0.00309039354613161,0.496492807473187
"filter_at_threshold_0.5_fixed_50_samples","prevalence_ge_2","unweighted_unifrac","within_participant_site_between_systems","S005__Forehead",0.594633172882693,10,0.719609578696263,-0.12497640581357,-17.367251564382
"filter_at_threshold_0.5_fixed_50_samples","prevalence_ge_2","bray_curtis","between_participants_matched_site_system","Antecubital__Copan",0.877558817361597,10,0.89331157403481,-0.0157527566732125,-1.76341123646951
"filter_at_threshold_0.5_fixed_50_samples","prevalence_ge_2","bray_curtis","between_participants_matched_site_system","Antecubital__Eswab",0.857052132998556,10,0.861243017812304,-0.00419088481374752,-0.486608858019313
"filter_at_threshold_0.5_fixed_50_samples","prevalence_ge_2","bray_curtis","between_participants_matched_site_system","Antecubital__Omni",0.874317657257066,10,0.881642606530765,-0.0073249492736992,-0.830829773815337
"filter_at_threshold_0.5_fixed_50_samples","prevalence_ge_2","bray_curtis","between_participants_matched_site_system","Antecubital__Puritan_buffer",0.929312685221938,10,0.93145395026805,-0.00214126504611134,-0.229884155356809
"filter_at_threshold_0.5_fixed_50_samples","prevalence_ge_2","bray_curtis","between_participants_matched_site_system","Antecubital__Puritan_gel",0.873975499375704,10,0.88425977758381,-0.0102842782081061,-1.16303811038508
"filter_at_threshold_0.5_fixed_50_samples","prevalence_ge_2","bray_curtis","between_participants_matched_site_system","Forehead__Copan",0.702815246859716,10,0.717624907808867,-0.014809660949151,-2.06370497846424
"filter_at_threshold_0.5_fixed_50_samples","prevalence_ge_2","bray_curtis","between_participants_matched_site_system","Forehead__Eswab",0.54293592358887,10,0.640467183136183,-0.0975312595473135,-15.2281431610174
"filter_at_threshold_0.5_fixed_50_samples","prevalence_ge_2","bray_curtis","between_participants_matched_site_system","Forehead__Omni",0.795509581205172,10,0.802277920118609,-0.00676833891343787,-0.843640182997586
"filter_at_threshold_0.5_fixed_50_samples","prevalence_ge_2","bray_curtis","between_participants_matched_site_system","Forehead__Puritan_buffer",0.790075018400817,10,0.795155300014195,-0.00508028161337726,-0.638904326398449
"filter_at_threshold_0.5_fixed_50_samples","prevalence_ge_2","bray_curtis","between_participants_matched_site_system","Forehead__Puritan_gel",0.735123202061774,10,0.747149804157363,-0.0120266020955888,-1.60966408994143
"filter_at_threshold_0.5_fixed_50_samples","prevalence_ge_2","bray_curtis","between_sites_matched_participant_system","S001__Copan",0.260870491058608,1,0.261729148251598,-0.000858657192989554,-0.328070907931177
"filter_at_threshold_0.5_fixed_50_samples","prevalence_ge_2","bray_curtis","between_sites_matched_participant_system","S001__Eswab",0.626466725462195,1,0.632731439562847,-0.00626471410065144,-0.990106340374001
"filter_at_threshold_0.5_fixed_50_samples","prevalence_ge_2","bray_curtis","between_sites_matched_participant_system","S001__Omni",0.420902589443244,1,0.424761419789743,-0.00385883034649909,-0.908470065009484
"filter_at_threshold_0.5_fixed_50_samples","prevalence_ge_2","bray_curtis","between_sites_matched_participant_system","S001__Puritan_buffer",0.523227005531293,1,0.526974958114492,-0.00374795258319893,-0.711220244052781
"filter_at_threshold_0.5_fixed_50_samples","prevalence_ge_2","bray_curtis","between_sites_matched_participant_system","S001__Puritan_gel",0.727222518798094,1,0.729343199357509,-0.00212068055941583,-0.290765796031824
"filter_at_threshold_0.5_fixed_50_samples","prevalence_ge_2","bray_curtis","between_sites_matched_participant_system","S002__Copan",0.225139222069911,1,0.239831571353836,-0.0146923492839248,-6.12611142102242
"filter_at_threshold_0.5_fixed_50_samples","prevalence_ge_2","bray_curtis","between_sites_matched_participant_system","S002__Eswab",0.622518782326225,1,0.630901013616762,-0.00838223129053739,-1.32861274742366
"filter_at_threshold_0.5_fixed_50_samples","prevalence_ge_2","bray_curtis","between_sites_matched_participant_system","S002__Omni",0.606914073343811,1,0.675077273779915,-0.0681632004361038,-10.0970960042014
"filter_at_threshold_0.5_fixed_50_samples","prevalence_ge_2","bray_curtis","between_sites_matched_participant_system","S002__Puritan_buffer",0.474353796912603,1,0.486984763382006,-0.0126309664694031,-2.59370876034884
"filter_at_threshold_0.5_fixed_50_samples","prevalence_ge_2","bray_curtis","between_sites_matched_participant_system","S002__Puritan_gel",0.427912757953842,1,0.438038095099832,-0.0101253371459906,-2.31151976489235
"filter_at_threshold_0.5_fixed_50_samples","prevalence_ge_2","bray_curtis","between_sites_matched_participant_system","S003__Copan",0.87956519064534,1,0.879950353601815,-0.000385162956474949,-0.0437709871810835
"filter_at_threshold_0.5_fixed_50_samples","prevalence_ge_2","bray_curtis","between_sites_matched_participant_system","S003__Eswab",0.677934505305308,1,0.688377161579588,-0.0104426562742799,-1.51699632950018
"filter_at_threshold_0.5_fixed_50_samples","prevalence_ge_2","bray_curtis","between_sites_matched_participant_system","S003__Omni",0.896555122880512,1,0.904267205441914,-0.0077120825614021,-0.852854390272089
"filter_at_threshold_0.5_fixed_50_samples","prevalence_ge_2","bray_curtis","between_sites_matched_participant_system","S003__Puritan_buffer",0.996435515230071,1,0.996435515230071,-2.22044604925031e-16,-2.22838910828828e-14
"filter_at_threshold_0.5_fixed_50_samples","prevalence_ge_2","bray_curtis","between_sites_matched_participant_system","S003__Puritan_gel",0.9912562257886,1,0.99126782358793,-1.15977993300209e-05,-0.00116999654927185
"filter_at_threshold_0.5_fixed_50_samples","prevalence_ge_2","bray_curtis","between_sites_matched_participant_system","S004__Copan",0.632461131168231,1,0.670373629056129,-0.0379124978878976,-5.65542799487468
"filter_at_threshold_0.5_fixed_50_samples","prevalence_ge_2","bray_curtis","between_sites_matched_participant_system","S004__Eswab",0.845434571130583,1,0.848088224954515,-0.00265365382393135,-0.312898321878442
"filter_at_threshold_0.5_fixed_50_samples","prevalence_ge_2","bray_curtis","between_sites_matched_participant_system","S004__Omni",0.627464341850964,1,0.648742195294266,-0.0212778534433014,-3.27986272476848
"filter_at_threshold_0.5_fixed_50_samples","prevalence_ge_2","bray_curtis","between_sites_matched_participant_system","S004__Puritan_buffer",0.80158805540044,1,0.8112197818418,-0.00963172644136012,-1.18731404940498
"filter_at_threshold_0.5_fixed_50_samples","prevalence_ge_2","bray_curtis","between_sites_matched_participant_system","S004__Puritan_gel",0.70663420500601,1,0.727493130351722,-0.0208589253457121,-2.8672333078427
"filter_at_threshold_0.5_fixed_50_samples","prevalence_ge_2","bray_curtis","between_sites_matched_participant_system","S005__Copan",0.937728281490448,1,0.938950634624544,-0.00122235313409624,-0.13018289663173
"filter_at_threshold_0.5_fixed_50_samples","prevalence_ge_2","bray_curtis","between_sites_matched_participant_system","S005__Eswab",0.919175124271493,1,0.924815243453505,-0.0056401191820119,-0.609864426644851
"filter_at_threshold_0.5_fixed_50_samples","prevalence_ge_2","bray_curtis","between_sites_matched_participant_system","S005__Omni",0.925786753996905,1,0.927370646113497,-0.00158389211659216,-0.17079385930858
"filter_at_threshold_0.5_fixed_50_samples","prevalence_ge_2","bray_curtis","between_sites_matched_participant_system","S005__Puritan_buffer",0.711348060889338,1,0.731945761283429,-0.0205977003940908,-2.81410201187227
"filter_at_threshold_0.5_fixed_50_samples","prevalence_ge_2","bray_curtis","between_sites_matched_participant_system","S005__Puritan_gel",0.905309470017298,1,0.908743900889769,-0.00343443087247097,-0.377931655894279
"filter_at_threshold_0.5_fixed_50_samples","prevalence_ge_2","bray_curtis","within_participant_site_between_systems","S001__Antecubital",0.382304957714989,10,0.387367658697218,-0.00506270098222983,-1.30694983656006
"filter_at_threshold_0.5_fixed_50_samples","prevalence_ge_2","bray_curtis","within_participant_site_between_systems","S001__Forehead",0.0572533222617926,10,0.0583951941794449,-0.00114187191765235,-1.95542104739553
"filter_at_threshold_0.5_fixed_50_samples","prevalence_ge_2","bray_curtis","within_participant_site_between_systems","S002__Antecubital",0.466674476282589,10,0.494123512813118,-0.0274490365305295,-5.55509620949994
"filter_at_threshold_0.5_fixed_50_samples","prevalence_ge_2","bray_curtis","within_participant_site_between_systems","S002__Forehead",0.0530051692149902,10,0.0558191562781083,-0.00281398706311809,-5.04125689234344
"filter_at_threshold_0.5_fixed_50_samples","prevalence_ge_2","bray_curtis","within_participant_site_between_systems","S003__Antecubital",0.50163287980578,10,0.527024265873915,-0.0253913860681352,-4.81787798253104
"filter_at_threshold_0.5_fixed_50_samples","prevalence_ge_2","bray_curtis","within_participant_site_between_systems","S003__Forehead",0.155192315497996,10,0.194851537395492,-0.039659221897496,-20.3535586260217
"filter_at_threshold_0.5_fixed_50_samples","prevalence_ge_2","bray_curtis","within_participant_site_between_systems","S004__Antecubital",0.600305506755565,10,0.636139597841796,-0.0358340910862306,-5.63305463263149
"filter_at_threshold_0.5_fixed_50_samples","prevalence_ge_2","bray_curtis","within_participant_site_between_systems","S004__Forehead",0.320098780597858,10,0.346947588001735,-0.0268488074038766,-7.73857733339895
"filter_at_threshold_0.5_fixed_50_samples","prevalence_ge_2","bray_curtis","within_participant_site_between_systems","S005__Antecubital",0.499077673784634,10,0.502956750738448,-0.00387907695381456,-0.771254575690503
"filter_at_threshold_0.5_fixed_50_samples","prevalence_ge_2","bray_curtis","within_participant_site_between_systems","S005__Forehead",0.49688678520705,10,0.588749250604983,-0.091862465397933,-15.6029863823245
"filter_at_threshold_0.5_fixed_50_samples","prevalence_ge_5","weighted_unifrac","between_participants_matched_site_system","Antecubital__Copan",0.305682420706914,10,0.239581352544714,0.0661010681622001,27.5902391651551
"filter_at_threshold_0.5_fixed_50_samples","prevalence_ge_5","weighted_unifrac","between_participants_matched_site_system","Antecubital__Eswab",0.320367684773498,10,0.0791862977532136,0.241181387020284,304.574647209714
"filter_at_threshold_0.5_fixed_50_samples","prevalence_ge_5","weighted_unifrac","between_participants_matched_site_system","Antecubital__Omni",0.429499601462104,10,0.131147153613434,0.29835244784867,227.494413434306
"filter_at_threshold_0.5_fixed_50_samples","prevalence_ge_5","weighted_unifrac","between_participants_matched_site_system","Antecubital__Puritan_buffer",0.382991435721028,10,0.139092594230023,0.243898841491005,175.349983829952
"filter_at_threshold_0.5_fixed_50_samples","prevalence_ge_5","weighted_unifrac","between_participants_matched_site_system","Antecubital__Puritan_gel",0.251015541568524,10,0.101484839825344,0.14953070174318,147.342895747309
"filter_at_threshold_0.5_fixed_50_samples","prevalence_ge_5","weighted_unifrac","between_participants_matched_site_system","Forehead__Copan",0.439343561590236,10,0.242758246989669,0.196585314600567,80.9798707307904
"filter_at_threshold_0.5_fixed_50_samples","prevalence_ge_5","weighted_unifrac","between_participants_matched_site_system","Forehead__Eswab",0.360521577180293,10,0.209454666732832,0.151066910447461,72.1239172198311
"filter_at_threshold_0.5_fixed_50_samples","prevalence_ge_5","weighted_unifrac","between_participants_matched_site_system","Forehead__Omni",0.549690667183436,10,0.341078476385675,0.208612190797761,61.1625198424637
"filter_at_threshold_0.5_fixed_50_samples","prevalence_ge_5","weighted_unifrac","between_participants_matched_site_system","Forehead__Puritan_buffer",0.543288686736142,10,0.228702310183219,0.314586376552922,137.552776052371
"filter_at_threshold_0.5_fixed_50_samples","prevalence_ge_5","weighted_unifrac","between_participants_matched_site_system","Forehead__Puritan_gel",0.48437029309865,10,0.197186716649984,0.287183576448666,145.640427168545
"filter_at_threshold_0.5_fixed_50_samples","prevalence_ge_5","weighted_unifrac","between_sites_matched_participant_system","S001__Copan",0.163266245166595,1,0.118703586162941,0.0445626590036539,37.5411227614337
"filter_at_threshold_0.5_fixed_50_samples","prevalence_ge_5","weighted_unifrac","between_sites_matched_participant_system","S001__Eswab",0.362241252241021,1,0.299698932411088,0.0625423198299332,20.8683825887461
"filter_at_threshold_0.5_fixed_50_samples","prevalence_ge_5","weighted_unifrac","between_sites_matched_participant_system","S001__Omni",0.283817036357992,1,0.196009155711058,0.0878078806469343,44.7978464722199
"filter_at_threshold_0.5_fixed_50_samples","prevalence_ge_5","weighted_unifrac","between_sites_matched_participant_system","S001__Puritan_buffer",0.357729725421026,1,0.246854402236843,0.110875323184183,44.9152707747964
"filter_at_threshold_0.5_fixed_50_samples","prevalence_ge_5","weighted_unifrac","between_sites_matched_participant_system","S001__Puritan_gel",0.38298335933777,1,0.35215402084111,0.0308293384966599,8.75450418627192
"filter_at_threshold_0.5_fixed_50_samples","prevalence_ge_5","weighted_unifrac","between_sites_matched_participant_system","S002__Copan",0.172514806716249,1,0.108682096170832,0.0638327105454162,58.7334186535016
"filter_at_threshold_0.5_fixed_50_samples","prevalence_ge_5","weighted_unifrac","between_sites_matched_participant_system","S002__Eswab",0.393332587911043,1,0.308844072857493,0.0844885150535503,27.3563660367007
"filter_at_threshold_0.5_fixed_50_samples","prevalence_ge_5","weighted_unifrac","between_sites_matched_participant_system","S002__Omni",0.545007032871783,1,0.304787562040176,0.240219470831607,78.8153785619185
"filter_at_threshold_0.5_fixed_50_samples","prevalence_ge_5","weighted_unifrac","between_sites_matched_participant_system","S002__Puritan_buffer",0.336126857075483,1,0.228685136308924,0.107441720766558,46.9823804470695
"filter_at_threshold_0.5_fixed_50_samples","prevalence_ge_5","weighted_unifrac","between_sites_matched_participant_system","S002__Puritan_gel",0.221212065784597,1,0.199996186215452,0.021215879569145,10.6081420704141
"filter_at_threshold_0.5_fixed_50_samples","prevalence_ge_5","weighted_unifrac","between_sites_matched_participant_system","S003__Copan",0.516753619379762,1,0.0939293774927445,0.422824241887017,450.151223369577
"filter_at_threshold_0.5_fixed_50_samples","prevalence_ge_5","weighted_unifrac","between_sites_matched_participant_system","S003__Eswab",0.430158316953732,1,0.033090757686952,0.39706755926678,1199.9349275201
"filter_at_threshold_0.5_fixed_50_samples","prevalence_ge_5","weighted_unifrac","between_sites_matched_participant_system","S003__Omni",0.456440691745202,1,0.051978027897432,0.40446266384777,778.141611386054
"filter_at_threshold_0.5_fixed_50_samples","prevalence_ge_5","weighted_unifrac","between_sites_matched_participant_system","S003__Puritan_buffer",0.539519651418341,1,0.101679922060645,0.437839729357696,430.605886082952
"filter_at_threshold_0.5_fixed_50_samples","prevalence_ge_5","weighted_unifrac","between_sites_matched_participant_system","S003__Puritan_gel",0.57617269384707,1,0.109616644392069,0.466556049455,425.625188622135
"filter_at_threshold_0.5_fixed_50_samples","prevalence_ge_5","weighted_unifrac","between_sites_matched_participant_system","S004__Copan",0.243323843651221,1,0.124797795372187,0.118526048279034,94.9744728466965
"filter_at_threshold_0.5_fixed_50_samples","prevalence_ge_5","weighted_unifrac","between_sites_matched_participant_system","S004__Eswab",0.420077077980422,1,0.358469203729103,0.0616078742513192,17.186378525804
"filter_at_threshold_0.5_fixed_50_samples","prevalence_ge_5","weighted_unifrac","between_sites_matched_participant_system","S004__Omni",0.29694854934487,1,0.0857068275882549,0.211241721756615,246.470121110355
"filter_at_threshold_0.5_fixed_50_samples","prevalence_ge_5","weighted_unifrac","between_sites_matched_participant_system","S004__Puritan_buffer",0.300025427170741,1,0.0880329593766089,0.211992467794133,240.810338872307
"filter_at_threshold_0.5_fixed_50_samples","prevalence_ge_5","weighted_unifrac","between_sites_matched_participant_system","S004__Puritan_gel",0.249231165660564,1,0.10660317710179,0.142627988558774,133.793375053528
"filter_at_threshold_0.5_fixed_50_samples","prevalence_ge_5","weighted_unifrac","between_sites_matched_participant_system","S005__Copan",0.205168775812287,1,0.272457750137802,-0.0672889743255141,-24.6970307475127
"filter_at_threshold_0.5_fixed_50_samples","prevalence_ge_5","weighted_unifrac","between_sites_matched_participant_system","S005__Eswab",0.423626982628831,1,0.177423306316352,0.246203676312479,138.766254233527
"filter_at_threshold_0.5_fixed_50_samples","prevalence_ge_5","weighted_unifrac","between_sites_matched_participant_system","S005__Omni",0.858224083604818,1,0.374465208784804,0.483758874820014,129.186600910104
"filter_at_threshold_0.5_fixed_50_samples","prevalence_ge_5","weighted_unifrac","between_sites_matched_participant_system","S005__Puritan_buffer",0.25976192801568,1,0.155374774545272,0.104387153470407,67.184106156171
"filter_at_threshold_0.5_fixed_50_samples","prevalence_ge_5","weighted_unifrac","between_sites_matched_participant_system","S005__Puritan_gel",0.140812263709667,1,0.210795870640518,-0.0699836069308509,-33.1997048700247
"filter_at_threshold_0.5_fixed_50_samples","prevalence_ge_5","weighted_unifrac","within_participant_site_between_systems","S001__Antecubital",0.205733111809028,10,0.105681797465082,0.100051314343945,94.6722299807614
"filter_at_threshold_0.5_fixed_50_samples","prevalence_ge_5","weighted_unifrac","within_participant_site_between_systems","S001__Forehead",0.051435563837725,10,0.0256329952724605,0.0258025685652645,100.661543026875
"filter_at_threshold_0.5_fixed_50_samples","prevalence_ge_5","weighted_unifrac","within_participant_site_between_systems","S002__Antecubital",0.204727308097598,10,0.091121088186019,0.113606219911579,124.676100969797
"filter_at_threshold_0.5_fixed_50_samples","prevalence_ge_5","weighted_unifrac","within_participant_site_between_systems","S002__Forehead",0.0783663502675477,10,0.0263229730463409,0.0520433772212068,197.710863167264
"filter_at_threshold_0.5_fixed_50_samples","prevalence_ge_5","weighted_unifrac","within_participant_site_between_systems","S003__Antecubital",0.174656460904611,10,0.0477431268189668,0.126913334085645,265.825350247538
"filter_at_threshold_0.5_fixed_50_samples","prevalence_ge_5","weighted_unifrac","within_participant_site_between_systems","S003__Forehead",0.0982509397646084,10,0.0207112688918345,0.0775396708727739,374.383970763588
"filter_at_threshold_0.5_fixed_50_samples","prevalence_ge_5","weighted_unifrac","within_participant_site_between_systems","S004__Antecubital",0.170169207706024,10,0.0215023955615367,0.148666812144487,691.396508444954
"filter_at_threshold_0.5_fixed_50_samples","prevalence_ge_5","weighted_unifrac","within_participant_site_between_systems","S004__Forehead",0.188122541283935,10,0.0506383486832577,0.137484192600677,271.502124724957
"filter_at_threshold_0.5_fixed_50_samples","prevalence_ge_5","weighted_unifrac","within_participant_site_between_systems","S005__Antecubital",0.213900803662297,10,0.0113821348481991,0.202518668814098,1779.26787474444
"filter_at_threshold_0.5_fixed_50_samples","prevalence_ge_5","weighted_unifrac","within_participant_site_between_systems","S005__Forehead",0.279047392181174,10,0.120062689169092,0.158984703012082,132.418076017083
"filter_at_threshold_0.5_fixed_50_samples","prevalence_ge_5","unweighted_unifrac","between_participants_matched_site_system","Antecubital__Copan",0.675205893939752,10,0.804813718721013,-0.12960782478126,-16.1040774736332
"filter_at_threshold_0.5_fixed_50_samples","prevalence_ge_5","unweighted_unifrac","between_participants_matched_site_system","Antecubital__Eswab",0.595280876528791,10,0.675235404911876,-0.0799545283830849,-11.84098579569
"filter_at_threshold_0.5_fixed_50_samples","prevalence_ge_5","unweighted_unifrac","between_participants_matched_site_system","Antecubital__Omni",0.604106317471703,10,0.727624151833423,-0.12351783436172,-16.9754995144798
"filter_at_threshold_0.5_fixed_50_samples","prevalence_ge_5","unweighted_unifrac","between_participants_matched_site_system","Antecubital__Puritan_buffer",0.683493516601271,10,0.714539689124599,-0.0310461725233275,-4.3449192530317
"filter_at_threshold_0.5_fixed_50_samples","prevalence_ge_5","unweighted_unifrac","between_participants_matched_site_system","Antecubital__Puritan_gel",0.708128105797753,10,0.790441013332816,-0.0823129075350628,-10.41354207925
"filter_at_threshold_0.5_fixed_50_samples","prevalence_ge_5","unweighted_unifrac","between_participants_matched_site_system","Forehead__Copan",0.610970716386481,10,0.837835722438635,-0.226865006052154,-27.0775045723561
"filter_at_threshold_0.5_fixed_50_samples","prevalence_ge_5","unweighted_unifrac","between_participants_matched_site_system","Forehead__Eswab",0.563965261545385,10,0.741779517860757,-0.177814256315371,-23.971308459443
"filter_at_threshold_0.5_fixed_50_samples","prevalence_ge_5","unweighted_unifrac","between_participants_matched_site_system","Forehead__Omni",0.549197176666325,10,0.65417040842155,-0.104973231755226,-16.0467716674186
"filter_at_threshold_0.5_fixed_50_samples","prevalence_ge_5","unweighted_unifrac","between_participants_matched_site_system","Forehead__Puritan_buffer",0.565772625720355,10,0.785781579811412,-0.220008954091057,-27.9987416024514
"filter_at_threshold_0.5_fixed_50_samples","prevalence_ge_5","unweighted_unifrac","between_participants_matched_site_system","Forehead__Puritan_gel",0.760123568343629,10,0.724367460536758,0.035756107806871,4.93618360222526
"filter_at_threshold_0.5_fixed_50_samples","prevalence_ge_5","unweighted_unifrac","between_sites_matched_participant_system","S001__Copan",0.434205570889752,1,0.830970840721881,-0.396765269832129,-47.7471952550646
"filter_at_threshold_0.5_fixed_50_samples","prevalence_ge_5","unweighted_unifrac","between_sites_matched_participant_system","S001__Eswab",0.60915163721058,1,0.772177464592795,-0.163025827382215,-21.1124818914764
"filter_at_threshold_0.5_fixed_50_samples","prevalence_ge_5","unweighted_unifrac","between_sites_matched_participant_system","S001__Omni",0.500144835597867,1,0.605767488512561,-0.105622652914694,-17.4361706294351
"filter_at_threshold_0.5_fixed_50_samples","prevalence_ge_5","unweighted_unifrac","between_sites_matched_participant_system","S001__Puritan_buffer",0.715172641079266,1,0.661411920985587,0.0537607200936789,8.12817525477446
"filter_at_threshold_0.5_fixed_50_samples","prevalence_ge_5","unweighted_unifrac","between_sites_matched_participant_system","S001__Puritan_gel",0.397657643662624,1,0.518207922731548,-0.120550279068924,-23.2629170224735
"filter_at_threshold_0.5_fixed_50_samples","prevalence_ge_5","unweighted_unifrac","between_sites_matched_participant_system","S002__Copan",0.275798957818427,1,0.70497127328793,-0.429172315469502,-60.8779863423196
"filter_at_threshold_0.5_fixed_50_samples","prevalence_ge_5","unweighted_unifrac","between_sites_matched_participant_system","S002__Eswab",0.450314143476502,1,0.692914059519204,-0.242599916042702,-35.0115447521784
"filter_at_threshold_0.5_fixed_50_samples","prevalence_ge_5","unweighted_unifrac","between_sites_matched_participant_system","S002__Omni",0.72579959321453,1,0.706184702050735,0.0196148911637958,2.77758653038431
"filter_at_threshold_0.5_fixed_50_samples","prevalence_ge_5","unweighted_unifrac","between_sites_matched_participant_system","S002__Puritan_buffer",0.630830400751545,1,0.790460083375253,-0.159629682623708,-20.1945279693431
"filter_at_threshold_0.5_fixed_50_samples","prevalence_ge_5","unweighted_unifrac","between_sites_matched_participant_system","S002__Puritan_gel",0.532416620690078,1,0.694156178620243,-0.161739557930165,-23.300168306742
"filter_at_threshold_0.5_fixed_50_samples","prevalence_ge_5","unweighted_unifrac","between_sites_matched_participant_system","S003__Copan",0.659407248355828,1,0.843138688825123,-0.183731440469294,-21.7913663439305
"filter_at_threshold_0.5_fixed_50_samples","prevalence_ge_5","unweighted_unifrac","between_sites_matched_participant_system","S003__Eswab",0.566891508667699,1,0.755360864915162,-0.188469356247463,-24.9509029394356
"filter_at_threshold_0.5_fixed_50_samples","prevalence_ge_5","unweighted_unifrac","between_sites_matched_participant_system","S003__Omni",0.421854144209329,1,0.650728491443368,-0.228874347234038,-35.1720187825765
"filter_at_threshold_0.5_fixed_50_samples","prevalence_ge_5","unweighted_unifrac","between_sites_matched_participant_system","S003__Puritan_buffer",0.677161525710429,1,0.659017265070775,0.0181442606396534,2.75322993817237
"filter_at_threshold_0.5_fixed_50_samples","prevalence_ge_5","unweighted_unifrac","between_sites_matched_participant_system","S003__Puritan_gel",0.853710931956136,1,0.472104744874901,0.381606187081235,80.8308307052396
"filter_at_threshold_0.5_fixed_50_samples","prevalence_ge_5","unweighted_unifrac","between_sites_matched_participant_system","S004__Copan",0.26416248389949,1,0.759277670541619,-0.495115186642129,-65.2087116283752
"filter_at_threshold_0.5_fixed_50_samples","prevalence_ge_5","unweighted_unifrac","between_sites_matched_participant_system","S004__Eswab",0.510599186292373,1,0.650421538604602,-0.139822352312229,-21.4971897474675
"filter_at_threshold_0.5_fixed_50_samples","prevalence_ge_5","unweighted_unifrac","between_sites_matched_participant_system","S004__Omni",0.435904201526244,1,0.782748592218883,-0.346844390692639,-44.3110845730719
"filter_at_threshold_0.5_fixed_50_samples","prevalence_ge_5","unweighted_unifrac","between_sites_matched_participant_system","S004__Puritan_buffer",0.425136416160186,1,0.796479178266848,-0.371342762106662,-46.6230345047701
"filter_at_threshold_0.5_fixed_50_samples","prevalence_ge_5","unweighted_unifrac","between_sites_matched_participant_system","S004__Puritan_gel",0.475902185984792,1,0.77925028523167,-0.303348099246878,-38.9281986796698
"filter_at_threshold_0.5_fixed_50_samples","prevalence_ge_5","unweighted_unifrac","between_sites_matched_participant_system","S005__Copan",0.51355808666897,1,0.733764422909824,-0.220206336240854,-30.0104951078987
"filter_at_threshold_0.5_fixed_50_samples","prevalence_ge_5","unweighted_unifrac","between_sites_matched_participant_system","S005__Eswab",0.420903705953487,1,0.62310567501401,-0.202201969060523,-32.4506704349911
"filter_at_threshold_0.5_fixed_50_samples","prevalence_ge_5","unweighted_unifrac","between_sites_matched_participant_system","S005__Omni",0.409522346361945,1,0.777072913536115,-0.36755056717417,-47.2993667353054
"filter_at_threshold_0.5_fixed_50_samples","prevalence_ge_5","unweighted_unifrac","between_sites_matched_participant_system","S005__Puritan_buffer",0.267868745325567,1,0.672264099549332,-0.404395354223765,-60.1542391591133
"filter_at_threshold_0.5_fixed_50_samples","prevalence_ge_5","unweighted_unifrac","between_sites_matched_participant_system","S005__Puritan_gel",0.62168636170563,1,0.785295900952094,-0.163609539246464,-20.8341262252997
"filter_at_threshold_0.5_fixed_50_samples","prevalence_ge_5","unweighted_unifrac","within_participant_site_between_systems","S001__Antecubital",0.379988964592161,10,0.543605414769881,-0.16361645017772,-30.0983849189548
"filter_at_threshold_0.5_fixed_50_samples","prevalence_ge_5","unweighted_unifrac","within_participant_site_between_systems","S001__Forehead",0.363141102592556,10,0.654117643849617,-0.290976541257061,-44.4838239715725
"filter_at_threshold_0.5_fixed_50_samples","prevalence_ge_5","unweighted_unifrac","within_participant_site_between_systems","S002__Antecubital",0.480168725618882,10,0.673076973349345,-0.192908247730463,-28.6606518078488
"filter_at_threshold_0.5_fixed_50_samples","prevalence_ge_5","unweighted_unifrac","within_participant_site_between_systems","S002__Forehead",0.276442918242171,10,0.473674855219026,-0.197231936976854,-41.6386757295054
"filter_at_threshold_0.5_fixed_50_samples","prevalence_ge_5","unweighted_unifrac","within_participant_site_between_systems","S003__Antecubital",0.639727443069684,10,0.645036569174674,-0.00530912610499068,-0.823073661045872
"filter_at_threshold_0.5_fixed_50_samples","prevalence_ge_5","unweighted_unifrac","within_participant_site_between_systems","S003__Forehead",0.371113149634229,10,0.466086504989193,-0.094973355354964,-20.3767657587868
"filter_at_threshold_0.5_fixed_50_samples","prevalence_ge_5","unweighted_unifrac","within_participant_site_between_systems","S004__Antecubital",0.323817436966442,10,0.710932441137895,-0.387115004171452,-54.4517287116409
"filter_at_threshold_0.5_fixed_50_samples","prevalence_ge_5","unweighted_unifrac","within_participant_site_between_systems","S004__Forehead",0.455249766088503,10,0.744791114757825,-0.289541348669322,-38.8755105870817
"filter_at_threshold_0.5_fixed_50_samples","prevalence_ge_5","unweighted_unifrac","within_participant_site_between_systems","S005__Antecubital",0.38758990845148,10,0.622444776563758,-0.234854868112278,-37.7310368654401
"filter_at_threshold_0.5_fixed_50_samples","prevalence_ge_5","unweighted_unifrac","within_participant_site_between_systems","S005__Forehead",0.428338703581745,10,0.719609578696263,-0.291270875114518,-40.4762365228964
"filter_at_threshold_0.5_fixed_50_samples","prevalence_ge_5","bray_curtis","between_participants_matched_site_system","Antecubital__Copan",0.853536275968022,10,0.89331157403481,-0.0397752980667878,-4.45256719188527
"filter_at_threshold_0.5_fixed_50_samples","prevalence_ge_5","bray_curtis","between_participants_matched_site_system","Antecubital__Eswab",0.841936196195287,10,0.861243017812304,-0.019306821617017,-2.24173911633669
"filter_at_threshold_0.5_fixed_50_samples","prevalence_ge_5","bray_curtis","between_participants_matched_site_system","Antecubital__Omni",0.861714036742682,10,0.881642606530765,-0.0199285697880827,-2.26039096119696
"filter_at_threshold_0.5_fixed_50_samples","prevalence_ge_5","bray_curtis","between_participants_matched_site_system","Antecubital__Puritan_buffer",0.921301369084596,10,0.93145395026805,-0.0101525811834539,-1.08997134861387
"filter_at_threshold_0.5_fixed_50_samples","prevalence_ge_5","bray_curtis","between_participants_matched_site_system","Antecubital__Puritan_gel",0.819017155602677,10,0.88425977758381,-0.065242621981133,-7.37821889393236
"filter_at_threshold_0.5_fixed_50_samples","prevalence_ge_5","bray_curtis","between_participants_matched_site_system","Forehead__Copan",0.66682163288585,10,0.717624907808867,-0.0508032749230172,-7.07936337914126
"filter_at_threshold_0.5_fixed_50_samples","prevalence_ge_5","bray_curtis","between_participants_matched_site_system","Forehead__Eswab",0.418603946585392,10,0.640467183136183,-0.221863236550791,-34.6408438078576
"filter_at_threshold_0.5_fixed_50_samples","prevalence_ge_5","bray_curtis","between_participants_matched_site_system","Forehead__Omni",0.78223251569067,10,0.802277920118609,-0.0200454044279398,-2.49856115010323
"filter_at_threshold_0.5_fixed_50_samples","prevalence_ge_5","bray_curtis","between_participants_matched_site_system","Forehead__Puritan_buffer",0.783241357479072,10,0.795155300014195,-0.0119139425351229,-1.49831643389791
"filter_at_threshold_0.5_fixed_50_samples","prevalence_ge_5","bray_curtis","between_participants_matched_site_system","Forehead__Puritan_gel",0.711143274212221,10,0.747149804157363,-0.0360065299451424,-4.81918482007108
"filter_at_threshold_0.5_fixed_50_samples","prevalence_ge_5","bray_curtis","between_sites_matched_participant_system","S001__Copan",0.250565327636413,1,0.261729148251598,-0.0111638206151844,-4.26540975270083
"filter_at_threshold_0.5_fixed_50_samples","prevalence_ge_5","bray_curtis","between_sites_matched_participant_system","S001__Eswab",0.604728377311682,1,0.632731439562847,-0.0280030622511641,-4.42574218700297
"filter_at_threshold_0.5_fixed_50_samples","prevalence_ge_5","bray_curtis","between_sites_matched_participant_system","S001__Omni",0.403188513147251,1,0.424761419789743,-0.0215729066424922,-5.07882911145057
"filter_at_threshold_0.5_fixed_50_samples","prevalence_ge_5","bray_curtis","between_sites_matched_participant_system","S001__Puritan_buffer",0.509697117885936,1,0.526974958114492,-0.0172778402285561,-3.27868335345115
"filter_at_threshold_0.5_fixed_50_samples","prevalence_ge_5","bray_curtis","between_sites_matched_participant_system","S001__Puritan_gel",0.717281927638665,1,0.729343199357509,-0.0120612717188445,-1.65371689617035
"filter_at_threshold_0.5_fixed_50_samples","prevalence_ge_5","bray_curtis","between_sites_matched_participant_system","S002__Copan",0.20307185981992,1,0.239831571353836,-0.0367597115339152,-15.3273029594931
"filter_at_threshold_0.5_fixed_50_samples","prevalence_ge_5","bray_curtis","between_sites_matched_participant_system","S002__Eswab",0.571620686854977,1,0.630901013616762,-0.0592803267617859,-9.39613750530371
"filter_at_threshold_0.5_fixed_50_samples","prevalence_ge_5","bray_curtis","between_sites_matched_participant_system","S002__Omni",0.545153365902164,1,0.675077273779915,-0.12992390787775,-19.245783101285
"filter_at_threshold_0.5_fixed_50_samples","prevalence_ge_5","bray_curtis","between_sites_matched_participant_system","S002__Puritan_buffer",0.443605605913957,1,0.486984763382006,-0.0433791574680487,-8.90770322397555
"filter_at_threshold_0.5_fixed_50_samples","prevalence_ge_5","bray_curtis","between_sites_matched_participant_system","S002__Puritan_gel",0.407943135931204,1,0.438038095099832,-0.0300949591686284,-6.87039769035831
"filter_at_threshold_0.5_fixed_50_samples","prevalence_ge_5","bray_curtis","between_sites_matched_participant_system","S003__Copan",0.877347042892018,1,0.879950353601815,-0.00260331070979691,-0.295847453113807
"filter_at_threshold_0.5_fixed_50_samples","prevalence_ge_5","bray_curtis","between_sites_matched_participant_system","S003__Eswab",0.687177001672328,1,0.688377161579588,-0.00120015990726008,-0.174346270365235
"filter_at_threshold_0.5_fixed_50_samples","prevalence_ge_5","bray_curtis","between_sites_matched_participant_system","S003__Omni",0.878594879020909,1,0.904267205441914,-0.0256723264210049,-2.83901995632573
"filter_at_threshold_0.5_fixed_50_samples","prevalence_ge_5","bray_curtis","between_sites_matched_participant_system","S003__Puritan_buffer",0.996435515230071,1,0.996435515230071,-2.22044604925031e-16,-2.22838910828828e-14
"filter_at_threshold_0.5_fixed_50_samples","prevalence_ge_5","bray_curtis","between_sites_matched_participant_system","S003__Puritan_gel",0.9912562257886,1,0.99126782358793,-1.15977993299099e-05,-0.00116999654926065
"filter_at_threshold_0.5_fixed_50_samples","prevalence_ge_5","bray_curtis","between_sites_matched_participant_system","S004__Copan",0.571436279278833,1,0.670373629056129,-0.0989373497772958,-14.7585384461793
"filter_at_threshold_0.5_fixed_50_samples","prevalence_ge_5","bray_curtis","between_sites_matched_participant_system","S004__Eswab",0.840957546533843,1,0.848088224954515,-0.00713067842067161,-0.840794413936598
"filter_at_threshold_0.5_fixed_50_samples","prevalence_ge_5","bray_curtis","between_sites_matched_participant_system","S004__Omni",0.551352940784202,1,0.648742195294266,-0.0973892545100639,-15.0120117384824
"filter_at_threshold_0.5_fixed_50_samples","prevalence_ge_5","bray_curtis","between_sites_matched_participant_system","S004__Puritan_buffer",0.77067776793582,1,0.8112197818418,-0.0405420139059801,-4.99766090687941
"filter_at_threshold_0.5_fixed_50_samples","prevalence_ge_5","bray_curtis","between_sites_matched_participant_system","S004__Puritan_gel",0.629985417325916,1,0.727493130351722,-0.0975077130258061,-13.4032486298068
"filter_at_threshold_0.5_fixed_50_samples","prevalence_ge_5","bray_curtis","between_sites_matched_participant_system","S005__Copan",0.933681433083834,1,0.938950634624544,-0.00526920154071053,-0.561179826330009
"filter_at_threshold_0.5_fixed_50_samples","prevalence_ge_5","bray_curtis","between_sites_matched_participant_system","S005__Eswab",0.908238344144258,1,0.924815243453505,-0.0165768993092473,-1.79245524190808
"filter_at_threshold_0.5_fixed_50_samples","prevalence_ge_5","bray_curtis","between_sites_matched_participant_system","S005__Omni",0.925161768351152,1,0.927370646113497,-0.00220887776234524,-0.238187155438054
"filter_at_threshold_0.5_fixed_50_samples","prevalence_ge_5","bray_curtis","between_sites_matched_participant_system","S005__Puritan_buffer",0.705856924674306,1,0.731945761283429,-0.0260888366091233,-3.56431282058084
"filter_at_threshold_0.5_fixed_50_samples","prevalence_ge_5","bray_curtis","between_sites_matched_participant_system","S005__Puritan_gel",0.900752129127834,1,0.908743900889769,-0.00799177176193544,-0.879430580399003
"filter_at_threshold_0.5_fixed_50_samples","prevalence_ge_5","bray_curtis","within_participant_site_between_systems","S001__Antecubital",0.370067940949329,10,0.387367658697218,-0.0172997177478896,-4.46596853389141
"filter_at_threshold_0.5_fixed_50_samples","prevalence_ge_5","bray_curtis","within_participant_site_between_systems","S001__Forehead",0.0557693746444265,10,0.0583951941794449,-0.00262581953501837,-4.49663636180297
"filter_at_threshold_0.5_fixed_50_samples","prevalence_ge_5","bray_curtis","within_participant_site_between_systems","S002__Antecubital",0.395959203279722,10,0.494123512813118,-0.0981643095333968,-19.8663506163738
"filter_at_threshold_0.5_fixed_50_samples","prevalence_ge_5","bray_curtis","within_participant_site_between_systems","S002__Forehead",0.0503300435933049,10,0.0558191562781083,-0.00548911268480335,-9.83374355831338
"filter_at_threshold_0.5_fixed_50_samples","prevalence_ge_5","bray_curtis","within_participant_site_between_systems","S003__Antecubital",0.424120583440118,10,0.527024265873915,-0.102903682433796,-19.5254163986474
"filter_at_threshold_0.5_fixed_50_samples","prevalence_ge_5","bray_curtis","within_participant_site_between_systems","S003__Forehead",0.151630557272282,10,0.194851537395492,-0.0432209801232097,-22.1814929976579
"filter_at_threshold_0.5_fixed_50_samples","prevalence_ge_5","bray_curtis","within_participant_site_between_systems","S004__Antecubital",0.511570930624667,10,0.636139597841796,-0.124568667217129,-19.5819703159099
"filter_at_threshold_0.5_fixed_50_samples","prevalence_ge_5","bray_curtis","within_participant_site_between_systems","S004__Forehead",0.266383426535876,10,0.346947588001735,-0.0805641614658591,-23.2208449494845
"filter_at_threshold_0.5_fixed_50_samples","prevalence_ge_5","bray_curtis","within_participant_site_between_systems","S005__Antecubital",0.46739205763512,10,0.502956750738448,-0.0355646931033281,-7.07112352127922
"filter_at_threshold_0.5_fixed_50_samples","prevalence_ge_5","bray_curtis","within_participant_site_between_systems","S005__Forehead",0.413537754164413,10,0.588749250604983,-0.175211496440569,-29.7599523499226
"filter_at_threshold_0.5_fixed_50_samples","prevalence_ge_10pct","weighted_unifrac","between_participants_matched_site_system","Antecubital__Copan",0.305682420706914,10,0.239581352544714,0.0661010681622001,27.5902391651551
"filter_at_threshold_0.5_fixed_50_samples","prevalence_ge_10pct","weighted_unifrac","between_participants_matched_site_system","Antecubital__Eswab",0.320367684773498,10,0.0791862977532136,0.241181387020284,304.574647209714
"filter_at_threshold_0.5_fixed_50_samples","prevalence_ge_10pct","weighted_unifrac","between_participants_matched_site_system","Antecubital__Omni",0.429499601462104,10,0.131147153613434,0.29835244784867,227.494413434306
"filter_at_threshold_0.5_fixed_50_samples","prevalence_ge_10pct","weighted_unifrac","between_participants_matched_site_system","Antecubital__Puritan_buffer",0.382991435721028,10,0.139092594230023,0.243898841491005,175.349983829952
"filter_at_threshold_0.5_fixed_50_samples","prevalence_ge_10pct","weighted_unifrac","between_participants_matched_site_system","Antecubital__Puritan_gel",0.251015541568524,10,0.101484839825344,0.14953070174318,147.342895747309
"filter_at_threshold_0.5_fixed_50_samples","prevalence_ge_10pct","weighted_unifrac","between_participants_matched_site_system","Forehead__Copan",0.439343561590236,10,0.242758246989669,0.196585314600567,80.9798707307904
"filter_at_threshold_0.5_fixed_50_samples","prevalence_ge_10pct","weighted_unifrac","between_participants_matched_site_system","Forehead__Eswab",0.360521577180293,10,0.209454666732832,0.151066910447461,72.1239172198311
"filter_at_threshold_0.5_fixed_50_samples","prevalence_ge_10pct","weighted_unifrac","between_participants_matched_site_system","Forehead__Omni",0.549690667183436,10,0.341078476385675,0.208612190797761,61.1625198424637
"filter_at_threshold_0.5_fixed_50_samples","prevalence_ge_10pct","weighted_unifrac","between_participants_matched_site_system","Forehead__Puritan_buffer",0.543288686736142,10,0.228702310183219,0.314586376552922,137.552776052371
"filter_at_threshold_0.5_fixed_50_samples","prevalence_ge_10pct","weighted_unifrac","between_participants_matched_site_system","Forehead__Puritan_gel",0.48437029309865,10,0.197186716649984,0.287183576448666,145.640427168545
"filter_at_threshold_0.5_fixed_50_samples","prevalence_ge_10pct","weighted_unifrac","between_sites_matched_participant_system","S001__Copan",0.163266245166595,1,0.118703586162941,0.0445626590036539,37.5411227614337
"filter_at_threshold_0.5_fixed_50_samples","prevalence_ge_10pct","weighted_unifrac","between_sites_matched_participant_system","S001__Eswab",0.362241252241021,1,0.299698932411088,0.0625423198299332,20.8683825887461
"filter_at_threshold_0.5_fixed_50_samples","prevalence_ge_10pct","weighted_unifrac","between_sites_matched_participant_system","S001__Omni",0.283817036357992,1,0.196009155711058,0.0878078806469343,44.7978464722199
"filter_at_threshold_0.5_fixed_50_samples","prevalence_ge_10pct","weighted_unifrac","between_sites_matched_participant_system","S001__Puritan_buffer",0.357729725421026,1,0.246854402236843,0.110875323184183,44.9152707747964
"filter_at_threshold_0.5_fixed_50_samples","prevalence_ge_10pct","weighted_unifrac","between_sites_matched_participant_system","S001__Puritan_gel",0.38298335933777,1,0.35215402084111,0.0308293384966599,8.75450418627192
"filter_at_threshold_0.5_fixed_50_samples","prevalence_ge_10pct","weighted_unifrac","between_sites_matched_participant_system","S002__Copan",0.172514806716249,1,0.108682096170832,0.0638327105454162,58.7334186535016
"filter_at_threshold_0.5_fixed_50_samples","prevalence_ge_10pct","weighted_unifrac","between_sites_matched_participant_system","S002__Eswab",0.393332587911043,1,0.308844072857493,0.0844885150535503,27.3563660367007
"filter_at_threshold_0.5_fixed_50_samples","prevalence_ge_10pct","weighted_unifrac","between_sites_matched_participant_system","S002__Omni",0.545007032871783,1,0.304787562040176,0.240219470831607,78.8153785619185
"filter_at_threshold_0.5_fixed_50_samples","prevalence_ge_10pct","weighted_unifrac","between_sites_matched_participant_system","S002__Puritan_buffer",0.336126857075483,1,0.228685136308924,0.107441720766558,46.9823804470695
"filter_at_threshold_0.5_fixed_50_samples","prevalence_ge_10pct","weighted_unifrac","between_sites_matched_participant_system","S002__Puritan_gel",0.221212065784597,1,0.199996186215452,0.021215879569145,10.6081420704141
"filter_at_threshold_0.5_fixed_50_samples","prevalence_ge_10pct","weighted_unifrac","between_sites_matched_participant_system","S003__Copan",0.516753619379762,1,0.0939293774927445,0.422824241887017,450.151223369577
"filter_at_threshold_0.5_fixed_50_samples","prevalence_ge_10pct","weighted_unifrac","between_sites_matched_participant_system","S003__Eswab",0.430158316953732,1,0.033090757686952,0.39706755926678,1199.9349275201
"filter_at_threshold_0.5_fixed_50_samples","prevalence_ge_10pct","weighted_unifrac","between_sites_matched_participant_system","S003__Omni",0.456440691745202,1,0.051978027897432,0.40446266384777,778.141611386054
"filter_at_threshold_0.5_fixed_50_samples","prevalence_ge_10pct","weighted_unifrac","between_sites_matched_participant_system","S003__Puritan_buffer",0.539519651418341,1,0.101679922060645,0.437839729357696,430.605886082952
"filter_at_threshold_0.5_fixed_50_samples","prevalence_ge_10pct","weighted_unifrac","between_sites_matched_participant_system","S003__Puritan_gel",0.57617269384707,1,0.109616644392069,0.466556049455,425.625188622135
"filter_at_threshold_0.5_fixed_50_samples","prevalence_ge_10pct","weighted_unifrac","between_sites_matched_participant_system","S004__Copan",0.243323843651221,1,0.124797795372187,0.118526048279034,94.9744728466965
"filter_at_threshold_0.5_fixed_50_samples","prevalence_ge_10pct","weighted_unifrac","between_sites_matched_participant_system","S004__Eswab",0.420077077980422,1,0.358469203729103,0.0616078742513192,17.186378525804
"filter_at_threshold_0.5_fixed_50_samples","prevalence_ge_10pct","weighted_unifrac","between_sites_matched_participant_system","S004__Omni",0.29694854934487,1,0.0857068275882549,0.211241721756615,246.470121110355
"filter_at_threshold_0.5_fixed_50_samples","prevalence_ge_10pct","weighted_unifrac","between_sites_matched_participant_system","S004__Puritan_buffer",0.300025427170741,1,0.0880329593766089,0.211992467794133,240.810338872307
"filter_at_threshold_0.5_fixed_50_samples","prevalence_ge_10pct","weighted_unifrac","between_sites_matched_participant_system","S004__Puritan_gel",0.249231165660564,1,0.10660317710179,0.142627988558774,133.793375053528
"filter_at_threshold_0.5_fixed_50_samples","prevalence_ge_10pct","weighted_unifrac","between_sites_matched_participant_system","S005__Copan",0.205168775812287,1,0.272457750137802,-0.0672889743255141,-24.6970307475127
"filter_at_threshold_0.5_fixed_50_samples","prevalence_ge_10pct","weighted_unifrac","between_sites_matched_participant_system","S005__Eswab",0.423626982628831,1,0.177423306316352,0.246203676312479,138.766254233527
"filter_at_threshold_0.5_fixed_50_samples","prevalence_ge_10pct","weighted_unifrac","between_sites_matched_participant_system","S005__Omni",0.858224083604818,1,0.374465208784804,0.483758874820014,129.186600910104
"filter_at_threshold_0.5_fixed_50_samples","prevalence_ge_10pct","weighted_unifrac","between_sites_matched_participant_system","S005__Puritan_buffer",0.25976192801568,1,0.155374774545272,0.104387153470407,67.184106156171
"filter_at_threshold_0.5_fixed_50_samples","prevalence_ge_10pct","weighted_unifrac","between_sites_matched_participant_system","S005__Puritan_gel",0.140812263709667,1,0.210795870640518,-0.0699836069308509,-33.1997048700247
"filter_at_threshold_0.5_fixed_50_samples","prevalence_ge_10pct","weighted_unifrac","within_participant_site_between_systems","S001__Antecubital",0.205733111809028,10,0.105681797465082,0.100051314343945,94.6722299807614
"filter_at_threshold_0.5_fixed_50_samples","prevalence_ge_10pct","weighted_unifrac","within_participant_site_between_systems","S001__Forehead",0.051435563837725,10,0.0256329952724605,0.0258025685652645,100.661543026875
"filter_at_threshold_0.5_fixed_50_samples","prevalence_ge_10pct","weighted_unifrac","within_participant_site_between_systems","S002__Antecubital",0.204727308097598,10,0.091121088186019,0.113606219911579,124.676100969797
"filter_at_threshold_0.5_fixed_50_samples","prevalence_ge_10pct","weighted_unifrac","within_participant_site_between_systems","S002__Forehead",0.0783663502675477,10,0.0263229730463409,0.0520433772212068,197.710863167264
"filter_at_threshold_0.5_fixed_50_samples","prevalence_ge_10pct","weighted_unifrac","within_participant_site_between_systems","S003__Antecubital",0.174656460904611,10,0.0477431268189668,0.126913334085645,265.825350247538
"filter_at_threshold_0.5_fixed_50_samples","prevalence_ge_10pct","weighted_unifrac","within_participant_site_between_systems","S003__Forehead",0.0982509397646084,10,0.0207112688918345,0.0775396708727739,374.383970763588
"filter_at_threshold_0.5_fixed_50_samples","prevalence_ge_10pct","weighted_unifrac","within_participant_site_between_systems","S004__Antecubital",0.170169207706024,10,0.0215023955615367,0.148666812144487,691.396508444954
"filter_at_threshold_0.5_fixed_50_samples","prevalence_ge_10pct","weighted_unifrac","within_participant_site_between_systems","S004__Forehead",0.188122541283935,10,0.0506383486832577,0.137484192600677,271.502124724957
"filter_at_threshold_0.5_fixed_50_samples","prevalence_ge_10pct","weighted_unifrac","within_participant_site_between_systems","S005__Antecubital",0.213900803662297,10,0.0113821348481991,0.202518668814098,1779.26787474444
"filter_at_threshold_0.5_fixed_50_samples","prevalence_ge_10pct","weighted_unifrac","within_participant_site_between_systems","S005__Forehead",0.279047392181174,10,0.120062689169092,0.158984703012082,132.418076017083
"filter_at_threshold_0.5_fixed_50_samples","prevalence_ge_10pct","unweighted_unifrac","between_participants_matched_site_system","Antecubital__Copan",0.675205893939752,10,0.804813718721013,-0.12960782478126,-16.1040774736332
"filter_at_threshold_0.5_fixed_50_samples","prevalence_ge_10pct","unweighted_unifrac","between_participants_matched_site_system","Antecubital__Eswab",0.595280876528791,10,0.675235404911876,-0.0799545283830849,-11.84098579569
"filter_at_threshold_0.5_fixed_50_samples","prevalence_ge_10pct","unweighted_unifrac","between_participants_matched_site_system","Antecubital__Omni",0.604106317471703,10,0.727624151833423,-0.12351783436172,-16.9754995144798
"filter_at_threshold_0.5_fixed_50_samples","prevalence_ge_10pct","unweighted_unifrac","between_participants_matched_site_system","Antecubital__Puritan_buffer",0.683493516601271,10,0.714539689124599,-0.0310461725233275,-4.3449192530317
"filter_at_threshold_0.5_fixed_50_samples","prevalence_ge_10pct","unweighted_unifrac","between_participants_matched_site_system","Antecubital__Puritan_gel",0.708128105797753,10,0.790441013332816,-0.0823129075350628,-10.41354207925
"filter_at_threshold_0.5_fixed_50_samples","prevalence_ge_10pct","unweighted_unifrac","between_participants_matched_site_system","Forehead__Copan",0.610970716386481,10,0.837835722438635,-0.226865006052154,-27.0775045723561
"filter_at_threshold_0.5_fixed_50_samples","prevalence_ge_10pct","unweighted_unifrac","between_participants_matched_site_system","Forehead__Eswab",0.563965261545385,10,0.741779517860757,-0.177814256315371,-23.971308459443
"filter_at_threshold_0.5_fixed_50_samples","prevalence_ge_10pct","unweighted_unifrac","between_participants_matched_site_system","Forehead__Omni",0.549197176666325,10,0.65417040842155,-0.104973231755226,-16.0467716674186
"filter_at_threshold_0.5_fixed_50_samples","prevalence_ge_10pct","unweighted_unifrac","between_participants_matched_site_system","Forehead__Puritan_buffer",0.565772625720355,10,0.785781579811412,-0.220008954091057,-27.9987416024514
"filter_at_threshold_0.5_fixed_50_samples","prevalence_ge_10pct","unweighted_unifrac","between_participants_matched_site_system","Forehead__Puritan_gel",0.760123568343629,10,0.724367460536758,0.035756107806871,4.93618360222526
"filter_at_threshold_0.5_fixed_50_samples","prevalence_ge_10pct","unweighted_unifrac","between_sites_matched_participant_system","S001__Copan",0.434205570889752,1,0.830970840721881,-0.396765269832129,-47.7471952550646
"filter_at_threshold_0.5_fixed_50_samples","prevalence_ge_10pct","unweighted_unifrac","between_sites_matched_participant_system","S001__Eswab",0.60915163721058,1,0.772177464592795,-0.163025827382215,-21.1124818914764
"filter_at_threshold_0.5_fixed_50_samples","prevalence_ge_10pct","unweighted_unifrac","between_sites_matched_participant_system","S001__Omni",0.500144835597867,1,0.605767488512561,-0.105622652914694,-17.4361706294351
"filter_at_threshold_0.5_fixed_50_samples","prevalence_ge_10pct","unweighted_unifrac","between_sites_matched_participant_system","S001__Puritan_buffer",0.715172641079266,1,0.661411920985587,0.0537607200936789,8.12817525477446
"filter_at_threshold_0.5_fixed_50_samples","prevalence_ge_10pct","unweighted_unifrac","between_sites_matched_participant_system","S001__Puritan_gel",0.397657643662624,1,0.518207922731548,-0.120550279068924,-23.2629170224735
"filter_at_threshold_0.5_fixed_50_samples","prevalence_ge_10pct","unweighted_unifrac","between_sites_matched_participant_system","S002__Copan",0.275798957818427,1,0.70497127328793,-0.429172315469502,-60.8779863423196
"filter_at_threshold_0.5_fixed_50_samples","prevalence_ge_10pct","unweighted_unifrac","between_sites_matched_participant_system","S002__Eswab",0.450314143476502,1,0.692914059519204,-0.242599916042702,-35.0115447521784
"filter_at_threshold_0.5_fixed_50_samples","prevalence_ge_10pct","unweighted_unifrac","between_sites_matched_participant_system","S002__Omni",0.72579959321453,1,0.706184702050735,0.0196148911637958,2.77758653038431
"filter_at_threshold_0.5_fixed_50_samples","prevalence_ge_10pct","unweighted_unifrac","between_sites_matched_participant_system","S002__Puritan_buffer",0.630830400751545,1,0.790460083375253,-0.159629682623708,-20.1945279693431
"filter_at_threshold_0.5_fixed_50_samples","prevalence_ge_10pct","unweighted_unifrac","between_sites_matched_participant_system","S002__Puritan_gel",0.532416620690078,1,0.694156178620243,-0.161739557930165,-23.300168306742
"filter_at_threshold_0.5_fixed_50_samples","prevalence_ge_10pct","unweighted_unifrac","between_sites_matched_participant_system","S003__Copan",0.659407248355828,1,0.843138688825123,-0.183731440469294,-21.7913663439305
"filter_at_threshold_0.5_fixed_50_samples","prevalence_ge_10pct","unweighted_unifrac","between_sites_matched_participant_system","S003__Eswab",0.566891508667699,1,0.755360864915162,-0.188469356247463,-24.9509029394356
"filter_at_threshold_0.5_fixed_50_samples","prevalence_ge_10pct","unweighted_unifrac","between_sites_matched_participant_system","S003__Omni",0.421854144209329,1,0.650728491443368,-0.228874347234038,-35.1720187825765
"filter_at_threshold_0.5_fixed_50_samples","prevalence_ge_10pct","unweighted_unifrac","between_sites_matched_participant_system","S003__Puritan_buffer",0.677161525710429,1,0.659017265070775,0.0181442606396534,2.75322993817237
"filter_at_threshold_0.5_fixed_50_samples","prevalence_ge_10pct","unweighted_unifrac","between_sites_matched_participant_system","S003__Puritan_gel",0.853710931956136,1,0.472104744874901,0.381606187081235,80.8308307052396
"filter_at_threshold_0.5_fixed_50_samples","prevalence_ge_10pct","unweighted_unifrac","between_sites_matched_participant_system","S004__Copan",0.26416248389949,1,0.759277670541619,-0.495115186642129,-65.2087116283752
"filter_at_threshold_0.5_fixed_50_samples","prevalence_ge_10pct","unweighted_unifrac","between_sites_matched_participant_system","S004__Eswab",0.510599186292373,1,0.650421538604602,-0.139822352312229,-21.4971897474675
"filter_at_threshold_0.5_fixed_50_samples","prevalence_ge_10pct","unweighted_unifrac","between_sites_matched_participant_system","S004__Omni",0.435904201526244,1,0.782748592218883,-0.346844390692639,-44.3110845730719
"filter_at_threshold_0.5_fixed_50_samples","prevalence_ge_10pct","unweighted_unifrac","between_sites_matched_participant_system","S004__Puritan_buffer",0.425136416160186,1,0.796479178266848,-0.371342762106662,-46.6230345047701
"filter_at_threshold_0.5_fixed_50_samples","prevalence_ge_10pct","unweighted_unifrac","between_sites_matched_participant_system","S004__Puritan_gel",0.475902185984792,1,0.77925028523167,-0.303348099246878,-38.9281986796698
"filter_at_threshold_0.5_fixed_50_samples","prevalence_ge_10pct","unweighted_unifrac","between_sites_matched_participant_system","S005__Copan",0.51355808666897,1,0.733764422909824,-0.220206336240854,-30.0104951078987
"filter_at_threshold_0.5_fixed_50_samples","prevalence_ge_10pct","unweighted_unifrac","between_sites_matched_participant_system","S005__Eswab",0.420903705953487,1,0.62310567501401,-0.202201969060523,-32.4506704349911
"filter_at_threshold_0.5_fixed_50_samples","prevalence_ge_10pct","unweighted_unifrac","between_sites_matched_participant_system","S005__Omni",0.409522346361945,1,0.777072913536115,-0.36755056717417,-47.2993667353054
"filter_at_threshold_0.5_fixed_50_samples","prevalence_ge_10pct","unweighted_unifrac","between_sites_matched_participant_system","S005__Puritan_buffer",0.267868745325567,1,0.672264099549332,-0.404395354223765,-60.1542391591133
"filter_at_threshold_0.5_fixed_50_samples","prevalence_ge_10pct","unweighted_unifrac","between_sites_matched_participant_system","S005__Puritan_gel",0.62168636170563,1,0.785295900952094,-0.163609539246464,-20.8341262252997
"filter_at_threshold_0.5_fixed_50_samples","prevalence_ge_10pct","unweighted_unifrac","within_participant_site_between_systems","S001__Antecubital",0.379988964592161,10,0.543605414769881,-0.16361645017772,-30.0983849189548
"filter_at_threshold_0.5_fixed_50_samples","prevalence_ge_10pct","unweighted_unifrac","within_participant_site_between_systems","S001__Forehead",0.363141102592556,10,0.654117643849617,-0.290976541257061,-44.4838239715725
"filter_at_threshold_0.5_fixed_50_samples","prevalence_ge_10pct","unweighted_unifrac","within_participant_site_between_systems","S002__Antecubital",0.480168725618882,10,0.673076973349345,-0.192908247730463,-28.6606518078488
"filter_at_threshold_0.5_fixed_50_samples","prevalence_ge_10pct","unweighted_unifrac","within_participant_site_between_systems","S002__Forehead",0.276442918242171,10,0.473674855219026,-0.197231936976854,-41.6386757295054
"filter_at_threshold_0.5_fixed_50_samples","prevalence_ge_10pct","unweighted_unifrac","within_participant_site_between_systems","S003__Antecubital",0.639727443069684,10,0.645036569174674,-0.00530912610499068,-0.823073661045872
"filter_at_threshold_0.5_fixed_50_samples","prevalence_ge_10pct","unweighted_unifrac","within_participant_site_between_systems","S003__Forehead",0.371113149634229,10,0.466086504989193,-0.094973355354964,-20.3767657587868
"filter_at_threshold_0.5_fixed_50_samples","prevalence_ge_10pct","unweighted_unifrac","within_participant_site_between_systems","S004__Antecubital",0.323817436966442,10,0.710932441137895,-0.387115004171452,-54.4517287116409
"filter_at_threshold_0.5_fixed_50_samples","prevalence_ge_10pct","unweighted_unifrac","within_participant_site_between_systems","S004__Forehead",0.455249766088503,10,0.744791114757825,-0.289541348669322,-38.8755105870817
"filter_at_threshold_0.5_fixed_50_samples","prevalence_ge_10pct","unweighted_unifrac","within_participant_site_between_systems","S005__Antecubital",0.38758990845148,10,0.622444776563758,-0.234854868112278,-37.7310368654401
"filter_at_threshold_0.5_fixed_50_samples","prevalence_ge_10pct","unweighted_unifrac","within_participant_site_between_systems","S005__Forehead",0.428338703581745,10,0.719609578696263,-0.291270875114518,-40.4762365228964
"filter_at_threshold_0.5_fixed_50_samples","prevalence_ge_10pct","bray_curtis","between_participants_matched_site_system","Antecubital__Copan",0.853536275968022,10,0.89331157403481,-0.0397752980667878,-4.45256719188527
"filter_at_threshold_0.5_fixed_50_samples","prevalence_ge_10pct","bray_curtis","between_participants_matched_site_system","Antecubital__Eswab",0.841936196195287,10,0.861243017812304,-0.019306821617017,-2.24173911633669
"filter_at_threshold_0.5_fixed_50_samples","prevalence_ge_10pct","bray_curtis","between_participants_matched_site_system","Antecubital__Omni",0.861714036742682,10,0.881642606530765,-0.0199285697880827,-2.26039096119696
"filter_at_threshold_0.5_fixed_50_samples","prevalence_ge_10pct","bray_curtis","between_participants_matched_site_system","Antecubital__Puritan_buffer",0.921301369084596,10,0.93145395026805,-0.0101525811834539,-1.08997134861387
"filter_at_threshold_0.5_fixed_50_samples","prevalence_ge_10pct","bray_curtis","between_participants_matched_site_system","Antecubital__Puritan_gel",0.819017155602677,10,0.88425977758381,-0.065242621981133,-7.37821889393236
"filter_at_threshold_0.5_fixed_50_samples","prevalence_ge_10pct","bray_curtis","between_participants_matched_site_system","Forehead__Copan",0.66682163288585,10,0.717624907808867,-0.0508032749230172,-7.07936337914126
"filter_at_threshold_0.5_fixed_50_samples","prevalence_ge_10pct","bray_curtis","between_participants_matched_site_system","Forehead__Eswab",0.418603946585392,10,0.640467183136183,-0.221863236550791,-34.6408438078576
"filter_at_threshold_0.5_fixed_50_samples","prevalence_ge_10pct","bray_curtis","between_participants_matched_site_system","Forehead__Omni",0.78223251569067,10,0.802277920118609,-0.0200454044279398,-2.49856115010323
"filter_at_threshold_0.5_fixed_50_samples","prevalence_ge_10pct","bray_curtis","between_participants_matched_site_system","Forehead__Puritan_buffer",0.783241357479072,10,0.795155300014195,-0.0119139425351229,-1.49831643389791
"filter_at_threshold_0.5_fixed_50_samples","prevalence_ge_10pct","bray_curtis","between_participants_matched_site_system","Forehead__Puritan_gel",0.711143274212221,10,0.747149804157363,-0.0360065299451424,-4.81918482007108
"filter_at_threshold_0.5_fixed_50_samples","prevalence_ge_10pct","bray_curtis","between_sites_matched_participant_system","S001__Copan",0.250565327636413,1,0.261729148251598,-0.0111638206151844,-4.26540975270083
"filter_at_threshold_0.5_fixed_50_samples","prevalence_ge_10pct","bray_curtis","between_sites_matched_participant_system","S001__Eswab",0.604728377311682,1,0.632731439562847,-0.0280030622511641,-4.42574218700297
"filter_at_threshold_0.5_fixed_50_samples","prevalence_ge_10pct","bray_curtis","between_sites_matched_participant_system","S001__Omni",0.403188513147251,1,0.424761419789743,-0.0215729066424922,-5.07882911145057
"filter_at_threshold_0.5_fixed_50_samples","prevalence_ge_10pct","bray_curtis","between_sites_matched_participant_system","S001__Puritan_buffer",0.509697117885936,1,0.526974958114492,-0.0172778402285561,-3.27868335345115
"filter_at_threshold_0.5_fixed_50_samples","prevalence_ge_10pct","bray_curtis","between_sites_matched_participant_system","S001__Puritan_gel",0.717281927638665,1,0.729343199357509,-0.0120612717188445,-1.65371689617035
"filter_at_threshold_0.5_fixed_50_samples","prevalence_ge_10pct","bray_curtis","between_sites_matched_participant_system","S002__Copan",0.20307185981992,1,0.239831571353836,-0.0367597115339152,-15.3273029594931
"filter_at_threshold_0.5_fixed_50_samples","prevalence_ge_10pct","bray_curtis","between_sites_matched_participant_system","S002__Eswab",0.571620686854977,1,0.630901013616762,-0.0592803267617859,-9.39613750530371
"filter_at_threshold_0.5_fixed_50_samples","prevalence_ge_10pct","bray_curtis","between_sites_matched_participant_system","S002__Omni",0.545153365902164,1,0.675077273779915,-0.12992390787775,-19.245783101285
"filter_at_threshold_0.5_fixed_50_samples","prevalence_ge_10pct","bray_curtis","between_sites_matched_participant_system","S002__Puritan_buffer",0.443605605913957,1,0.486984763382006,-0.0433791574680487,-8.90770322397555
"filter_at_threshold_0.5_fixed_50_samples","prevalence_ge_10pct","bray_curtis","between_sites_matched_participant_system","S002__Puritan_gel",0.407943135931204,1,0.438038095099832,-0.0300949591686284,-6.87039769035831
"filter_at_threshold_0.5_fixed_50_samples","prevalence_ge_10pct","bray_curtis","between_sites_matched_participant_system","S003__Copan",0.877347042892018,1,0.879950353601815,-0.00260331070979691,-0.295847453113807
"filter_at_threshold_0.5_fixed_50_samples","prevalence_ge_10pct","bray_curtis","between_sites_matched_participant_system","S003__Eswab",0.687177001672328,1,0.688377161579588,-0.00120015990726008,-0.174346270365235
"filter_at_threshold_0.5_fixed_50_samples","prevalence_ge_10pct","bray_curtis","between_sites_matched_participant_system","S003__Omni",0.878594879020909,1,0.904267205441914,-0.0256723264210049,-2.83901995632573
"filter_at_threshold_0.5_fixed_50_samples","prevalence_ge_10pct","bray_curtis","between_sites_matched_participant_system","S003__Puritan_buffer",0.996435515230071,1,0.996435515230071,-2.22044604925031e-16,-2.22838910828828e-14
"filter_at_threshold_0.5_fixed_50_samples","prevalence_ge_10pct","bray_curtis","between_sites_matched_participant_system","S003__Puritan_gel",0.9912562257886,1,0.99126782358793,-1.15977993299099e-05,-0.00116999654926065
"filter_at_threshold_0.5_fixed_50_samples","prevalence_ge_10pct","bray_curtis","between_sites_matched_participant_system","S004__Copan",0.571436279278833,1,0.670373629056129,-0.0989373497772958,-14.7585384461793
"filter_at_threshold_0.5_fixed_50_samples","prevalence_ge_10pct","bray_curtis","between_sites_matched_participant_system","S004__Eswab",0.840957546533843,1,0.848088224954515,-0.00713067842067161,-0.840794413936598
"filter_at_threshold_0.5_fixed_50_samples","prevalence_ge_10pct","bray_curtis","between_sites_matched_participant_system","S004__Omni",0.551352940784202,1,0.648742195294266,-0.0973892545100639,-15.0120117384824
"filter_at_threshold_0.5_fixed_50_samples","prevalence_ge_10pct","bray_curtis","between_sites_matched_participant_system","S004__Puritan_buffer",0.77067776793582,1,0.8112197818418,-0.0405420139059801,-4.99766090687941
"filter_at_threshold_0.5_fixed_50_samples","prevalence_ge_10pct","bray_curtis","between_sites_matched_participant_system","S004__Puritan_gel",0.629985417325916,1,0.727493130351722,-0.0975077130258061,-13.4032486298068
"filter_at_threshold_0.5_fixed_50_samples","prevalence_ge_10pct","bray_curtis","between_sites_matched_participant_system","S005__Copan",0.933681433083834,1,0.938950634624544,-0.00526920154071053,-0.561179826330009
"filter_at_threshold_0.5_fixed_50_samples","prevalence_ge_10pct","bray_curtis","between_sites_matched_participant_system","S005__Eswab",0.908238344144258,1,0.924815243453505,-0.0165768993092473,-1.79245524190808
"filter_at_threshold_0.5_fixed_50_samples","prevalence_ge_10pct","bray_curtis","between_sites_matched_participant_system","S005__Omni",0.925161768351152,1,0.927370646113497,-0.00220887776234524,-0.238187155438054
"filter_at_threshold_0.5_fixed_50_samples","prevalence_ge_10pct","bray_curtis","between_sites_matched_participant_system","S005__Puritan_buffer",0.705856924674306,1,0.731945761283429,-0.0260888366091233,-3.56431282058084
"filter_at_threshold_0.5_fixed_50_samples","prevalence_ge_10pct","bray_curtis","between_sites_matched_participant_system","S005__Puritan_gel",0.900752129127834,1,0.908743900889769,-0.00799177176193544,-0.879430580399003
"filter_at_threshold_0.5_fixed_50_samples","prevalence_ge_10pct","bray_curtis","within_participant_site_between_systems","S001__Antecubital",0.370067940949329,10,0.387367658697218,-0.0172997177478896,-4.46596853389141
"filter_at_threshold_0.5_fixed_50_samples","prevalence_ge_10pct","bray_curtis","within_participant_site_between_systems","S001__Forehead",0.0557693746444265,10,0.0583951941794449,-0.00262581953501837,-4.49663636180297
"filter_at_threshold_0.5_fixed_50_samples","prevalence_ge_10pct","bray_curtis","within_participant_site_between_systems","S002__Antecubital",0.395959203279722,10,0.494123512813118,-0.0981643095333968,-19.8663506163738
"filter_at_threshold_0.5_fixed_50_samples","prevalence_ge_10pct","bray_curtis","within_participant_site_between_systems","S002__Forehead",0.0503300435933049,10,0.0558191562781083,-0.00548911268480335,-9.83374355831338
"filter_at_threshold_0.5_fixed_50_samples","prevalence_ge_10pct","bray_curtis","within_participant_site_between_systems","S003__Antecubital",0.424120583440118,10,0.527024265873915,-0.102903682433796,-19.5254163986474
"filter_at_threshold_0.5_fixed_50_samples","prevalence_ge_10pct","bray_curtis","within_participant_site_between_systems","S003__Forehead",0.151630557272282,10,0.194851537395492,-0.0432209801232097,-22.1814929976579
"filter_at_threshold_0.5_fixed_50_samples","prevalence_ge_10pct","bray_curtis","within_participant_site_between_systems","S004__Antecubital",0.511570930624667,10,0.636139597841796,-0.124568667217129,-19.5819703159099
"filter_at_threshold_0.5_fixed_50_samples","prevalence_ge_10pct","bray_curtis","within_participant_site_between_systems","S004__Forehead",0.266383426535876,10,0.346947588001735,-0.0805641614658591,-23.2208449494845
"filter_at_threshold_0.5_fixed_50_samples","prevalence_ge_10pct","bray_curtis","within_participant_site_between_systems","S005__Antecubital",0.46739205763512,10,0.502956750738448,-0.0355646931033281,-7.07112352127922
"filter_at_threshold_0.5_fixed_50_samples","prevalence_ge_10pct","bray_curtis","within_participant_site_between_systems","S005__Forehead",0.413537754164413,10,0.588749250604983,-0.175211496440569,-29.7599523499226
"filter_at_threshold_0.5_fixed_50_samples","mean_abundance_ge_0.1pct","weighted_unifrac","between_participants_matched_site_system","Antecubital__Copan",0.670026246165707,10,0.239581352544714,0.430444893620993,179.665441007416
"filter_at_threshold_0.5_fixed_50_samples","mean_abundance_ge_0.1pct","weighted_unifrac","between_participants_matched_site_system","Antecubital__Eswab",0.679921360996958,10,0.0791862977532136,0.600735063243744,758.63511780277
"filter_at_threshold_0.5_fixed_50_samples","mean_abundance_ge_0.1pct","weighted_unifrac","between_participants_matched_site_system","Antecubital__Omni",0.567110030790967,10,0.131147153613434,0.435962877177533,332.422675723917
"filter_at_threshold_0.5_fixed_50_samples","mean_abundance_ge_0.1pct","weighted_unifrac","between_participants_matched_site_system","Antecubital__Puritan_buffer",0.72543026571018,10,0.139092594230023,0.586337671480157,421.544852711934
"filter_at_threshold_0.5_fixed_50_samples","mean_abundance_ge_0.1pct","weighted_unifrac","between_participants_matched_site_system","Antecubital__Puritan_gel",0.572901394426031,10,0.101484839825344,0.471416554600688,464.519188690646
"filter_at_threshold_0.5_fixed_50_samples","mean_abundance_ge_0.1pct","weighted_unifrac","between_participants_matched_site_system","Forehead__Copan",0.591622963675101,10,0.242758246989669,0.348864716685432,143.708698267325
"filter_at_threshold_0.5_fixed_50_samples","mean_abundance_ge_0.1pct","weighted_unifrac","between_participants_matched_site_system","Forehead__Eswab",0.469307067747286,10,0.209454666732832,0.259852401014454,124.061404344791
"filter_at_threshold_0.5_fixed_50_samples","mean_abundance_ge_0.1pct","weighted_unifrac","between_participants_matched_site_system","Forehead__Omni",0.69529067864841,10,0.341078476385675,0.354212202262735,103.850646342811
"filter_at_threshold_0.5_fixed_50_samples","mean_abundance_ge_0.1pct","weighted_unifrac","between_participants_matched_site_system","Forehead__Puritan_buffer",0.691921537974297,10,0.228702310183219,0.463219227791077,202.542434932109
"filter_at_threshold_0.5_fixed_50_samples","mean_abundance_ge_0.1pct","weighted_unifrac","between_participants_matched_site_system","Forehead__Puritan_gel",0.598805998343039,10,0.197186716649984,0.401619281693055,203.674612832034
"filter_at_threshold_0.5_fixed_50_samples","mean_abundance_ge_0.1pct","weighted_unifrac","between_sites_matched_participant_system","S001__Copan",0.252512783687924,1,0.118703586162941,0.133809197524983,112.725488631242
"filter_at_threshold_0.5_fixed_50_samples","mean_abundance_ge_0.1pct","weighted_unifrac","between_sites_matched_participant_system","S001__Eswab",0.571381764852504,1,0.299698932411088,0.271682832441417,90.6519186624122
"filter_at_threshold_0.5_fixed_50_samples","mean_abundance_ge_0.1pct","weighted_unifrac","between_sites_matched_participant_system","S001__Omni",0.364078905032514,1,0.196009155711058,0.168069749321455,85.7458666722749
"filter_at_threshold_0.5_fixed_50_samples","mean_abundance_ge_0.1pct","weighted_unifrac","between_sites_matched_participant_system","S001__Puritan_buffer",0.450814634116265,1,0.246854402236843,0.203960231879422,82.6236964102158
"filter_at_threshold_0.5_fixed_50_samples","mean_abundance_ge_0.1pct","weighted_unifrac","between_sites_matched_participant_system","S001__Puritan_gel",0.699260269784582,1,0.35215402084111,0.347106248943472,98.566601089608
"filter_at_threshold_0.5_fixed_50_samples","mean_abundance_ge_0.1pct","weighted_unifrac","between_sites_matched_participant_system","S002__Copan",0.219421240032712,1,0.108682096170832,0.110739143861879,101.892719926761
"filter_at_threshold_0.5_fixed_50_samples","mean_abundance_ge_0.1pct","weighted_unifrac","between_sites_matched_participant_system","S002__Eswab",0.594542404621862,1,0.308844072857493,0.285698331764369,92.5056871323531
"filter_at_threshold_0.5_fixed_50_samples","mean_abundance_ge_0.1pct","weighted_unifrac","between_sites_matched_participant_system","S002__Omni",0.676540605204986,1,0.304787562040176,0.37175304316481,121.971198783961
"filter_at_threshold_0.5_fixed_50_samples","mean_abundance_ge_0.1pct","weighted_unifrac","between_sites_matched_participant_system","S002__Puritan_buffer",0.479929014196836,1,0.228685136308924,0.251243877887912,109.864542113709
"filter_at_threshold_0.5_fixed_50_samples","mean_abundance_ge_0.1pct","weighted_unifrac","between_sites_matched_participant_system","S002__Puritan_gel",0.363590671802464,1,0.199996186215452,0.163594485587011,81.7988026085528
"filter_at_threshold_0.5_fixed_50_samples","mean_abundance_ge_0.1pct","weighted_unifrac","between_sites_matched_participant_system","S003__Copan",0.773710779059794,1,0.0939293774927445,0.679781401567049,723.715433565562
"filter_at_threshold_0.5_fixed_50_samples","mean_abundance_ge_0.1pct","weighted_unifrac","between_sites_matched_participant_system","S003__Eswab",0.673958144547326,1,0.033090757686952,0.640867386860374,1936.69601924248
"filter_at_threshold_0.5_fixed_50_samples","mean_abundance_ge_0.1pct","weighted_unifrac","between_sites_matched_participant_system","S003__Omni",0.704701552001203,1,0.051978027897432,0.652723524103771,1255.76815917639
"filter_at_threshold_0.5_fixed_50_samples","mean_abundance_ge_0.1pct","weighted_unifrac","between_sites_matched_participant_system","S003__Puritan_buffer",0.855983351931214,1,0.101679922060645,0.754303429870569,741.841077947206
"filter_at_threshold_0.5_fixed_50_samples","mean_abundance_ge_0.1pct","weighted_unifrac","between_sites_matched_participant_system","S003__Puritan_gel",0.872193908028414,1,0.109616644392069,0.762577263636344,695.676526010785
"filter_at_threshold_0.5_fixed_50_samples","mean_abundance_ge_0.1pct","weighted_unifrac","between_sites_matched_participant_system","S004__Copan",0.534985120502521,1,0.124797795372187,0.410187325130333,328.681547544188
"filter_at_threshold_0.5_fixed_50_samples","mean_abundance_ge_0.1pct","weighted_unifrac","between_sites_matched_participant_system","S004__Eswab",0.87143976839487,1,0.358469203729103,0.512970564665767,143.10031638127
"filter_at_threshold_0.5_fixed_50_samples","mean_abundance_ge_0.1pct","weighted_unifrac","between_sites_matched_participant_system","S004__Omni",0.593855569314972,1,0.0857068275882549,0.508148741726717,592.891787067327
"filter_at_threshold_0.5_fixed_50_samples","mean_abundance_ge_0.1pct","weighted_unifrac","between_sites_matched_participant_system","S004__Puritan_buffer",0.708055332535765,1,0.0880329593766089,0.620022373159156,704.30708856063
"filter_at_threshold_0.5_fixed_50_samples","mean_abundance_ge_0.1pct","weighted_unifrac","between_sites_matched_participant_system","S004__Puritan_gel",0.463218013781601,1,0.10660317710179,0.356614836679812,334.525523886872
"filter_at_threshold_0.5_fixed_50_samples","mean_abundance_ge_0.1pct","weighted_unifrac","between_sites_matched_participant_system","S005__Copan",0.881169700409235,1,0.272457750137802,0.608711950271434,223.415171696736
"filter_at_threshold_0.5_fixed_50_samples","mean_abundance_ge_0.1pct","weighted_unifrac","between_sites_matched_participant_system","S005__Eswab",0.798744735938405,1,0.177423306316352,0.621321429622053,350.191551787573
"filter_at_threshold_0.5_fixed_50_samples","mean_abundance_ge_0.1pct","weighted_unifrac","between_sites_matched_participant_system","S005__Omni",0.950183160037665,1,0.374465208784804,0.575717951252861,153.744042903519
"filter_at_threshold_0.5_fixed_50_samples","mean_abundance_ge_0.1pct","weighted_unifrac","between_sites_matched_participant_system","S005__Puritan_buffer",0.490316027095778,1,0.155374774545272,0.334941252550506,215.569904143553
"filter_at_threshold_0.5_fixed_50_samples","mean_abundance_ge_0.1pct","weighted_unifrac","between_sites_matched_participant_system","S005__Puritan_gel",0.724943870821675,1,0.210795870640518,0.514148000181157,243.908003804288
"filter_at_threshold_0.5_fixed_50_samples","mean_abundance_ge_0.1pct","weighted_unifrac","within_participant_site_between_systems","S001__Antecubital",0.278809546968467,10,0.105681797465082,0.173127749503384,163.81983809519
"filter_at_threshold_0.5_fixed_50_samples","mean_abundance_ge_0.1pct","weighted_unifrac","within_participant_site_between_systems","S001__Forehead",0.0688043995851777,10,0.0256329952724605,0.0431714043127172,168.421223715122
"filter_at_threshold_0.5_fixed_50_samples","mean_abundance_ge_0.1pct","weighted_unifrac","within_participant_site_between_systems","S002__Antecubital",0.413004853293122,10,0.091121088186019,0.321883765107103,353.248376983816
"filter_at_threshold_0.5_fixed_50_samples","mean_abundance_ge_0.1pct","weighted_unifrac","within_participant_site_between_systems","S002__Forehead",0.0827299078135049,10,0.0263229730463409,0.056406934767164,214.287856724471
"filter_at_threshold_0.5_fixed_50_samples","mean_abundance_ge_0.1pct","weighted_unifrac","within_participant_site_between_systems","S003__Antecubital",0.241801922576341,10,0.0477431268189668,0.194058795757374,406.464361861361
"filter_at_threshold_0.5_fixed_50_samples","mean_abundance_ge_0.1pct","weighted_unifrac","within_participant_site_between_systems","S003__Forehead",0.103052687385433,10,0.0207112688918345,0.0823414184935986,397.568197890869
"filter_at_threshold_0.5_fixed_50_samples","mean_abundance_ge_0.1pct","weighted_unifrac","within_participant_site_between_systems","S004__Antecubital",0.316279679874011,10,0.0215023955615367,0.294777284312474,1370.90438815929
"filter_at_threshold_0.5_fixed_50_samples","mean_abundance_ge_0.1pct","weighted_unifrac","within_participant_site_between_systems","S004__Forehead",0.248288667618549,10,0.0506383486832577,0.197650318935291,390.317465072945
"filter_at_threshold_0.5_fixed_50_samples","mean_abundance_ge_0.1pct","weighted_unifrac","within_participant_site_between_systems","S005__Antecubital",0.0837472449525934,10,0.0113821348481991,0.0723651101043943,635.778007109482
"filter_at_threshold_0.5_fixed_50_samples","mean_abundance_ge_0.1pct","weighted_unifrac","within_participant_site_between_systems","S005__Forehead",0.310966352470059,10,0.120062689169092,0.190903663300967,159.003321200065
"filter_at_threshold_0.5_fixed_50_samples","mean_abundance_ge_0.1pct","unweighted_unifrac","between_participants_matched_site_system","Antecubital__Copan",0.472680766816606,10,0.804813718721013,-0.332132951904407,-41.2683014936951
"filter_at_threshold_0.5_fixed_50_samples","mean_abundance_ge_0.1pct","unweighted_unifrac","between_participants_matched_site_system","Antecubital__Eswab",0.412392303312827,10,0.675235404911876,-0.26284310159905,-38.9261433400923
"filter_at_threshold_0.5_fixed_50_samples","mean_abundance_ge_0.1pct","unweighted_unifrac","between_participants_matched_site_system","Antecubital__Omni",0.501573111192279,10,0.727624151833423,-0.226051040641144,-31.0670062382556
"filter_at_threshold_0.5_fixed_50_samples","mean_abundance_ge_0.1pct","unweighted_unifrac","between_participants_matched_site_system","Antecubital__Puritan_buffer",0.222809161428087,10,0.714539689124599,-0.491730527696512,-68.8178046903097
"filter_at_threshold_0.5_fixed_50_samples","mean_abundance_ge_0.1pct","unweighted_unifrac","between_participants_matched_site_system","Antecubital__Puritan_gel",0.398056619572169,10,0.790441013332816,-0.392384393760647,-49.6411986653118
"filter_at_threshold_0.5_fixed_50_samples","mean_abundance_ge_0.1pct","unweighted_unifrac","between_participants_matched_site_system","Forehead__Copan",0.457056225084503,10,0.837835722438635,-0.380779497354131,-45.447990239163
"filter_at_threshold_0.5_fixed_50_samples","mean_abundance_ge_0.1pct","unweighted_unifrac","between_participants_matched_site_system","Forehead__Eswab",0.503262829584994,10,0.741779517860757,-0.238516688275762,-32.1546608571276
"filter_at_threshold_0.5_fixed_50_samples","mean_abundance_ge_0.1pct","unweighted_unifrac","between_participants_matched_site_system","Forehead__Omni",0.524570425553469,10,0.65417040842155,-0.129599982868081,-19.8113490307202
"filter_at_threshold_0.5_fixed_50_samples","mean_abundance_ge_0.1pct","unweighted_unifrac","between_participants_matched_site_system","Forehead__Puritan_buffer",0.423356396669601,10,0.785781579811412,-0.362425183141812,-46.1228912020047
"filter_at_threshold_0.5_fixed_50_samples","mean_abundance_ge_0.1pct","unweighted_unifrac","between_participants_matched_site_system","Forehead__Puritan_gel",0.477200231056556,10,0.724367460536758,-0.247167229480202,-34.1218018403326
"filter_at_threshold_0.5_fixed_50_samples","mean_abundance_ge_0.1pct","unweighted_unifrac","between_sites_matched_participant_system","S001__Copan",0.145704992032659,1,0.830970840721881,-0.685265848689222,-82.4656913465119
"filter_at_threshold_0.5_fixed_50_samples","mean_abundance_ge_0.1pct","unweighted_unifrac","between_sites_matched_participant_system","S001__Eswab",0.251061071669971,1,0.772177464592795,-0.521116392922824,-67.4866098556286
"filter_at_threshold_0.5_fixed_50_samples","mean_abundance_ge_0.1pct","unweighted_unifrac","between_sites_matched_participant_system","S001__Omni",0.347190922147142,1,0.605767488512561,-0.258576566365418,-42.6857781688389
"filter_at_threshold_0.5_fixed_50_samples","mean_abundance_ge_0.1pct","unweighted_unifrac","between_sites_matched_participant_system","S001__Puritan_buffer",0.335309867568304,1,0.661411920985587,-0.326102053417284,-49.3039274120355
"filter_at_threshold_0.5_fixed_50_samples","mean_abundance_ge_0.1pct","unweighted_unifrac","between_sites_matched_participant_system","S001__Puritan_gel",0.308132420172647,1,0.518207922731548,-0.2100755025589,-40.5388442252219
"filter_at_threshold_0.5_fixed_50_samples","mean_abundance_ge_0.1pct","unweighted_unifrac","between_sites_matched_participant_system","S002__Copan",0.0801742896059679,1,0.70497127328793,-0.624796983681962,-88.627296934804
"filter_at_threshold_0.5_fixed_50_samples","mean_abundance_ge_0.1pct","unweighted_unifrac","between_sites_matched_participant_system","S002__Eswab",0.164555615082222,1,0.692914059519204,-0.528358444436982,-76.251655912942
"filter_at_threshold_0.5_fixed_50_samples","mean_abundance_ge_0.1pct","unweighted_unifrac","between_sites_matched_participant_system","S002__Omni",0.356830545310816,1,0.706184702050735,-0.349354156739919,-49.4706492119423
"filter_at_threshold_0.5_fixed_50_samples","mean_abundance_ge_0.1pct","unweighted_unifrac","between_sites_matched_participant_system","S002__Puritan_buffer",0.220649357721354,1,0.790460083375253,-0.569810725653899,-72.0859582460908
"filter_at_threshold_0.5_fixed_50_samples","mean_abundance_ge_0.1pct","unweighted_unifrac","between_sites_matched_participant_system","S002__Puritan_gel",0.116529800419145,1,0.694156178620243,-0.577626378201099,-83.2127403013587
"filter_at_threshold_0.5_fixed_50_samples","mean_abundance_ge_0.1pct","unweighted_unifrac","between_sites_matched_participant_system","S003__Copan",0.321388232507545,1,0.843138688825123,-0.521750456317578,-61.8819256230093
"filter_at_threshold_0.5_fixed_50_samples","mean_abundance_ge_0.1pct","unweighted_unifrac","between_sites_matched_participant_system","S003__Eswab",0.318682667124872,1,0.755360864915162,-0.43667819779029,-57.8105403752067
"filter_at_threshold_0.5_fixed_50_samples","mean_abundance_ge_0.1pct","unweighted_unifrac","between_sites_matched_participant_system","S003__Omni",0.419685130314706,1,0.650728491443368,-0.231043361128662,-35.5053396565117
"filter_at_threshold_0.5_fixed_50_samples","mean_abundance_ge_0.1pct","unweighted_unifrac","between_sites_matched_participant_system","S003__Puritan_buffer",0.492791820378862,1,0.659017265070775,-0.166225444691914,-25.223230634794
"filter_at_threshold_0.5_fixed_50_samples","mean_abundance_ge_0.1pct","unweighted_unifrac","between_sites_matched_participant_system","S003__Puritan_gel",0.44854949700425,1,0.472104744874901,-0.0235552478706513,-4.98941138091992
"filter_at_threshold_0.5_fixed_50_samples","mean_abundance_ge_0.1pct","unweighted_unifrac","between_sites_matched_participant_system","S004__Copan",0.206456120847914,1,0.759277670541619,-0.552821549693705,-72.8088775874784
"filter_at_threshold_0.5_fixed_50_samples","mean_abundance_ge_0.1pct","unweighted_unifrac","between_sites_matched_participant_system","S004__Eswab",0.140396650036397,1,0.650421538604602,-0.510024888568205,-78.4145140184625
"filter_at_threshold_0.5_fixed_50_samples","mean_abundance_ge_0.1pct","unweighted_unifrac","between_sites_matched_participant_system","S004__Omni",0.249675540518729,1,0.782748592218883,-0.533073051700154,-68.1027161210261
"filter_at_threshold_0.5_fixed_50_samples","mean_abundance_ge_0.1pct","unweighted_unifrac","between_sites_matched_participant_system","S004__Puritan_buffer",0.256883814341429,1,0.796479178266848,-0.539595363925419,-67.7475794282014
"filter_at_threshold_0.5_fixed_50_samples","mean_abundance_ge_0.1pct","unweighted_unifrac","between_sites_matched_participant_system","S004__Puritan_gel",0.197956713585262,1,0.77925028523167,-0.581293571646408,-74.5965170193798
"filter_at_threshold_0.5_fixed_50_samples","mean_abundance_ge_0.1pct","unweighted_unifrac","between_sites_matched_participant_system","S005__Copan",0.317509238802167,1,0.733764422909824,-0.416255184107657,-56.7287226133083
"filter_at_threshold_0.5_fixed_50_samples","mean_abundance_ge_0.1pct","unweighted_unifrac","between_sites_matched_participant_system","S005__Eswab",0.102384721416343,1,0.62310567501401,-0.520720953597667,-83.5686424435084
"filter_at_threshold_0.5_fixed_50_samples","mean_abundance_ge_0.1pct","unweighted_unifrac","between_sites_matched_participant_system","S005__Omni",0.113866780501335,1,0.777072913536115,-0.66320613303478,-85.3467057572271
"filter_at_threshold_0.5_fixed_50_samples","mean_abundance_ge_0.1pct","unweighted_unifrac","between_sites_matched_participant_system","S005__Puritan_buffer",0.347821824188152,1,0.672264099549332,-0.32444227536118,-48.2611336197601
"filter_at_threshold_0.5_fixed_50_samples","mean_abundance_ge_0.1pct","unweighted_unifrac","between_sites_matched_participant_system","S005__Puritan_gel",0.476911817199053,1,0.785295900952094,-0.308384083753041,-39.2697941475507
"filter_at_threshold_0.5_fixed_50_samples","mean_abundance_ge_0.1pct","unweighted_unifrac","within_participant_site_between_systems","S001__Antecubital",0.143390129179754,10,0.543605414769881,-0.400215285590126,-73.622387620908
"filter_at_threshold_0.5_fixed_50_samples","mean_abundance_ge_0.1pct","unweighted_unifrac","within_participant_site_between_systems","S001__Forehead",0.177715311693048,10,0.654117643849617,-0.476402332156569,-72.831292143848
"filter_at_threshold_0.5_fixed_50_samples","mean_abundance_ge_0.1pct","unweighted_unifrac","within_participant_site_between_systems","S002__Antecubital",0.123412635370459,10,0.673076973349345,-0.549664337978886,-81.6644098287397
"filter_at_threshold_0.5_fixed_50_samples","mean_abundance_ge_0.1pct","unweighted_unifrac","within_participant_site_between_systems","S002__Forehead",0.139375130325128,10,0.473674855219026,-0.334299724893898,-70.5757802447248
"filter_at_threshold_0.5_fixed_50_samples","mean_abundance_ge_0.1pct","unweighted_unifrac","within_participant_site_between_systems","S003__Antecubital",0.427871316409096,10,0.645036569174674,-0.217165252765578,-33.6671226320457
"filter_at_threshold_0.5_fixed_50_samples","mean_abundance_ge_0.1pct","unweighted_unifrac","within_participant_site_between_systems","S003__Forehead",0.179612083279569,10,0.466086504989193,-0.286474421709624,-61.4637880829152
"filter_at_threshold_0.5_fixed_50_samples","mean_abundance_ge_0.1pct","unweighted_unifrac","within_participant_site_between_systems","S004__Antecubital",0.144347908403251,10,0.710932441137895,-0.566584532734644,-79.6959738998248
"filter_at_threshold_0.5_fixed_50_samples","mean_abundance_ge_0.1pct","unweighted_unifrac","within_participant_site_between_systems","S004__Forehead",0.203235257121116,10,0.744791114757825,-0.541555857636709,-72.7124487532051
"filter_at_threshold_0.5_fixed_50_samples","mean_abundance_ge_0.1pct","unweighted_unifrac","within_participant_site_between_systems","S005__Antecubital",0.192159089270187,10,0.622444776563758,-0.430285687293571,-69.1283312985592
"filter_at_threshold_0.5_fixed_50_samples","mean_abundance_ge_0.1pct","unweighted_unifrac","within_participant_site_between_systems","S005__Forehead",0.360681918762852,10,0.719609578696263,-0.358927659933411,-49.878110375308
"filter_at_threshold_0.5_fixed_50_samples","mean_abundance_ge_0.1pct","bray_curtis","between_participants_matched_site_system","Antecubital__Copan",0.847708950049552,10,0.89331157403481,-0.0456026239852576,-5.10489568374053
"filter_at_threshold_0.5_fixed_50_samples","mean_abundance_ge_0.1pct","bray_curtis","between_participants_matched_site_system","Antecubital__Eswab",0.829234500656847,10,0.861243017812304,-0.0320085171554572,-3.71654881298939
"filter_at_threshold_0.5_fixed_50_samples","mean_abundance_ge_0.1pct","bray_curtis","between_participants_matched_site_system","Antecubital__Omni",0.854821821661381,10,0.881642606530765,-0.0268207848693843,-3.04213801269465
"filter_at_threshold_0.5_fixed_50_samples","mean_abundance_ge_0.1pct","bray_curtis","between_participants_matched_site_system","Antecubital__Puritan_buffer",0.911169301640056,10,0.93145395026805,-0.0202846486279936,-2.17774036195307
"filter_at_threshold_0.5_fixed_50_samples","mean_abundance_ge_0.1pct","bray_curtis","between_participants_matched_site_system","Antecubital__Puritan_gel",0.812579048164679,10,0.88425977758381,-0.071680729419131,-8.10629763291897
"filter_at_threshold_0.5_fixed_50_samples","mean_abundance_ge_0.1pct","bray_curtis","between_participants_matched_site_system","Forehead__Copan",0.630232823471276,10,0.717624907808867,-0.0873920843375916,-12.1779614094537
"filter_at_threshold_0.5_fixed_50_samples","mean_abundance_ge_0.1pct","bray_curtis","between_participants_matched_site_system","Forehead__Eswab",0.474111655137319,10,0.640467183136183,-0.166355527998864,-25.9740908479134
"filter_at_threshold_0.5_fixed_50_samples","mean_abundance_ge_0.1pct","bray_curtis","between_participants_matched_site_system","Forehead__Omni",0.752015708829481,10,0.802277920118609,-0.0502622112891287,-6.26493762681364
"filter_at_threshold_0.5_fixed_50_samples","mean_abundance_ge_0.1pct","bray_curtis","between_participants_matched_site_system","Forehead__Puritan_buffer",0.761582356596347,10,0.795155300014195,-0.0335729434178476,-4.22218696363443
"filter_at_threshold_0.5_fixed_50_samples","mean_abundance_ge_0.1pct","bray_curtis","between_participants_matched_site_system","Forehead__Puritan_gel",0.6677952587023,10,0.747149804157363,-0.0793545454550635,-10.6209685144145
"filter_at_threshold_0.5_fixed_50_samples","mean_abundance_ge_0.1pct","bray_curtis","between_sites_matched_participant_system","S001__Copan",0.239452851691648,1,0.261729148251598,-0.0222762965599492,-8.51120202268614
"filter_at_threshold_0.5_fixed_50_samples","mean_abundance_ge_0.1pct","bray_curtis","between_sites_matched_participant_system","S001__Eswab",0.57058801459544,1,0.632731439562847,-0.062143424967407,-9.82145363447434
"filter_at_threshold_0.5_fixed_50_samples","mean_abundance_ge_0.1pct","bray_curtis","between_sites_matched_participant_system","S001__Omni",0.369572238046423,1,0.424761419789743,-0.0551891817433204,-12.9929836308201
"filter_at_threshold_0.5_fixed_50_samples","mean_abundance_ge_0.1pct","bray_curtis","between_sites_matched_participant_system","S001__Puritan_buffer",0.469280975017144,1,0.526974958114492,-0.0576939830973481,-10.9481451080287
"filter_at_threshold_0.5_fixed_50_samples","mean_abundance_ge_0.1pct","bray_curtis","between_sites_matched_participant_system","S001__Puritan_gel",0.71968615697439,1,0.729343199357509,-0.00965704238311949,-1.32407382308172
"filter_at_threshold_0.5_fixed_50_samples","mean_abundance_ge_0.1pct","bray_curtis","between_sites_matched_participant_system","S002__Copan",0.191722913355104,1,0.239831571353836,-0.0481086579987313,-20.0593515387322
"filter_at_threshold_0.5_fixed_50_samples","mean_abundance_ge_0.1pct","bray_curtis","between_sites_matched_participant_system","S002__Eswab",0.58443279023781,1,0.630901013616762,-0.046468223378952,-7.36537465878583
"filter_at_threshold_0.5_fixed_50_samples","mean_abundance_ge_0.1pct","bray_curtis","between_sites_matched_participant_system","S002__Omni",0.541999664749169,1,0.675077273779915,-0.133077609030745,-19.7129446064171
"filter_at_threshold_0.5_fixed_50_samples","mean_abundance_ge_0.1pct","bray_curtis","between_sites_matched_participant_system","S002__Puritan_buffer",0.411406764211054,1,0.486984763382006,-0.0755779991709519,-15.519581895351
"filter_at_threshold_0.5_fixed_50_samples","mean_abundance_ge_0.1pct","bray_curtis","between_sites_matched_participant_system","S002__Puritan_gel",0.395476073884208,1,0.438038095099832,-0.0425620212156242,-9.71651134724344
"filter_at_threshold_0.5_fixed_50_samples","mean_abundance_ge_0.1pct","bray_curtis","between_sites_matched_participant_system","S003__Copan",0.882911829258615,1,0.879950353601815,0.00296147565679949,0.336550311580372
"filter_at_threshold_0.5_fixed_50_samples","mean_abundance_ge_0.1pct","bray_curtis","between_sites_matched_participant_system","S003__Eswab",0.68867730812529,1,0.688377161579588,0.000300146545702096,0.0436020487683471
"filter_at_threshold_0.5_fixed_50_samples","mean_abundance_ge_0.1pct","bray_curtis","between_sites_matched_participant_system","S003__Omni",0.877030283656545,1,0.904267205441914,-0.0272369217853693,-3.01204352225277
"filter_at_threshold_0.5_fixed_50_samples","mean_abundance_ge_0.1pct","bray_curtis","between_sites_matched_participant_system","S003__Puritan_buffer",0.996429440882902,1,0.996435515230071,-6.07434716959343e-06,-0.000609607654158222
"filter_at_threshold_0.5_fixed_50_samples","mean_abundance_ge_0.1pct","bray_curtis","between_sites_matched_participant_system","S003__Puritan_gel",0.9912562257886,1,0.99126782358793,-1.15977993297989e-05,-0.00116999654924945
"filter_at_threshold_0.5_fixed_50_samples","mean_abundance_ge_0.1pct","bray_curtis","between_sites_matched_participant_system","S004__Copan",0.579859991335478,1,0.670373629056129,-0.0905136377206507,-13.5019687227393
"filter_at_threshold_0.5_fixed_50_samples","mean_abundance_ge_0.1pct","bray_curtis","between_sites_matched_participant_system","S004__Eswab",0.852865586282239,1,0.848088224954515,0.00477736132772455,0.563309475023164
"filter_at_threshold_0.5_fixed_50_samples","mean_abundance_ge_0.1pct","bray_curtis","between_sites_matched_participant_system","S004__Omni",0.542464788715276,1,0.648742195294266,-0.10627740657899,-16.3820709289278
"filter_at_threshold_0.5_fixed_50_samples","mean_abundance_ge_0.1pct","bray_curtis","between_sites_matched_participant_system","S004__Puritan_buffer",0.771113283346496,1,0.8112197818418,-0.0401064984953043,-4.94397441889869
"filter_at_threshold_0.5_fixed_50_samples","mean_abundance_ge_0.1pct","bray_curtis","between_sites_matched_participant_system","S004__Puritan_gel",0.672941464734499,1,0.727493130351722,-0.0545516656172231,-7.49858154548469
"filter_at_threshold_0.5_fixed_50_samples","mean_abundance_ge_0.1pct","bray_curtis","between_sites_matched_participant_system","S005__Copan",0.935060883428023,1,0.938950634624544,-0.00388975119652191,-0.414265782788175
"filter_at_threshold_0.5_fixed_50_samples","mean_abundance_ge_0.1pct","bray_curtis","between_sites_matched_participant_system","S005__Eswab",0.919596335843389,1,0.924815243453505,-0.00521890761011601,-0.564318943384543
"filter_at_threshold_0.5_fixed_50_samples","mean_abundance_ge_0.1pct","bray_curtis","between_sites_matched_participant_system","S005__Omni",0.923337050051352,1,0.927370646113497,-0.00403359606214493,-0.434949723613666
"filter_at_threshold_0.5_fixed_50_samples","mean_abundance_ge_0.1pct","bray_curtis","between_sites_matched_participant_system","S005__Puritan_buffer",0.699988053929616,1,0.731945761283429,-0.0319577073538125,-4.3661305310077
"filter_at_threshold_0.5_fixed_50_samples","mean_abundance_ge_0.1pct","bray_curtis","between_sites_matched_participant_system","S005__Puritan_gel",0.902071987464677,1,0.908743900889769,-0.00667191342509221,-0.734190723982808
"filter_at_threshold_0.5_fixed_50_samples","mean_abundance_ge_0.1pct","bray_curtis","within_participant_site_between_systems","S001__Antecubital",0.348154895212226,10,0.387367658697218,-0.039212763484992,-10.1228800609919
"filter_at_threshold_0.5_fixed_50_samples","mean_abundance_ge_0.1pct","bray_curtis","within_participant_site_between_systems","S001__Forehead",0.0535097711862998,10,0.0583951941794449,-0.00488542299314513,-8.36613879240219
"filter_at_threshold_0.5_fixed_50_samples","mean_abundance_ge_0.1pct","bray_curtis","within_participant_site_between_systems","S002__Antecubital",0.410784111535796,10,0.494123512813118,-0.0833394012773228,-16.8661071809474
"filter_at_threshold_0.5_fixed_50_samples","mean_abundance_ge_0.1pct","bray_curtis","within_participant_site_between_systems","S002__Forehead",0.0462454979938993,10,0.0558191562781083,-0.00957365828420899,-17.1512056479501
"filter_at_threshold_0.5_fixed_50_samples","mean_abundance_ge_0.1pct","bray_curtis","within_participant_site_between_systems","S003__Antecubital",0.396529913817862,10,0.527024265873915,-0.130494352056053,-24.7605965238937
"filter_at_threshold_0.5_fixed_50_samples","mean_abundance_ge_0.1pct","bray_curtis","within_participant_site_between_systems","S003__Forehead",0.141755936800059,10,0.194851537395492,-0.0530956005954327,-27.2492592591991
"filter_at_threshold_0.5_fixed_50_samples","mean_abundance_ge_0.1pct","bray_curtis","within_participant_site_between_systems","S004__Antecubital",0.537227352296384,10,0.636139597841796,-0.0989122455454111,-15.5488269997634
"filter_at_threshold_0.5_fixed_50_samples","mean_abundance_ge_0.1pct","bray_curtis","within_participant_site_between_systems","S004__Forehead",0.234148959645274,10,0.346947588001735,-0.112798628356461,-32.5117199995917
"filter_at_threshold_0.5_fixed_50_samples","mean_abundance_ge_0.1pct","bray_curtis","within_participant_site_between_systems","S005__Antecubital",0.491256921861323,10,0.502956750738448,-0.011699828877126,-2.32620973074685
"filter_at_threshold_0.5_fixed_50_samples","mean_abundance_ge_0.1pct","bray_curtis","within_participant_site_between_systems","S005__Forehead",0.441101456950725,10,0.588749250604983,-0.147647793654258,-25.0782134333996
"filter_at_threshold_0.5_fixed_50_samples","mean_abundance_ge_1pct","weighted_unifrac","between_participants_matched_site_system","Antecubital__Copan",0.643261861036543,10,0.239581352544714,0.403680508491829,168.494127027891
"filter_at_threshold_0.5_fixed_50_samples","mean_abundance_ge_1pct","weighted_unifrac","between_participants_matched_site_system","Antecubital__Eswab",0.488963248814714,10,0.0791862977532136,0.4097769510615,517.484669302992
"filter_at_threshold_0.5_fixed_50_samples","mean_abundance_ge_1pct","weighted_unifrac","between_participants_matched_site_system","Antecubital__Omni",0.652868821125102,10,0.131147153613434,0.521721667511668,397.813946499733
"filter_at_threshold_0.5_fixed_50_samples","mean_abundance_ge_1pct","weighted_unifrac","between_participants_matched_site_system","Antecubital__Puritan_buffer",0.562999923315154,10,0.139092594230023,0.423907329085131,304.766282800146
"filter_at_threshold_0.5_fixed_50_samples","mean_abundance_ge_1pct","weighted_unifrac","between_participants_matched_site_system","Antecubital__Puritan_gel",0.37346341488691,10,0.101484839825344,0.271978575061566,267.999215971217
"filter_at_threshold_0.5_fixed_50_samples","mean_abundance_ge_1pct","weighted_unifrac","between_participants_matched_site_system","Forehead__Copan",0.403277276743906,10,0.242758246989669,0.160519029754237,66.122997568469
"filter_at_threshold_0.5_fixed_50_samples","mean_abundance_ge_1pct","weighted_unifrac","between_participants_matched_site_system","Forehead__Eswab",0.239018216816474,10,0.209454666732832,0.0295635500836418,14.1145339680358
"filter_at_threshold_0.5_fixed_50_samples","mean_abundance_ge_1pct","weighted_unifrac","between_participants_matched_site_system","Forehead__Omni",0.576437633858879,10,0.341078476385675,0.235359157473205,69.0044003852861
"filter_at_threshold_0.5_fixed_50_samples","mean_abundance_ge_1pct","weighted_unifrac","between_participants_matched_site_system","Forehead__Puritan_buffer",0.611673318570307,10,0.228702310183219,0.382971008387087,167.45393086772
"filter_at_threshold_0.5_fixed_50_samples","mean_abundance_ge_1pct","weighted_unifrac","between_participants_matched_site_system","Forehead__Puritan_gel",0.48886967423433,10,0.197186716649984,0.291682957584346,147.922214305184
"filter_at_threshold_0.5_fixed_50_samples","mean_abundance_ge_1pct","weighted_unifrac","between_sites_matched_participant_system","S001__Copan",0.123177375069357,1,0.118703586162941,0.00447378890641607,3.76887426153666
"filter_at_threshold_0.5_fixed_50_samples","mean_abundance_ge_1pct","weighted_unifrac","between_sites_matched_participant_system","S001__Eswab",0.424627805343663,1,0.299698932411088,0.124928872932575,41.6847907757022
"filter_at_threshold_0.5_fixed_50_samples","mean_abundance_ge_1pct","weighted_unifrac","between_sites_matched_participant_system","S001__Omni",0.210969746051318,1,0.196009155711058,0.0149605903402597,7.63259771513605
"filter_at_threshold_0.5_fixed_50_samples","mean_abundance_ge_1pct","weighted_unifrac","between_sites_matched_participant_system","S001__Puritan_buffer",0.297531670137667,1,0.246854402236843,0.0506772679008244,20.5292137558084
"filter_at_threshold_0.5_fixed_50_samples","mean_abundance_ge_1pct","weighted_unifrac","between_sites_matched_participant_system","S001__Puritan_gel",0.38808037976358,1,0.35215402084111,0.0359263589224695,10.2018880365644
"filter_at_threshold_0.5_fixed_50_samples","mean_abundance_ge_1pct","weighted_unifrac","between_sites_matched_participant_system","S002__Copan",0.166564910772458,1,0.108682096170832,0.0578828146016259,53.2588316208427
"filter_at_threshold_0.5_fixed_50_samples","mean_abundance_ge_1pct","weighted_unifrac","between_sites_matched_participant_system","S002__Eswab",0.238425087560739,1,0.308844072857493,-0.0704189852967541,-22.8008213482041
"filter_at_threshold_0.5_fixed_50_samples","mean_abundance_ge_1pct","weighted_unifrac","between_sites_matched_participant_system","S002__Omni",0.435608743094327,1,0.304787562040176,0.130821181054151,42.9220865111636
"filter_at_threshold_0.5_fixed_50_samples","mean_abundance_ge_1pct","weighted_unifrac","between_sites_matched_participant_system","S002__Puritan_buffer",0.382984143295545,1,0.228685136308924,0.15429900698662,67.4722500452247
"filter_at_threshold_0.5_fixed_50_samples","mean_abundance_ge_1pct","weighted_unifrac","between_sites_matched_participant_system","S002__Puritan_gel",0.362203380574641,1,0.199996186215452,0.162207194359189,81.1051437673147
"filter_at_threshold_0.5_fixed_50_samples","mean_abundance_ge_1pct","weighted_unifrac","between_sites_matched_participant_system","S003__Copan",0.807046323154864,1,0.0939293774927445,0.71311694566212,759.205442106975
"filter_at_threshold_0.5_fixed_50_samples","mean_abundance_ge_1pct","weighted_unifrac","between_sites_matched_participant_system","S003__Eswab",0.738975582753443,1,0.033090757686952,0.705884825066491,2133.17818753007
"filter_at_threshold_0.5_fixed_50_samples","mean_abundance_ge_1pct","weighted_unifrac","between_sites_matched_participant_system","S003__Omni",0.755553122299357,1,0.051978027897432,0.703575094401925,1353.60097884107
"filter_at_threshold_0.5_fixed_50_samples","mean_abundance_ge_1pct","weighted_unifrac","between_sites_matched_participant_system","S003__Puritan_buffer",0.858738511988751,1,0.101679922060645,0.757058589928105,744.550718161027
"filter_at_threshold_0.5_fixed_50_samples","mean_abundance_ge_1pct","weighted_unifrac","between_sites_matched_participant_system","S003__Puritan_gel",0.880959284274085,1,0.109616644392069,0.771342639882015,703.672917703199
"filter_at_threshold_0.5_fixed_50_samples","mean_abundance_ge_1pct","weighted_unifrac","between_sites_matched_participant_system","S004__Copan",0.606594730649764,1,0.124797795372187,0.481796935277577,386.062056497636
"filter_at_threshold_0.5_fixed_50_samples","mean_abundance_ge_1pct","weighted_unifrac","between_sites_matched_participant_system","S004__Eswab",0.808858780830327,1,0.358469203729103,0.450389577101224,125.642474281162
"filter_at_threshold_0.5_fixed_50_samples","mean_abundance_ge_1pct","weighted_unifrac","between_sites_matched_participant_system","S004__Omni",0.298064425461555,1,0.0857068275882549,0.212357597873301,247.772089866037
"filter_at_threshold_0.5_fixed_50_samples","mean_abundance_ge_1pct","weighted_unifrac","between_sites_matched_participant_system","S004__Puritan_buffer",0.319084831383438,1,0.0880329593766089,0.231051872006829,262.460643880411
"filter_at_threshold_0.5_fixed_50_samples","mean_abundance_ge_1pct","weighted_unifrac","between_sites_matched_participant_system","S004__Puritan_gel",0.343102599901655,1,0.10660317710179,0.236499422799865,221.850257402783
"filter_at_threshold_0.5_fixed_50_samples","mean_abundance_ge_1pct","weighted_unifrac","between_sites_matched_participant_system","S005__Copan",0.904817504015468,1,0.272457750137802,0.632359753877667,232.094610470004
"filter_at_threshold_0.5_fixed_50_samples","mean_abundance_ge_1pct","weighted_unifrac","between_sites_matched_participant_system","S005__Eswab",0.874948672255624,1,0.177423306316352,0.697525365939272,393.141904759434
"filter_at_threshold_0.5_fixed_50_samples","mean_abundance_ge_1pct","weighted_unifrac","between_sites_matched_participant_system","S005__Omni",0.963507287163921,1,0.374465208784804,0.589042078379116,157.302217819019
"filter_at_threshold_0.5_fixed_50_samples","mean_abundance_ge_1pct","weighted_unifrac","between_sites_matched_participant_system","S005__Puritan_buffer",0.672454134918997,1,0.155374774545272,0.517079360373724,332.794922397818
"filter_at_threshold_0.5_fixed_50_samples","mean_abundance_ge_1pct","weighted_unifrac","between_sites_matched_participant_system","S005__Puritan_gel",0.827237990872661,1,0.210795870640518,0.616442120232143,292.4355768256
"filter_at_threshold_0.5_fixed_50_samples","mean_abundance_ge_1pct","weighted_unifrac","within_participant_site_between_systems","S001__Antecubital",0.160397918632339,10,0.105681797465082,0.0547161211672562,51.7744043720817
"filter_at_threshold_0.5_fixed_50_samples","mean_abundance_ge_1pct","weighted_unifrac","within_participant_site_between_systems","S001__Forehead",0.0367803074273005,10,0.0256329952724605,0.01114731215484,43.4881372089061
"filter_at_threshold_0.5_fixed_50_samples","mean_abundance_ge_1pct","weighted_unifrac","within_participant_site_between_systems","S002__Antecubital",0.189326184047396,10,0.091121088186019,0.0982050958613768,107.774279057002
"filter_at_threshold_0.5_fixed_50_samples","mean_abundance_ge_1pct","weighted_unifrac","within_participant_site_between_systems","S002__Forehead",0.0569687013950978,10,0.0263229730463409,0.0306457283487569,116.421987344689
"filter_at_threshold_0.5_fixed_50_samples","mean_abundance_ge_1pct","weighted_unifrac","within_participant_site_between_systems","S003__Antecubital",0.270420662508671,10,0.0477431268189668,0.222677535689704,466.407524027608
"filter_at_threshold_0.5_fixed_50_samples","mean_abundance_ge_1pct","weighted_unifrac","within_participant_site_between_systems","S003__Forehead",0.066281961093762,10,0.0207112688918345,0.0455706922019275,220.028489997027
"filter_at_threshold_0.5_fixed_50_samples","mean_abundance_ge_1pct","weighted_unifrac","within_participant_site_between_systems","S004__Antecubital",0.214209640765141,10,0.0215023955615367,0.192707245203605,896.212911031727
"filter_at_threshold_0.5_fixed_50_samples","mean_abundance_ge_1pct","weighted_unifrac","within_participant_site_between_systems","S004__Forehead",0.25760343058593,10,0.0506383486832577,0.206965081902673,408.712146593162
"filter_at_threshold_0.5_fixed_50_samples","mean_abundance_ge_1pct","weighted_unifrac","within_participant_site_between_systems","S005__Antecubital",0.0260053238285346,10,0.0113821348481991,0.0146231889803354,128.474922985551
"filter_at_threshold_0.5_fixed_50_samples","mean_abundance_ge_1pct","weighted_unifrac","within_participant_site_between_systems","S005__Forehead",0.20434964151265,10,0.120062689169092,0.0842869523435582,70.2024525078324
"filter_at_threshold_0.5_fixed_50_samples","mean_abundance_ge_1pct","unweighted_unifrac","between_participants_matched_site_system","Antecubital__Copan",0.293029928653141,10,0.804813718721013,-0.511783790067872,-63.5903412383656
"filter_at_threshold_0.5_fixed_50_samples","mean_abundance_ge_1pct","unweighted_unifrac","between_participants_matched_site_system","Antecubital__Eswab",0.151549734147416,10,0.675235404911876,-0.52368567076446,-77.5560148290514
"filter_at_threshold_0.5_fixed_50_samples","mean_abundance_ge_1pct","unweighted_unifrac","between_participants_matched_site_system","Antecubital__Omni",0.156321901977131,10,0.727624151833423,-0.571302249856292,-78.5161196775505
"filter_at_threshold_0.5_fixed_50_samples","mean_abundance_ge_1pct","unweighted_unifrac","between_participants_matched_site_system","Antecubital__Puritan_buffer",0.0654054502180328,10,0.714539689124599,-0.649134238906566,-90.8464916346127
"filter_at_threshold_0.5_fixed_50_samples","mean_abundance_ge_1pct","unweighted_unifrac","between_participants_matched_site_system","Antecubital__Puritan_gel",0.151549734147416,10,0.790441013332816,-0.6388912791854,-80.8271924670986
"filter_at_threshold_0.5_fixed_50_samples","mean_abundance_ge_1pct","unweighted_unifrac","between_participants_matched_site_system","Forehead__Copan",0.13936951894824,10,0.837835722438635,-0.698466203490394,-83.3655315456607
"filter_at_threshold_0.5_fixed_50_samples","mean_abundance_ge_1pct","unweighted_unifrac","between_participants_matched_site_system","Forehead__Eswab",0.174073667653653,10,0.741779517860757,-0.567705850207104,-76.532963844072
"filter_at_threshold_0.5_fixed_50_samples","mean_abundance_ge_1pct","unweighted_unifrac","between_participants_matched_site_system","Forehead__Omni",0.167718796360383,10,0.65417040842155,-0.486451612061167,-74.3616045297628
"filter_at_threshold_0.5_fixed_50_samples","mean_abundance_ge_1pct","unweighted_unifrac","between_participants_matched_site_system","Forehead__Puritan_buffer",0.105686890628109,10,0.785781579811412,-0.680094689183303,-86.5500931373991
"filter_at_threshold_0.5_fixed_50_samples","mean_abundance_ge_1pct","unweighted_unifrac","between_participants_matched_site_system","Forehead__Puritan_gel",0.359780062029139,10,0.724367460536758,-0.364587398507619,-50.3318299578861
"filter_at_threshold_0.5_fixed_50_samples","mean_abundance_ge_1pct","unweighted_unifrac","between_sites_matched_participant_system","S001__Copan",0.0580918178493754,1,0.830970840721881,-0.772879022872506,-93.0091628968702
"filter_at_threshold_0.5_fixed_50_samples","mean_abundance_ge_1pct","unweighted_unifrac","between_sites_matched_participant_system","S001__Eswab",0.0936329283101429,1,0.772177464592795,-0.678544536282653,-87.8741697856308
"filter_at_threshold_0.5_fixed_50_samples","mean_abundance_ge_1pct","unweighted_unifrac","between_sites_matched_participant_system","S001__Omni",0.0688725856251616,1,0.605767488512561,-0.536894902887399,-88.6305245938049
"filter_at_threshold_0.5_fixed_50_samples","mean_abundance_ge_1pct","unweighted_unifrac","between_sites_matched_participant_system","S001__Puritan_buffer",0.160108633875447,1,0.661411920985587,-0.50130328711014,-75.7929017008244
"filter_at_threshold_0.5_fixed_50_samples","mean_abundance_ge_1pct","unweighted_unifrac","between_sites_matched_participant_system","S001__Puritan_gel",0.0688725856251616,1,0.518207922731548,-0.449335337106386,-86.7094688050842
"filter_at_threshold_0.5_fixed_50_samples","mean_abundance_ge_1pct","unweighted_unifrac","between_sites_matched_participant_system","S002__Copan",0.0884637032707178,1,0.70497127328793,-0.616507570017212,-87.4514456655616
"filter_at_threshold_0.5_fixed_50_samples","mean_abundance_ge_1pct","unweighted_unifrac","between_sites_matched_participant_system","S002__Eswab",0.0688725856251616,1,0.692914059519204,-0.624041473894043,-90.0604433292997
"filter_at_threshold_0.5_fixed_50_samples","mean_abundance_ge_1pct","unweighted_unifrac","between_sites_matched_participant_system","S002__Omni",0.146859259863455,1,0.706184702050735,-0.55932544218728,-79.2038457591929
"filter_at_threshold_0.5_fixed_50_samples","mean_abundance_ge_1pct","unweighted_unifrac","between_sites_matched_participant_system","S002__Puritan_buffer",0.146859259863455,1,0.790460083375253,-0.643600823511798,-81.4210403596386
"filter_at_threshold_0.5_fixed_50_samples","mean_abundance_ge_1pct","unweighted_unifrac","between_sites_matched_participant_system","S002__Puritan_gel",0.0532263315533122,1,0.694156178620243,-0.640929847066931,-92.3322253416934
"filter_at_threshold_0.5_fixed_50_samples","mean_abundance_ge_1pct","unweighted_unifrac","between_sites_matched_participant_system","S003__Copan",0.102019087754738,1,0.843138688825123,-0.741119601070385,-87.900082263228
"filter_at_threshold_0.5_fixed_50_samples","mean_abundance_ge_1pct","unweighted_unifrac","between_sites_matched_participant_system","S003__Eswab",0.0650442194716696,1,0.755360864915162,-0.690316645443492,-91.3889873710925
"filter_at_threshold_0.5_fixed_50_samples","mean_abundance_ge_1pct","unweighted_unifrac","between_sites_matched_participant_system","S003__Omni",0.161463345315515,1,0.650728491443368,-0.489265146127853,-75.18729432649
"filter_at_threshold_0.5_fixed_50_samples","mean_abundance_ge_1pct","unweighted_unifrac","between_sites_matched_participant_system","S003__Puritan_buffer",0.407561216274839,1,0.659017265070775,-0.251456048795937,-38.1562156446586
"filter_at_threshold_0.5_fixed_50_samples","mean_abundance_ge_1pct","unweighted_unifrac","between_sites_matched_participant_system","S003__Puritan_gel",0.692819505560191,1,0.472104744874901,0.220714760685289,46.7512269430324
"filter_at_threshold_0.5_fixed_50_samples","mean_abundance_ge_1pct","unweighted_unifrac","between_sites_matched_participant_system","S004__Copan",0.0103847464699193,1,0.759277670541619,-0.748892924071699,-98.6322860696652
"filter_at_threshold_0.5_fixed_50_samples","mean_abundance_ge_1pct","unweighted_unifrac","between_sites_matched_participant_system","S004__Eswab",0.0103847464699193,1,0.650421538604602,-0.640036792134682,-98.4033821370371
"filter_at_threshold_0.5_fixed_50_samples","mean_abundance_ge_1pct","unweighted_unifrac","between_sites_matched_participant_system","S004__Omni",0.0817072684642941,1,0.782748592218883,-0.701041323754589,-89.5614927606991
"filter_at_threshold_0.5_fixed_50_samples","mean_abundance_ge_1pct","unweighted_unifrac","between_sites_matched_participant_system","S004__Puritan_buffer",0,1,0.796479178266848,-0.796479178266848,-100
"filter_at_threshold_0.5_fixed_50_samples","mean_abundance_ge_1pct","unweighted_unifrac","between_sites_matched_participant_system","S004__Puritan_gel",0.0163141076987889,1,0.77925028523167,-0.762936177532881,-97.9064354536696
"filter_at_threshold_0.5_fixed_50_samples","mean_abundance_ge_1pct","unweighted_unifrac","between_sites_matched_participant_system","S005__Copan",0.241321716416037,1,0.733764422909824,-0.492442706493788,-67.1118265097879
"filter_at_threshold_0.5_fixed_50_samples","mean_abundance_ge_1pct","unweighted_unifrac","between_sites_matched_participant_system","S005__Eswab",0.0163888884140761,1,0.62310567501401,-0.606716786599934,-97.3698059460447
"filter_at_threshold_0.5_fixed_50_samples","mean_abundance_ge_1pct","unweighted_unifrac","between_sites_matched_participant_system","S005__Omni",0.0163888884140761,1,0.777072913536115,-0.760684025122039,-97.8909458651058
"filter_at_threshold_0.5_fixed_50_samples","mean_abundance_ge_1pct","unweighted_unifrac","between_sites_matched_participant_system","S005__Puritan_buffer",0.103402769923194,1,0.672264099549332,-0.568861329626138,-84.6187279682921
"filter_at_threshold_0.5_fixed_50_samples","mean_abundance_ge_1pct","unweighted_unifrac","between_sites_matched_participant_system","S005__Puritan_gel",0.439355739611438,1,0.785295900952094,-0.345940161340656,-44.0522051523811
"filter_at_threshold_0.5_fixed_50_samples","mean_abundance_ge_1pct","unweighted_unifrac","within_participant_site_between_systems","S001__Antecubital",0.0837551048699967,10,0.543605414769881,-0.459850309899884,-84.5926654528539
"filter_at_threshold_0.5_fixed_50_samples","mean_abundance_ge_1pct","unweighted_unifrac","within_participant_site_between_systems","S001__Forehead",0.0114456674016473,10,0.654117643849617,-0.64267197644797,-98.2502127087893
"filter_at_threshold_0.5_fixed_50_samples","mean_abundance_ge_1pct","unweighted_unifrac","within_participant_site_between_systems","S002__Antecubital",0.0837551048699967,10,0.673076973349345,-0.589321868479348,-87.556385348734
"filter_at_threshold_0.5_fixed_50_samples","mean_abundance_ge_1pct","unweighted_unifrac","within_participant_site_between_systems","S002__Forehead",0.0988968445476104,10,0.473674855219026,-0.374778010671415,-79.1213649071828
"filter_at_threshold_0.5_fixed_50_samples","mean_abundance_ge_1pct","unweighted_unifrac","within_participant_site_between_systems","S003__Antecubital",0.312034387343622,10,0.645036569174674,-0.333002181831053,-51.6253182756955
"filter_at_threshold_0.5_fixed_50_samples","mean_abundance_ge_1pct","unweighted_unifrac","within_participant_site_between_systems","S003__Forehead",0.137590213898419,10,0.466086504989193,-0.328496291090774,-70.4796829718103
"filter_at_threshold_0.5_fixed_50_samples","mean_abundance_ge_1pct","unweighted_unifrac","within_participant_site_between_systems","S004__Antecubital",0.0103847464699193,10,0.710932441137895,-0.700547694667975,-98.5392780144766
"filter_at_threshold_0.5_fixed_50_samples","mean_abundance_ge_1pct","unweighted_unifrac","within_participant_site_between_systems","S004__Forehead",0.0265294362963734,10,0.744791114757825,-0.718261678461452,-96.4380031164846
"filter_at_threshold_0.5_fixed_50_samples","mean_abundance_ge_1pct","unweighted_unifrac","within_participant_site_between_systems","S005__Antecubital",0.154307834906919,10,0.622444776563758,-0.468136941656839,-75.2093935531464
"filter_at_threshold_0.5_fixed_50_samples","mean_abundance_ge_1pct","unweighted_unifrac","within_participant_site_between_systems","S005__Forehead",0.103402769923194,10,0.719609578696263,-0.616206808773068,-85.6307124051167
"filter_at_threshold_0.5_fixed_50_samples","mean_abundance_ge_1pct","bray_curtis","between_participants_matched_site_system","Antecubital__Copan",0.771992337493916,10,0.89331157403481,-0.121319236540893,-13.5808423474166
"filter_at_threshold_0.5_fixed_50_samples","mean_abundance_ge_1pct","bray_curtis","between_participants_matched_site_system","Antecubital__Eswab",0.559034176031672,10,0.861243017812304,-0.302208841780632,-35.0898452040042
"filter_at_threshold_0.5_fixed_50_samples","mean_abundance_ge_1pct","bray_curtis","between_participants_matched_site_system","Antecubital__Omni",0.723034059704409,10,0.881642606530765,-0.158608546826356,-17.9901181784392
"filter_at_threshold_0.5_fixed_50_samples","mean_abundance_ge_1pct","bray_curtis","between_participants_matched_site_system","Antecubital__Puritan_buffer",0.595586473288345,10,0.93145395026805,-0.335867476979705,-36.0584092088557
"filter_at_threshold_0.5_fixed_50_samples","mean_abundance_ge_1pct","bray_curtis","between_participants_matched_site_system","Antecubital__Puritan_gel",0.375578473399884,10,0.88425977758381,-0.508681304183926,-57.5262289520699
"filter_at_threshold_0.5_fixed_50_samples","mean_abundance_ge_1pct","bray_curtis","between_participants_matched_site_system","Forehead__Copan",0.439982386656676,10,0.717624907808867,-0.277642521152191,-38.6890864755406
"filter_at_threshold_0.5_fixed_50_samples","mean_abundance_ge_1pct","bray_curtis","between_participants_matched_site_system","Forehead__Eswab",0.275014547844858,10,0.640467183136183,-0.365452635291325,-57.0603217329277
"filter_at_threshold_0.5_fixed_50_samples","mean_abundance_ge_1pct","bray_curtis","between_participants_matched_site_system","Forehead__Omni",0.620209363209276,10,0.802277920118609,-0.182068556909333,-22.6939508546385
"filter_at_threshold_0.5_fixed_50_samples","mean_abundance_ge_1pct","bray_curtis","between_participants_matched_site_system","Forehead__Puritan_buffer",0.65062461281554,10,0.795155300014195,-0.144530687198654,-18.1764099662134
"filter_at_threshold_0.5_fixed_50_samples","mean_abundance_ge_1pct","bray_curtis","between_participants_matched_site_system","Forehead__Puritan_gel",0.521291908731859,10,0.747149804157363,-0.225857895425504,-30.2292651579059
"filter_at_threshold_0.5_fixed_50_samples","mean_abundance_ge_1pct","bray_curtis","between_sites_matched_participant_system","S001__Copan",0.0911003940324736,1,0.261729148251598,-0.170628754219124,-65.1928741444954
"filter_at_threshold_0.5_fixed_50_samples","mean_abundance_ge_1pct","bray_curtis","between_sites_matched_participant_system","S001__Eswab",0.405502870498663,1,0.632731439562847,-0.227228569064183,-35.912324701484
"filter_at_threshold_0.5_fixed_50_samples","mean_abundance_ge_1pct","bray_curtis","between_sites_matched_participant_system","S001__Omni",0.17976131998628,1,0.424761419789743,-0.245000099803464,-57.6794615492006
"filter_at_threshold_0.5_fixed_50_samples","mean_abundance_ge_1pct","bray_curtis","between_sites_matched_participant_system","S001__Puritan_buffer",0.286102260168508,1,0.526974958114492,-0.240872697945984,-45.7085662680866
"filter_at_threshold_0.5_fixed_50_samples","mean_abundance_ge_1pct","bray_curtis","between_sites_matched_participant_system","S001__Puritan_gel",0.362852482421575,1,0.729343199357509,-0.366490716935935,-50.2494185534029
"filter_at_threshold_0.5_fixed_50_samples","mean_abundance_ge_1pct","bray_curtis","between_sites_matched_participant_system","S002__Copan",0.154454645226749,1,0.239831571353836,-0.0853769261270862,-35.598701891139
"filter_at_threshold_0.5_fixed_50_samples","mean_abundance_ge_1pct","bray_curtis","between_sites_matched_participant_system","S002__Eswab",0.200990746700545,1,0.630901013616762,-0.429910266916218,-68.1422691733643
"filter_at_threshold_0.5_fixed_50_samples","mean_abundance_ge_1pct","bray_curtis","between_sites_matched_participant_system","S002__Omni",0.302151767406524,1,0.675077273779915,-0.372925506373391,-55.241899091832
"filter_at_threshold_0.5_fixed_50_samples","mean_abundance_ge_1pct","bray_curtis","between_sites_matched_participant_system","S002__Puritan_buffer",0.323330805061858,1,0.486984763382006,-0.163653958320147,-33.6055603020525
"filter_at_threshold_0.5_fixed_50_samples","mean_abundance_ge_1pct","bray_curtis","between_sites_matched_participant_system","S002__Puritan_gel",0.369591933595124,1,0.438038095099832,-0.0684461615047081,-15.625618472546
"filter_at_threshold_0.5_fixed_50_samples","mean_abundance_ge_1pct","bray_curtis","between_sites_matched_participant_system","S003__Copan",0.896851582096889,1,0.879950353601815,0.0169012284950736,1.92070250621452
"filter_at_threshold_0.5_fixed_50_samples","mean_abundance_ge_1pct","bray_curtis","between_sites_matched_participant_system","S003__Eswab",0.693358412826369,1,0.688377161579588,0.00498125124678106,0.723622386796042
"filter_at_threshold_0.5_fixed_50_samples","mean_abundance_ge_1pct","bray_curtis","between_sites_matched_participant_system","S003__Omni",0.890652018322298,1,0.904267205441914,-0.0136151871196167,-1.50565972509896
"filter_at_threshold_0.5_fixed_50_samples","mean_abundance_ge_1pct","bray_curtis","between_sites_matched_participant_system","S003__Puritan_buffer",0.996382471429746,1,0.996435515230071,-5.30438003254474e-05,-0.00532335505054734
"filter_at_threshold_0.5_fixed_50_samples","mean_abundance_ge_1pct","bray_curtis","between_sites_matched_participant_system","S003__Puritan_gel",0.991245567375886,1,0.99126782358793,-2.22562120433256e-05,-0.00224522692189972
"filter_at_threshold_0.5_fixed_50_samples","mean_abundance_ge_1pct","bray_curtis","between_sites_matched_participant_system","S004__Copan",0.543778255008236,1,0.670373629056129,-0.126595374047893,-18.8843010167533
"filter_at_threshold_0.5_fixed_50_samples","mean_abundance_ge_1pct","bray_curtis","between_sites_matched_participant_system","S004__Eswab",0.810021036022858,1,0.848088224954515,-0.0380671889316562,-4.48858831092695
"filter_at_threshold_0.5_fixed_50_samples","mean_abundance_ge_1pct","bray_curtis","between_sites_matched_participant_system","S004__Omni",0.258174441345935,1,0.648742195294266,-0.390567753948331,-60.2038462707319
"filter_at_threshold_0.5_fixed_50_samples","mean_abundance_ge_1pct","bray_curtis","between_sites_matched_participant_system","S004__Puritan_buffer",0.306647187728269,1,0.8112197818418,-0.504572594113532,-62.1992467895625
"filter_at_threshold_0.5_fixed_50_samples","mean_abundance_ge_1pct","bray_curtis","between_sites_matched_participant_system","S004__Puritan_gel",0.321670568388386,1,0.727493130351722,-0.405822561963336,-55.7836967844813
"filter_at_threshold_0.5_fixed_50_samples","mean_abundance_ge_1pct","bray_curtis","between_sites_matched_participant_system","S005__Copan",0.931385497347836,1,0.938950634624544,-0.00756513727670871,-0.805701279464363
"filter_at_threshold_0.5_fixed_50_samples","mean_abundance_ge_1pct","bray_curtis","between_sites_matched_participant_system","S005__Eswab",0.934084299170899,1,0.924815243453505,0.009269055717394,1.00226026582141
"filter_at_threshold_0.5_fixed_50_samples","mean_abundance_ge_1pct","bray_curtis","between_sites_matched_participant_system","S005__Omni",0.932752887830774,1,0.927370646113497,0.00538224171727653,0.580376545217694
"filter_at_threshold_0.5_fixed_50_samples","mean_abundance_ge_1pct","bray_curtis","between_sites_matched_participant_system","S005__Puritan_buffer",0.738167411287308,1,0.731945761283429,0.00622165000387909,0.85001516956253
"filter_at_threshold_0.5_fixed_50_samples","mean_abundance_ge_1pct","bray_curtis","between_sites_matched_participant_system","S005__Puritan_gel",0.880576059514496,1,0.908743900889769,-0.0281678413752734,-3.0996457140118
"filter_at_threshold_0.5_fixed_50_samples","mean_abundance_ge_1pct","bray_curtis","within_participant_site_between_systems","S001__Antecubital",0.167189675146543,10,0.387367658697218,-0.220177983550675,-56.839536963713
"filter_at_threshold_0.5_fixed_50_samples","mean_abundance_ge_1pct","bray_curtis","within_participant_site_between_systems","S001__Forehead",0.0333374565592544,10,0.0583951941794449,-0.0250577376201905,-42.9106161428107
"filter_at_threshold_0.5_fixed_50_samples","mean_abundance_ge_1pct","bray_curtis","within_participant_site_between_systems","S002__Antecubital",0.144150830918987,10,0.494123512813118,-0.349972681894131,-70.8269638701638
"filter_at_threshold_0.5_fixed_50_samples","mean_abundance_ge_1pct","bray_curtis","within_participant_site_between_systems","S002__Forehead",0.0304490098758476,10,0.0558191562781083,-0.0253701464022607,-45.4506088839085
"filter_at_threshold_0.5_fixed_50_samples","mean_abundance_ge_1pct","bray_curtis","within_participant_site_between_systems","S003__Antecubital",0.336756793236179,10,0.527024265873915,-0.190267472637736,-36.102222413276
"filter_at_threshold_0.5_fixed_50_samples","mean_abundance_ge_1pct","bray_curtis","within_participant_site_between_systems","S003__Forehead",0.0951959765244019,10,0.194851537395492,-0.0996555608710896,-51.1443544162641
"filter_at_threshold_0.5_fixed_50_samples","mean_abundance_ge_1pct","bray_curtis","within_participant_site_between_systems","S004__Antecubital",0.321715107616473,10,0.636139597841796,-0.314424490225323,-49.4269640330609
"filter_at_threshold_0.5_fixed_50_samples","mean_abundance_ge_1pct","bray_curtis","within_participant_site_between_systems","S004__Forehead",0.220766013523646,10,0.346947588001735,-0.126181574478088,-36.3690594319559
"filter_at_threshold_0.5_fixed_50_samples","mean_abundance_ge_1pct","bray_curtis","within_participant_site_between_systems","S005__Antecubital",0.420052842632032,10,0.502956750738448,-0.0829039081064161,-16.4833075576966
"filter_at_threshold_0.5_fixed_50_samples","mean_abundance_ge_1pct","bray_curtis","within_participant_site_between_systems","S005__Forehead",0.238723290993953,10,0.588749250604983,-0.350025959611029,-59.452467965157
