"filter_id","filter","taxonomic_level","feature_id","exclusive_type","feature_reads","feature_read_pct","participant_prevalence"
"no_filter","No additional filter","ASV","13f567006e732891e3987347efdbe76d","Type 1",2,0.000236085977791392,1
"no_filter","No additional filter","ASV","2e914ff49c78ff61df377999bbc52463","Type 2",28,0.00330520368907949,1
"no_filter","No additional filter","ASV","1e03fdb868a49592c42413838bb69e55","Type 2",16,0.00188868782233114,1
"no_filter","No additional filter","ASV","ac4224d32dea1c7253ed5070a65a1b3e","Type 1",4,0.000472171955582784,1
"no_filter","No additional filter","ASV","37640dc68ceb2f67423497241ff862f3","Type 5",6,0.000708257933374176,1
"no_filter","No additional filter","ASV","e3eb5fa91441cd8ef5444d1e4b20065b","Type 4",3,0.000354128966687088,1
"no_filter","No additional filter","ASV","3859ddfb4885964844ff7ada513a2597","Type 4",17,0.00200673081122683,1
"no_filter","No additional filter","ASV","e9e0f8afe4d497d9bc919102fefbcbb9","Type 5",7,0.000826300922269872,1
"no_filter","No additional filter","ASV","892feb56530bc24bd758934e83f18b92","Type 3",18,0.00212477380012253,1
"no_filter","No additional filter","ASV","8da656b93b56d27656de7516bf314565","Type 4",13,0.00153455885564405,1
"no_filter","No additional filter","ASV","d8e59a58b1954757c26b879a9829c4a7","Type 5",4,0.000472171955582784,1
"no_filter","No additional filter","ASV","c456d3718aa91dcf3ef7d19a8499d593","Type 5",2,0.000236085977791392,1
"no_filter","No additional filter","ASV","c14e1054ccbbabd5f6ed8a6dab092c54","Type 5",59,0.00696453634484607,1
"no_filter","No additional filter","ASV","f0738a1a5f7ea368f830986c618e4139","Type 3",5,0.00059021494447848,1
"no_filter","No additional filter","ASV","83c49c99a3b99ccc3325d674e7e7947e","Type 5",6,0.000708257933374176,1
"no_filter","No additional filter","ASV","5d3f0656e47a33688c5d82c089cee67a","Type 3",37,0.00436759058914075,1
"no_filter","No additional filter","ASV","e523791eca087d243d36477d28789915","Type 2",3,0.000354128966687088,1
"no_filter","No additional filter","ASV","2e39b1336acf4f37c200d5b9e2f75d51","Type 2",3,0.000354128966687088,1
"no_filter","No additional filter","ASV","bcd0a153d188ac7b99c551d978ed960c","Type 1",11,0.00129847287785266,1
"no_filter","No additional filter","ASV","94fbb4b0771a91a921b26ff604e962c3","Type 2",20,0.00236085977791392,1
"no_filter","No additional filter","ASV","7f57656c2903cc0e4a5413209d4da1af","Type 5",260,0.030691177112881,1
"no_filter","No additional filter","ASV","3774b70d820efee976a6eed744545424","Type 1",5,0.00059021494447848,1
"no_filter","No additional filter","ASV","163dd3c92e5dd035f7bf7ab3da86f678","Type 4",6,0.000708257933374176,1
"no_filter","No additional filter","ASV","2a330b768030ad0127d78ae9f27732e8","Type 3",3,0.000354128966687088,1
"no_filter","No additional filter","ASV","784dfe428331c049d5a0a20fd7a939fe","Type 5",203,0.0239627267458263,1
"no_filter","No additional filter","ASV","1b5b4ce9f91bd790f3a64a64d5f7729b","Type 1",6,0.000708257933374176,1
"no_filter","No additional filter","ASV","1ae95ce3e36377cc8659e64be3ab084e","Type 1",64,0.00755475128932455,1
"no_filter","No additional filter","ASV","7f8c11f5c31010b6715c3ca9ef6200fa","Type 5",146,0.0172342763787716,1
"no_filter","No additional filter","ASV","94ca7b2b5ab843ab7b0c695d62f39e20","Type 5",4,0.000472171955582784,1
"no_filter","No additional filter","ASV","13ce8e79125adaa98c679516562ef5c1","Type 5",79,0.00932539612275999,1
"no_filter","No additional filter","ASV","2bf330a9022d84769b9614e94b2f538c","Type 1",12,0.00141651586674835,1
"no_filter","No additional filter","ASV","ebd2302aa5ede11e50f02551f053e107","Type 4",74,0.00873518117828151,1
"no_filter","No additional filter","ASV","4255f97aa6e37ce703f23fa0ba17cabf","Type 4",68,0.00802692324490733,1
"no_filter","No additional filter","ASV","5eb228bf1c42062f4a1bb7483a4d7587","Type 5",132,0.0155816745342319,1
"no_filter","No additional filter","ASV","6eaafdb42f2224a2c5efcbfe3bedb458","Type 5",210,0.0247890276680962,1
"no_filter","No additional filter","ASV","aa6114f21305efc108a797e0f11b1c6b","Type 2",5,0.00059021494447848,1
"no_filter","No additional filter","ASV","e0149147e75d7ce43fb933adea48ae7d","Type 4",27,0.00318716070018379,1
"no_filter","No additional filter","ASV","12166a5b0d932270f5123713f39afc4f","Type 4",16,0.00188868782233114,1
"no_filter","No additional filter","ASV","4796c398c36fe1a5150f394dacfdc43a","Type 4",21,0.00247890276680962,1
"no_filter","No additional filter","ASV","ac11709ab52cb834e916bfa1567a05cf","Type 5",32,0.00377737564466227,1
"no_filter","No additional filter","ASV","b4b5bc5494038ab50066faf48f1f6c4d","Type 2",24,0.0028330317334967,1
"no_filter","No additional filter","ASV","576f3545195a38de7df860d7da71a63f","Type 1",7,0.000826300922269872,1
"no_filter","No additional filter","ASV","ee974b4d7e49cc84bc2a7503e47d54f0","Type 1",23,0.00271498874460101,1
"no_filter","No additional filter","ASV","4f9310d5cd6c6c183b8879af83ceea5f","Type 1",3,0.000354128966687088,1
"no_filter","No additional filter","ASV","31e27b5dd55ade850670ca96d01f95d9","Type 1",3,0.000354128966687088,1
"no_filter","No additional filter","ASV","074002d52e5c30afc4b32f2ef5a3ce66","Type 1",8,0.000944343911165568,1
"no_filter","No additional filter","ASV","f876aca38d2dbd1e06594034ea45d23b","Type 1",12,0.00141651586674835,1
"no_filter","No additional filter","ASV","3699c22f10bb63d92601b1e33fba4f00","Type 1",3,0.000354128966687088,1
"no_filter","No additional filter","ASV","0381f8bec09746f00964e51bf88c30d6","Type 1",7,0.000826300922269872,1
"no_filter","No additional filter","ASV","34ce2d1fda8aba78d83daa5247f6e2eb","Type 4",15,0.00177064483343544,1
"no_filter","No additional filter","ASV","54b9296ba8ba4237a291fae063ce7d3f","Type 4",4,0.000472171955582784,1
"no_filter","No additional filter","ASV","1e09290bbd9bd8af0fb9974c671ba38c","Type 5",10,0.00118042988895696,1
"no_filter","No additional filter","ASV","2fca689722d227e5d2459fbf09056b96","Type 5",5,0.00059021494447848,1
"no_filter","No additional filter","ASV","9b646d7521c7c35f6fae390cb5064731","Type 1",6,0.000708257933374176,1
"no_filter","No additional filter","ASV","ece73bf9e4f16db15c0adc85d16f5563","Type 2",6,0.000708257933374176,1
"no_filter","No additional filter","ASV","18c0b15858473625cb6d8a3595bb827e","Type 3",9,0.00106238690006126,1
"no_filter","No additional filter","ASV","9ea4485f2cee6635d12db81b107c8ef2","Type 4",12,0.00141651586674835,1
"no_filter","No additional filter","ASV","53fc93dac42e393533fe2e8e0af269be","Type 1",16,0.00188868782233114,1
"no_filter","No additional filter","ASV","aac52aa2242f042516bcf9791bac3769","Type 1",8,0.000944343911165568,1
"no_filter","No additional filter","ASV","46265de60a20696f1c942a807612d0f8","Type 5",5,0.00059021494447848,1
"no_filter","No additional filter","ASV","92ef5aa7f36bb0b9cf750b09c0911286","Type 3",4,0.000472171955582784,1
"no_filter","No additional filter","ASV","10338681707ca5771140ff6bd4937dd3","Type 2",14,0.00165260184453974,1
"no_filter","No additional filter","ASV","668ddc46cdbec2642f49fddde18308d2","Type 4",4,0.000472171955582784,1
"no_filter","No additional filter","ASV","49e813348c65c7235cb09451648467d0","Type 2",21,0.00247890276680962,1
"no_filter","No additional filter","ASV","73a750d3b2a6e91e041ef166875e1804","Type 4",14,0.00165260184453974,1
"no_filter","No additional filter","ASV","1244b52e57b08f9ae61d0b38954e4718","Type 5",14,0.00165260184453974,1
"no_filter","No additional filter","ASV","e9c85a01732ae6a154caec2f4240496f","Type 5",4,0.000472171955582784,1
"no_filter","No additional filter","ASV","a0a860ac77f1ad13600841fef376d52d","Type 5",44,0.00519389151141063,1
"no_filter","No additional filter","ASV","00f6af75fbc30c2fa1f0150a044947e1","Type 5",3,0.000354128966687088,1
"no_filter","No additional filter","ASV","09ed165468f25527338e6090cdb7c162","Type 3",7,0.000826300922269872,1
"no_filter","No additional filter","ASV","afb8acb617b8019f87e7137ec4144de5","Type 1",4,0.000472171955582784,1
"no_filter","No additional filter","ASV","5f7df5fb71b13a2ab5c83c9072ea7f2b","Type 1",2,0.000236085977791392,1
"no_filter","No additional filter","ASV","ffff37bf6e2908190b8b8665d55992c5","Type 3",2,0.000236085977791392,1
"no_filter","No additional filter","ASV","6d14cfb6da0fc9a4e9ea96d08ae0e079","Type 5",94,0.0110960409561954,1
"no_filter","No additional filter","ASV","86a06b58ab42d89224e34bbe11e2fa0b","Type 5",88,0.0103877830228213,1
"no_filter","No additional filter","ASV","92b44739c956b7f3946b176b16c3a376","Type 5",52,0.00613823542257619,1
"no_filter","No additional filter","ASV","94037073e80ac57b83c2796d57daf524","Type 4",54,0.00637432140036759,1
"no_filter","No additional filter","ASV","688c187c313cad335eebd97a15430f10","Type 5",17,0.00200673081122683,1
"no_filter","No additional filter","ASV","9c30c44d4987b64b2049eee6b3e27e13","Type 5",14,0.00165260184453974,1
"no_filter","No additional filter","ASV","89b4edcf0f4cada56a400b58769bbb8b","Type 1",38,0.00448563357803645,1
"no_filter","No additional filter","ASV","a5f45560a466535f3f2e4f2093831a7a","Type 2",1,0.000118042988895696,1
"no_filter","No additional filter","ASV","95d8bfbf6637d3eb960e54e19437af26","Type 1",6,0.000708257933374176,1
"no_filter","No additional filter","ASV","7d5a16cbda1db15c71bc8207dccadac0","Type 1",1,0.000118042988895696,1
"no_filter","No additional filter","ASV","c94267c4bd006e212904bbf0c7b6b90c","Type 4",1,0.000118042988895696,1
"no_filter","No additional filter","ASV","587f91403ddb7644fd93372f64018a00","Type 3",1,0.000118042988895696,1
"no_filter","No additional filter","ASV","911678ab9aec829de33bc98f1e103a35","Type 1",4,0.000472171955582784,1
"no_filter","No additional filter","ASV","662534e2eabca555beeeeb4da3e5176a","Type 4",6,0.000708257933374176,1
"no_filter","No additional filter","ASV","249890cafb7ca4e895a3f272d0ed04e2","Type 1",4,0.000472171955582784,1
"no_filter","No additional filter","ASV","95ec2e8d832951480245ecc2d16157e4","Type 3",1,0.000118042988895696,1
"no_filter","No additional filter","ASV","e8a982d893c071c22434b8c9bdcaa162","Type 2",28,0.00330520368907949,1
"no_filter","No additional filter","ASV","82e8fc4d3afec356107df3637c36de02","Type 5",4,0.000472171955582784,1
"no_filter","No additional filter","ASV","a4ef26785e961b55a96c70380e5cbe6b","Type 4",24,0.0028330317334967,1
"no_filter","No additional filter","ASV","f10b2717caaf5231248ae044349b0927","Type 3",9,0.00106238690006126,1
"no_filter","No additional filter","ASV","f86053770615e8c2bed9d08c8218914b","Type 3",8,0.000944343911165568,1
"no_filter","No additional filter","ASV","0246880f263e5f9d050691d5c089a905","Type 3",8,0.000944343911165568,1
"no_filter","No additional filter","ASV","f56193885befb53daefd2f32fac2fd5a","Type 2",13,0.00153455885564405,1
"no_filter","No additional filter","ASV","fd06b5bd8feab452ba90c4c2eb3729ac","Type 4",108,0.0127486428007352,1
"no_filter","No additional filter","ASV","2e728bead79d32a1b0788c8f2d3d8420","Type 2",14,0.00165260184453974,1
"no_filter","No additional filter","ASV","963569a5bb9a8b1e06a8096993b64a24","Type 2",8,0.000944343911165568,1
"no_filter","No additional filter","ASV","5cbed13e671ef6879845c96f0efcfcae","Type 3",10,0.00118042988895696,1
"no_filter","No additional filter","ASV","0f46f47de67d1eb939d1ff8170884624","Type 3",2,0.000236085977791392,1
"no_filter","No additional filter","ASV","34085f1836e0fbc2e8a1843a65e93757","Type 1",12,0.00141651586674835,1
"no_filter","No additional filter","ASV","c67f047c0ed1a8beade5ac9b982881e5","Type 1",15,0.00177064483343544,1
"no_filter","No additional filter","ASV","92201a0da9fc3ee6db6f359cdc9ae158","Type 2",7,0.000826300922269872,1
"no_filter","No additional filter","ASV","2e9cafa6d587316096144e3d099fb30a","Type 2",17,0.00200673081122683,1
"no_filter","No additional filter","ASV","ca9f4bee4554e862e06ba4c488055776","Type 5",3,0.000354128966687088,1
"no_filter","No additional filter","ASV","a0cd40d7714e666b1d764840b3cdf319","Type 1",18,0.00212477380012253,1
"no_filter","No additional filter","ASV","76f5c1687759e26c693a6f539fe2009d","Type 3",15,0.00177064483343544,1
"no_filter","No additional filter","ASV","f7c6068b3dede3a9d48719319aa5cc1e","Type 5",47,0.00554802047809771,1
"no_filter","No additional filter","ASV","fc754cb1fe3f0d2b6fc08490db74c1b1","Type 2",14,0.00165260184453974,1
"no_filter","No additional filter","ASV","5fcd25c5316edfee6678d51102ad3dcd","Type 2",3,0.000354128966687088,1
"no_filter","No additional filter","ASV","7b789ab34a526249c04870ec1e3b14fb","Type 1",7,0.000826300922269872,1
"no_filter","No additional filter","ASV","45836af8f065528469aed82933281704","Type 5",4,0.000472171955582784,1
"no_filter","No additional filter","ASV","858a3201b3fc82d96e1a176f1914717b","Type 4",11,0.00129847287785266,1
"no_filter","No additional filter","ASV","f3c9c6e5208843a0daef9a69261ee36b","Type 5",24,0.0028330317334967,1
"no_filter","No additional filter","ASV","9a632852f5d6fc1f4b29ba0db706c53a","Type 4",24,0.0028330317334967,1
"no_filter","No additional filter","ASV","ce67fc512d59368dd4f9fcf5161dbc21","Type 2",11,0.00129847287785266,1
"no_filter","No additional filter","ASV","27325c30c47914898ef234447825ab83","Type 1",6,0.000708257933374176,1
"no_filter","No additional filter","ASV","ef2bcbf9385cc59f033ba0052b22402d","Type 2",6,0.000708257933374176,1
"no_filter","No additional filter","ASV","f6114ab5f519271d0cf80490aa5152f6","Type 1",5,0.00059021494447848,1
"no_filter","No additional filter","ASV","4d4a7c0586b32efe9880c752708d6d46","Type 1",5,0.00059021494447848,1
"no_filter","No additional filter","ASV","ba2be28178b8f7de95dd79f3b8bf3119","Type 3",8,0.000944343911165568,1
"no_filter","No additional filter","ASV","9d41acf39c882f577ee77ec6c66796c1","Type 4",5,0.00059021494447848,1
"no_filter","No additional filter","ASV","69ff34f58e584c0b1b02a7bcfdf855fd","Type 2",15,0.00177064483343544,1
"no_filter","No additional filter","ASV","b15df828ee156e7ec0ff6300f38222e0","Type 2",12,0.00141651586674835,1
"no_filter","No additional filter","ASV","ead8debc6cea3253c353ef127ad1118f","Type 2",2,0.000236085977791392,1
"no_filter","No additional filter","ASV","9ed664f530126e46eeb9cc4dfd5b3b84","Type 1",10,0.00118042988895696,1
"no_filter","No additional filter","ASV","a558837bec7a8cc1867e45101b9bc7db","Type 1",4,0.000472171955582784,1
"no_filter","No additional filter","ASV","bbf9701d11f99ba22b59aca793ec3768","Type 3",17,0.00200673081122683,1
"no_filter","No additional filter","ASV","8637f7159567d7bfd9450413bb4179a2","Type 3",18,0.00212477380012253,1
"no_filter","No additional filter","ASV","be102a29264374176f6312d177b6d6cd","Type 2",24,0.0028330317334967,1
"no_filter","No additional filter","ASV","e0d57b1a5e59d57d24560ea8ef310b24","Type 1",11,0.00129847287785266,1
"no_filter","No additional filter","ASV","34e857a3e2f2e0e875729ece39028a4d","Type 1",9,0.00106238690006126,1
"no_filter","No additional filter","ASV","6ecd5dc263a525a429f3ace47e327c8c","Type 3",39,0.00460367656693215,1
"no_filter","No additional filter","ASV","d04774ec0ad626b2f528a513ef76e16e","Type 3",18,0.00212477380012253,1
"no_filter","No additional filter","ASV","08ca9e820f412ea7921f8cff9d4158b5","Type 4",3,0.000354128966687088,1
"no_filter","No additional filter","ASV","352450b2dc617be6678eb4630d543f1f","Type 1",4,0.000472171955582784,1
"no_filter","No additional filter","ASV","6a2d4c10a0058ed3cafcd7694a5a6878","Type 3",2,0.000236085977791392,1
"no_filter","No additional filter","ASV","7b124b5d33ebb82ab9370be8f0af52a9","Type 1",7,0.000826300922269872,1
"no_filter","No additional filter","ASV","105d6cecdd70ebf3ef052b8692ea9774","Type 3",3,0.000354128966687088,1
"no_filter","No additional filter","ASV","7315dea030ebc0c0d2758a3b7aebd3cd","Type 3",11,0.00129847287785266,1
"no_filter","No additional filter","ASV","64f021e37aa9091a78fd76a4289ac54b","Type 1",6,0.000708257933374176,1
"no_filter","No additional filter","ASV","8b6f8757dcb356592ffba81e1e0debfc","Type 1",11,0.00129847287785266,1
"no_filter","No additional filter","ASV","7526a2c95c696fd8ca937ccd68bd2fcd","Type 3",21,0.00247890276680962,1
"no_filter","No additional filter","ASV","f4699a19fdee63d61a6caf46f5ecc390","Type 1",16,0.00188868782233114,1
"no_filter","No additional filter","ASV","89cf28578ed71f28a33336fb3002e0b2","Type 1",3,0.000354128966687088,1
"no_filter","No additional filter","ASV","bb1eb107d0a61c6060bbaf6966cf0f61","Type 4",22,0.00259694575570531,1
"no_filter","No additional filter","ASV","e9d385c8ecf184565a1afbe98be3990a","Type 2",10,0.00118042988895696,1
"no_filter","No additional filter","ASV","263fefc8e16acfee860dfd87afde222a","Type 3",14,0.00165260184453974,1
"no_filter","No additional filter","ASV","54ed0bef0f04b6f1412ad2202e721da9","Type 5",3,0.000354128966687088,1
"no_filter","No additional filter","ASV","ea6e2a0954e19c543f780f4200b9beb0","Type 4",80,0.00944343911165568,1
"no_filter","No additional filter","ASV","1fa99b04da479b99f34a7a79ee840840","Type 3",10,0.00118042988895696,1
"no_filter","No additional filter","ASV","809fe7ebc5cf81685b4d892d4ee81dc4","Type 4",14,0.00165260184453974,1
"no_filter","No additional filter","ASV","be8ca1b65b651c1c2e1bd0342ff2858a","Type 1",33,0.00389541863355797,1
"no_filter","No additional filter","ASV","ca72d1846c3120018243565d958062b1","Type 1",14,0.00165260184453974,1
"no_filter","No additional filter","ASV","8e87521a820f0ca80e3a5539e826fe4d","Type 2",32,0.00377737564466227,1
"no_filter","No additional filter","ASV","e8db59aad496e7ea6f56be95b50561d9","Type 3",28,0.00330520368907949,1
"no_filter","No additional filter","ASV","872a53c26c6e69e1014bcdb6477b32c6","Type 1",6,0.000708257933374176,1
"no_filter","No additional filter","ASV","ea338a832ca95b9fa4af5f51171dfdcd","Type 5",5,0.00059021494447848,1
"no_filter","No additional filter","ASV","ac885b8716416b7e6b222fa583c4d9bc","Type 5",32,0.00377737564466227,1
"no_filter","No additional filter","ASV","43c5eca790dfbfe69c27956cbd913c6e","Type 3",8,0.000944343911165568,1
"no_filter","No additional filter","ASV","6a6612ea89b0909f6c6e962f257c68ee","Type 3",14,0.00165260184453974,1
"no_filter","No additional filter","ASV","60b6e7577b8e4fb1660d73b5f93ec07b","Type 3",3,0.000354128966687088,1
"no_filter","No additional filter","ASV","4b82c29e0f21cec384ca1f65861bca75","Type 1",1,0.000118042988895696,1
"no_filter","No additional filter","ASV","15287379f901b0787b04f6432a2f8bcf","Type 3",36,0.00424954760024506,1
"no_filter","No additional filter","ASV","d020dc39243a2147b425915929fe6206","Type 3",7,0.000826300922269872,1
"no_filter","No additional filter","ASV","381a3e4feaa515626948da880342e910","Type 5",4,0.000472171955582784,1
"no_filter","No additional filter","ASV","82f63b24bb472e877b421b4d57b0adb7","Type 2",27,0.00318716070018379,1
"no_filter","No additional filter","ASV","d8123e3efcf0d3a797b395b1d7c65d48","Type 1",32,0.00377737564466227,1
"no_filter","No additional filter","ASV","1ee82c805bf01f801b44485c9187ccdf","Type 1",28,0.00330520368907949,1
"no_filter","No additional filter","ASV","ab21968769fce8fd83ac32c4c2d98df3","Type 2",35,0.00413150461134936,1
"no_filter","No additional filter","ASV","48ef97a59348879746a89b80d1593b15","Type 4",11,0.00129847287785266,1
"no_filter","No additional filter","ASV","8e2e8ae0072116b8851d8f784135711c","Type 2",6,0.000708257933374176,1
"no_filter","No additional filter","ASV","bd559716e3bf152a62fbcbfc0a0cc1a2","Type 3",21,0.00247890276680962,1
"no_filter","No additional filter","ASV","1a33ed79a9c8e83630551bde1a575306","Type 3",18,0.00212477380012253,1
"no_filter","No additional filter","ASV","b0fe4620dfa192867543b0391db708e7","Type 1",17,0.00200673081122683,1
"no_filter","No additional filter","ASV","f29663234ac6a84dbb2378af48ad7927","Type 5",7,0.000826300922269872,1
"no_filter","No additional filter","ASV","605498fd33deaba7f4b923afd4d50234","Type 2",30,0.00354128966687088,1
"no_filter","No additional filter","ASV","dee51dc122d97706cd45e35ed0343dcc","Type 2",14,0.00165260184453974,1
"no_filter","No additional filter","ASV","ca64044e47e001388ad364eee1d6c8ac","Type 5",8,0.000944343911165568,1
"no_filter","No additional filter","ASV","32e1fa4e27ea7b63b19d925d4d800cff","Type 4",5,0.00059021494447848,1
"no_filter","No additional filter","ASV","c5b6f5ec238ff5ce6317a8c2e1fec6ef","Type 4",8,0.000944343911165568,1
"no_filter","No additional filter","ASV","17ecb4806fdf95de88a001507b95851b","Type 5",4,0.000472171955582784,1
"no_filter","No additional filter","ASV","545e02d32bf168637a36e7689eb58894","Type 2",17,0.00200673081122683,1
"no_filter","No additional filter","ASV","04dacc0bef145ff51f0678f559c6587f","Type 3",3,0.000354128966687088,1
"no_filter","No additional filter","ASV","029c76efcff7044afc7a4d56e859c483","Type 2",15,0.00177064483343544,1
"no_filter","No additional filter","ASV","60fceb847341fe2d66b66ed77be36cc5","Type 4",8,0.000944343911165568,1
"no_filter","No additional filter","ASV","bcf6e3ac97a45dc8c454f193b6ead055","Type 3",4,0.000472171955582784,1
"no_filter","No additional filter","ASV","704ec5c71a4dcf69af39f440e796b6a7","Type 4",23,0.00271498874460101,1
"no_filter","No additional filter","ASV","9a8c1d47b27b348d020dba894d2fadc4","Type 3",33,0.00389541863355797,1
"no_filter","No additional filter","ASV","05fca37ecccd748bbd5f890e103fe064","Type 3",15,0.00177064483343544,1
"no_filter","No additional filter","ASV","18905163f64e0e1b72929d15301400a9","Type 1",38,0.00448563357803645,1
"no_filter","No additional filter","ASV","c86620f71264f85026aec7d80edfdfa3","Type 5",13,0.00153455885564405,1
"no_filter","No additional filter","ASV","e4fe773517284737f6ea24d33053eca9","Type 3",37,0.00436759058914075,1
"no_filter","No additional filter","ASV","df44111a770b5aff2adb4b6a4ad4d970","Type 4",21,0.00247890276680962,1
"no_filter","No additional filter","ASV","9116466c11ca60f87d14d9bad38e5fbc","Type 2",2,0.000236085977791392,1
"no_filter","No additional filter","ASV","ff9905ba584cbb2d6b227068c564774b","Type 1",4,0.000472171955582784,1
"no_filter","No additional filter","ASV","e4c40c43c5710d384a07c987ab71574e","Type 1",17,0.00200673081122683,1
"no_filter","No additional filter","ASV","2a1c8e1b3ea9419b4c896b257a26f73a","Type 1",27,0.00318716070018379,1
"no_filter","No additional filter","ASV","414bfae9378a1bfc0d79b16b675a5f37","Type 3",26,0.0030691177112881,1
"no_filter","No additional filter","ASV","fba3b67040499f2ea408dacb0f4127b8","Type 4",5,0.00059021494447848,1
"no_filter","No additional filter","ASV","cbf7363f07bf1590bed3e57d18c59c8f","Type 1",12,0.00141651586674835,1
"no_filter","No additional filter","ASV","5df9b67d322be2837d4404a3550a9464","Type 3",7,0.000826300922269872,1
"no_filter","No additional filter","ASV","cd6818519b8738b569438b0337fc5fcb","Type 1",4,0.000472171955582784,1
"no_filter","No additional filter","ASV","e783f62298db39dafd6395113d1a1aac","Type 2",6,0.000708257933374176,1
"no_filter","No additional filter","ASV","d5ee8fb237c3ac979986e551500506f4","Type 2",35,0.00413150461134936,1
"no_filter","No additional filter","ASV","be9a3278a031cf9255e4bcb5e014dd27","Type 3",9,0.00106238690006126,1
"no_filter","No additional filter","ASV","61e8c9aa8af06abe1ba4bd8e16b2c0cd","Type 3",18,0.00212477380012253,1
"no_filter","No additional filter","ASV","653031199ed0ae5648c816429d97b622","Type 2",13,0.00153455885564405,1
"no_filter","No additional filter","ASV","6a50b2c0029ed28caf25313960e5befa","Type 3",8,0.000944343911165568,1
"no_filter","No additional filter","ASV","048f4634b52d147dc183cae3a575e29c","Type 1",23,0.00271498874460101,1
"no_filter","No additional filter","ASV","796955b548bf9d0c0bbd355466a48568","Type 1",3,0.000354128966687088,1
"no_filter","No additional filter","ASV","cd75e2e81b81e0d4619b75a844c93946","Type 4",30,0.00354128966687088,1
"no_filter","No additional filter","ASV","bb18bc9335c48da9de43074e613edc9f","Type 2",7,0.000826300922269872,1
"no_filter","No additional filter","ASV","20d75890ee83f1dc28af464610366daf","Type 5",25,0.0029510747223924,1
"no_filter","No additional filter","ASV","bd70ff86d44ce073392ba44cc682ed77","Type 1",9,0.00106238690006126,1
"no_filter","No additional filter","ASV","25b44bf5f82a916683e7f381a2acad4d","Type 3",3,0.000354128966687088,1
"no_filter","No additional filter","ASV","406d362cac872c8bd9619cf741368304","Type 1",6,0.000708257933374176,1
"no_filter","No additional filter","ASV","6bb612d313062e2f1f0ef2b5f6ca5478","Type 1",8,0.000944343911165568,1
"no_filter","No additional filter","ASV","c8a6218790712b8c08f605b865c6e497","Type 1",3,0.000354128966687088,1
"no_filter","No additional filter","ASV","58dee1d98d22c2f622c9d3fa586c2e4e","Type 3",9,0.00106238690006126,1
"no_filter","No additional filter","ASV","451395a98eafed02c6a24f3dafbaa13d","Type 2",8,0.000944343911165568,1
"no_filter","No additional filter","ASV","a13dce895add088f18d0e430280854b1","Type 4",81,0.00956148210055138,1
"no_filter","No additional filter","ASV","b8f3a13c9cc30a48a4a180b2652d7da5","Type 3",12,0.00141651586674835,1
"no_filter","No additional filter","ASV","ca98c2f71fa7860e8be3b69cc0e6c6c1","Type 3",7,0.000826300922269872,1
"no_filter","No additional filter","ASV","054a3d89b18fe9efb721eae0b64f969b","Type 5",20,0.00236085977791392,1
"no_filter","No additional filter","ASV","7eec12da6222538ec66ac1a2888d6aa8","Type 5",20,0.00236085977791392,1
"no_filter","No additional filter","ASV","6726658e6ed1b518f3cdae63d51007c1","Type 2",14,0.00165260184453974,1
"no_filter","No additional filter","ASV","18ceb20f4a0682ada2a5849583d8a6eb","Type 1",31,0.00365933265576658,1
"no_filter","No additional filter","ASV","8b9e29f5765766ac33b2527c18d32b7c","Type 3",17,0.00200673081122683,1
"no_filter","No additional filter","ASV","5209b834a95dfd74256ec5c407d9db7f","Type 1",9,0.00106238690006126,1
"no_filter","No additional filter","ASV","b55b0efc0da8f7009505a40d6b04c82f","Type 3",27,0.00318716070018379,1
"no_filter","No additional filter","ASV","26d0a0cd5158b1bd403a1da61b616ec3","Type 3",5,0.00059021494447848,1
"no_filter","No additional filter","ASV","d5a4ec4339c4955f94811de7690ef425","Type 1",10,0.00118042988895696,1
"no_filter","No additional filter","ASV","71c05ef4f89bfda417762c6a3a199da5","Type 2",13,0.00153455885564405,1
"no_filter","No additional filter","ASV","c70da99b564b8891f929a4eae3dd9a8c","Type 1",12,0.00141651586674835,1
"no_filter","No additional filter","ASV","e6859f59dc65a27e30f6a546676c36cc","Type 5",6,0.000708257933374176,1
"no_filter","No additional filter","ASV","fa687d1012e19841b62a4679e2a437e5","Type 3",3,0.000354128966687088,1
"no_filter","No additional filter","ASV","75db1f48ddfc533dd67d12d70f3a5beb","Type 3",6,0.000708257933374176,1
"no_filter","No additional filter","ASV","35a00bfbab576eb2b19f3b0a044f41f2","Type 5",5,0.00059021494447848,1
"no_filter","No additional filter","ASV","9063b20dfbc335a7dd53dd5b67d59597","Type 5",1,0.000118042988895696,1
"no_filter","No additional filter","ASV","73948445c2534487d73c1402eb9ca852","Type 3",45,0.00531193450030632,1
"no_filter","No additional filter","ASV","247d602f05f66004cc0ed1b3836024b1","Type 4",11,0.00129847287785266,1
"no_filter","No additional filter","ASV","777af065fba986b3744a73d72c79c51d","Type 4",21,0.00247890276680962,1
"no_filter","No additional filter","ASV","d4fba5d04794b4e6f50942386dd560c9","Type 5",7,0.000826300922269872,1
"no_filter","No additional filter","ASV","e7b34c409013003481efa65b7f7e3b93","Type 1",12,0.00141651586674835,1
"no_filter","No additional filter","ASV","5de75a73be3109110266de0a2c4b48d4","Type 2",5,0.00059021494447848,1
"no_filter","No additional filter","ASV","4ccb80d22b44ab5e9b9046f98977d7bc","Type 2",2,0.000236085977791392,1
"no_filter","No additional filter","ASV","a7b28cd50c535e8ead66ba31640df40c","Type 4",3,0.000354128966687088,1
"no_filter","No additional filter","ASV","99b77eecdf7d4aa8c432468a2ab4dd0e","Type 4",3,0.000354128966687088,1
"no_filter","No additional filter","ASV","e80281414450308eb353c9d4ba26b564","Type 3",3,0.000354128966687088,1
"no_filter","No additional filter","ASV","6520d3c7a4cdf20bee1f93f393ebcaff","Type 3",1,0.000118042988895696,1
"no_filter","No additional filter","ASV","45d4b81dcdf10f08e2fbe0a21cec2106","Type 4",9,0.00106238690006126,1
"no_filter","No additional filter","ASV","7831ded805f91b30c7b978a266c866e4","Type 1",7,0.000826300922269872,1
"no_filter","No additional filter","ASV","97a96f227b5f9223f5a8a4d5ffedfec1","Type 5",59,0.00696453634484607,1
"no_filter","No additional filter","ASV","23d171acc6abd7a3b01835aa1586b272","Type 5",44,0.00519389151141063,1
"no_filter","No additional filter","ASV","beb20ef494d6232af88af5f79dea8650","Type 1",42,0.00495780553361923,1
"no_filter","No additional filter","ASV","9073ab0471335f19d68073228d0d8fa4","Type 5",34,0.00401346162245367,1
"no_filter","No additional filter","ASV","a426da67f474e95bd6883cb451d2556b","Type 1",14,0.00165260184453974,1
"no_filter","No additional filter","ASV","37b4c0a646eae759abc52f351da357fb","Type 5",4,0.000472171955582784,1
"no_filter","No additional filter","ASV","e075d7d3b6ae899ef1e8ccba4cd5114e","Type 4",28,0.00330520368907949,1
"no_filter","No additional filter","ASV","832bc5df53bf691d3ee5f68124f2e3e0","Type 3",7,0.000826300922269872,1
"no_filter","No additional filter","ASV","3c4244cc9a4ac8c05c6605547bbd2895","Type 1",15,0.00177064483343544,1
"no_filter","No additional filter","ASV","b7172f5577a9d4583fd459d1ce1384c3","Type 1",13,0.00153455885564405,1
"no_filter","No additional filter","ASV","3d9bab20ff7fa14c79580dc7911db354","Type 5",136,0.0160538464898147,1
"no_filter","No additional filter","ASV","57794dda7db6c9ef4758685f4030ca8d","Type 4",16,0.00188868782233114,1
"no_filter","No additional filter","ASV","73b545f60c0496028b21e24410709666","Type 4",5,0.00059021494447848,1
"no_filter","No additional filter","ASV","b5d60bd7014477b7bc29e87698e8a142","Type 2",5,0.00059021494447848,1
"no_filter","No additional filter","ASV","4c72ae0c91ddae6592f01c8237e396a3","Type 3",1,0.000118042988895696,1
"no_filter","No additional filter","ASV","4057d4df120f5bea95b834f782b6c496","Type 3",1,0.000118042988895696,1
"no_filter","No additional filter","ASV","d3c728627d2dc11dcb406c4e54f34e5c","Type 2",1,0.000118042988895696,1
"no_filter","No additional filter","ASV","b1a45085ee40694347d1b5aa84bd36fe","Type 4",5,0.00059021494447848,1
"no_filter","No additional filter","ASV","d426b9c7c8fd87e184ea1d0fbf148f8b","Type 3",1,0.000118042988895696,1
"no_filter","No additional filter","ASV","abfb047cf4c9d4f6ae00cc3dd8bb3350","Type 4",9,0.00106238690006126,1
"no_filter","No additional filter","ASV","b27833ca487935894ce164dcd49ef295","Type 3",1,0.000118042988895696,1
"no_filter","No additional filter","ASV","aff22d76a4963d18d9035dcb26e7a4a8","Type 3",1,0.000118042988895696,1
"no_filter","No additional filter","ASV","13494de15397a9087b61902e664845fe","Type 3",1,0.000118042988895696,1
"no_filter","No additional filter","ASV","0d937c7e22f6689614265bc3ba6f7d1a","Type 3",7,0.000826300922269872,1
"no_filter","No additional filter","ASV","4c89ba9e18b32fa33d430e2a5f3eba7a","Type 5",26,0.0030691177112881,1
"no_filter","No additional filter","ASV","95c01b2cfdf98cd12b61f06d1d021ca0","Type 3",16,0.00188868782233114,1
"no_filter","No additional filter","ASV","080266a49210198ced78b29bcbf641fa","Type 3",12,0.00141651586674835,1
"no_filter","No additional filter","ASV","6032d514eaf334940a2eade17e9a63a3","Type 2",4,0.000472171955582784,1
"no_filter","No additional filter","ASV","e4555707f5c921e1c0706ad4ac021e81","Type 5",7,0.000826300922269872,1
"no_filter","No additional filter","ASV","1be251cfbaf5464193f94e92930cfe5c","Type 3",3,0.000354128966687088,1
"no_filter","No additional filter","ASV","41e63bd7158ff566d251fe250d877125","Type 4",9,0.00106238690006126,1
"no_filter","No additional filter","ASV","66457a5338a928780549ae32bc828a3b","Type 3",20,0.00236085977791392,1
"no_filter","No additional filter","ASV","a26d974dd6312398121659ff2ba0e2bf","Type 4",24,0.0028330317334967,2
"no_filter","No additional filter","ASV","85d6fad705a394536cd05067966dab9e","Type 2",1,0.000118042988895696,1
"no_filter","No additional filter","ASV","a62f2ed69f644b4c05318e044b51a3d0","Type 3",11,0.00129847287785266,1
"no_filter","No additional filter","ASV","5519cf66820a84698c557cfc18a75f97","Type 4",13,0.00153455885564405,1
"no_filter","No additional filter","ASV","1aaf8e1a512d4db4526b71318a422752","Type 2",6,0.000708257933374176,1
"no_filter","No additional filter","ASV","b0181ac04e30f5a0bfb77bb6460d90cc","Type 1",3,0.000354128966687088,1
"no_filter","No additional filter","ASV","3cfc284a366fcbf3cfbefd9e65622026","Type 4",13,0.00153455885564405,1
"no_filter","No additional filter","ASV","3dd3a546bb917a7e3f7735244cb7a72b","Type 5",14,0.00165260184453974,1
"no_filter","No additional filter","ASV","e41d1fadd13c2115f985e88c98cfa1b8","Type 1",23,0.00271498874460101,1
"no_filter","No additional filter","ASV","192c931fcd56daaadfc0f9974b9167c9","Type 3",36,0.00424954760024506,1
"no_filter","No additional filter","ASV","56e07ad9980241f14da48c67494de950","Type 3",21,0.00247890276680962,1
"no_filter","No additional filter","ASV","fce79baf85493a6bc3974462e6ac7b66","Type 5",7,0.000826300922269872,1
"no_filter","No additional filter","ASV","716e157f5fc353fbb5d4e96a1a9dbb82","Type 4",1,0.000118042988895696,1
"no_filter","No additional filter","ASV","67b023fe48c51fec88eb40e90ba63358","Type 3",2,0.000236085977791392,1
"no_filter","No additional filter","ASV","7af8cf7b0e41e431b0248f91502b9a3b","Type 4",1,0.000118042988895696,1
"no_filter","No additional filter","ASV","71f0efc3417e1a44983b4a8d15581ee2","Type 4",1,0.000118042988895696,1
"no_filter","No additional filter","ASV","76f46bcf57d437557d85b51ea885902e","Type 1",3,0.000354128966687088,1
"no_filter","No additional filter","ASV","c616942d1d877d8bb112f4808746a6f7","Type 2",1,0.000118042988895696,1
"no_filter","No additional filter","ASV","cae570c674befea42c2a251d2f1af918","Type 4",1,0.000118042988895696,1
"no_filter","No additional filter","ASV","42cf74b811cfed6a25bc6fa80d357bb4","Type 3",1,0.000118042988895696,1
"no_filter","No additional filter","ASV","a4b0c67b9aaa0550c3aad8ceccac4c17","Type 4",100,0.0118042988895696,1
"no_filter","No additional filter","ASV","cfec99201fc68be2d0488bcc76a12890","Type 3",22,0.00259694575570531,1
"no_filter","No additional filter","ASV","b26039fd832570f925c58f2e6a003f6a","Type 1",8,0.000944343911165568,1
"no_filter","No additional filter","ASV","4830c51860ccb164f6cfb9862597fcd9","Type 1",7,0.000826300922269872,1
"no_filter","No additional filter","ASV","2bbf31764c85261ddd17b0ff809fbfd3","Type 5",14,0.00165260184453974,1
"no_filter","No additional filter","ASV","e3d2f2c2950cd53b31c42e65a07effeb","Type 2",8,0.000944343911165568,1
"no_filter","No additional filter","ASV","4b66566c95ccf63f5ed4f16168619155","Type 2",17,0.00200673081122683,2
"no_filter","No additional filter","ASV","24a92adf5b79c4a8990caa63936088bc","Type 2",19,0.00224281678901822,1
"no_filter","No additional filter","ASV","67bc39ee3c3274e7d82f196f84a8d25a","Type 4",10,0.00118042988895696,1
"no_filter","No additional filter","ASV","24d7a9c74a9bcf90d92d108d5a6df77b","Type 2",5,0.00059021494447848,1
"no_filter","No additional filter","ASV","b67df1bbc58659fa8ff135cd3c018255","Type 1",7,0.000826300922269872,1
"no_filter","No additional filter","ASV","47a81270e3ab23f92ad6164b8dd6bfbf","Type 2",13,0.00153455885564405,1
"no_filter","No additional filter","ASV","826aea9b9348e45bf0798f0e3caa8bab","Type 3",22,0.00259694575570531,1
"no_filter","No additional filter","ASV","9dccc11f81d739fc004341835bf66f59","Type 3",17,0.00200673081122683,1
"no_filter","No additional filter","ASV","a5e9eb32cf464264d9c16d6a85d7889e","Type 1",7,0.000826300922269872,1
"no_filter","No additional filter","ASV","d231cb98c71c340f2b3b49773c386ef2","Type 4",15,0.00177064483343544,1
"no_filter","No additional filter","ASV","9943b6aa3ea852ac004ba815b6a169ef","Type 4",60,0.00708257933374176,1
"no_filter","No additional filter","ASV","e2c7b64622a6b88d3869feac53491890","Type 5",16,0.00188868782233114,1
"no_filter","No additional filter","ASV","dfdda03ad1026d959e6b4971644512b6","Type 2",25,0.0029510747223924,1
"no_filter","No additional filter","ASV","bfa5941e75f86644e661471e582b1658","Type 1",17,0.00200673081122683,1
"no_filter","No additional filter","ASV","492041d34f2eea4453c112bd8bcc68fa","Type 3",11,0.00129847287785266,1
"no_filter","No additional filter","ASV","b6fa7b35ad9ee525987bd0682c7e2614","Type 5",10,0.00118042988895696,1
"no_filter","No additional filter","ASV","18815ed70a4f67feb48fb20a33f8368b","Type 4",70,0.00826300922269872,1
"no_filter","No additional filter","ASV","15086b11aba21e987d754ecbb4fd1158","Type 1",11,0.00129847287785266,1
"no_filter","No additional filter","ASV","c9b3b792c6074f60117206d8c37507cd","Type 2",8,0.000944343911165568,1
"no_filter","No additional filter","ASV","d626b422d9fb47d6ce1a07c1698e7255","Type 5",9,0.00106238690006126,1
"no_filter","No additional filter","ASV","a086f8d50efa91aad9d659c7c00ef41b","Type 5",3,0.000354128966687088,1
"no_filter","No additional filter","ASV","6d3cdc8832c35a5521d653dbb22f6f3a","Type 4",8,0.000944343911165568,1
"no_filter","No additional filter","ASV","442f2cd92425da3998c8d1630aefc80b","Type 4",53,0.00625627841147189,1
"no_filter","No additional filter","ASV","07233d1bdcd3aac125eced8f3255d444","Type 3",11,0.00129847287785266,1
"no_filter","No additional filter","ASV","052cda784f9a932ae3cee9f6d0d4128d","Type 4",2,0.000236085977791392,1
"no_filter","No additional filter","ASV","04a5b91f99436935e3522af66a4dc184","Type 4",26,0.0030691177112881,1
"no_filter","No additional filter","ASV","744b63f71e024e1181b32c7403466a5c","Type 1",6,0.000708257933374176,1
"no_filter","No additional filter","ASV","edb41708317b577142243a9418d79fb0","Type 5",56,0.00661040737815898,1
"no_filter","No additional filter","ASV","75edbfa5120612d564c4caae4aaa4033","Type 4",26,0.0030691177112881,1
"no_filter","No additional filter","ASV","523795f8f08737aec2ac4128f3b6d502","Type 2",13,0.00153455885564405,1
"no_filter","No additional filter","ASV","520711e285a51c13c12f1990c707e88e","Type 4",26,0.0030691177112881,1
"no_filter","No additional filter","ASV","8502c427f848df77383072ae00cf0e89","Type 5",359,0.0423774330135549,1
"no_filter","No additional filter","ASV","74c659635cb5843be90981a8a72d12aa","Type 1",5,0.00059021494447848,1
"no_filter","No additional filter","ASV","29fbb6c4bfe1ccc74f563199c2090905","Type 5",42,0.00495780553361923,1
"no_filter","No additional filter","ASV","ae082604d1ad207a83f4bd7179d830b3","Type 4",14,0.00165260184453974,1
"no_filter","No additional filter","ASV","8e19fc791dfb2124a469b31cfac9be97","Type 1",6,0.000708257933374176,1
"no_filter","No additional filter","ASV","ada3d973d82727d51c943107b7f91625","Type 3",4,0.000472171955582784,1
"no_filter","No additional filter","ASV","2267b53717a9642daf04458ec7648cfb","Type 3",4,0.000472171955582784,1
"no_filter","No additional filter","ASV","d63bb9cfd1695be99945784ad3ddeaf9","Type 3",4,0.000472171955582784,1
"no_filter","No additional filter","ASV","7e906aac4bfefe0d9a86ccf8fd2b23e8","Type 4",37,0.00436759058914075,1
"no_filter","No additional filter","ASV","a1bb2027b0704d6f3d2a5917c0b26c4e","Type 1",18,0.00212477380012253,2
"no_filter","No additional filter","ASV","9a701a558b0a6e1ec13815123ec0d62a","Type 5",5,0.00059021494447848,1
"no_filter","No additional filter","ASV","bef3ef64b8ed7d9a552d3ccf8ee6ab9c","Type 3",7,0.000826300922269872,1
"no_filter","No additional filter","ASV","ba7bfae0573fb44549ae5d4d4cf2d9f6","Type 4",5,0.00059021494447848,1
"no_filter","No additional filter","ASV","68dd96ed48888354c0248741aad60f31","Type 4",18,0.00212477380012253,1
"no_filter","No additional filter","ASV","424d265622fba0f34bc3454727c5574b","Type 1",14,0.00165260184453974,1
"no_filter","No additional filter","ASV","580a39907171df295e0591c85c328c1a","Type 4",10,0.00118042988895696,1
"no_filter","No additional filter","ASV","9012307e7fed70268e9f462e52238100","Type 4",10,0.00118042988895696,1
"no_filter","No additional filter","ASV","ee5be990233f99eded70433e365148ee","Type 1",45,0.00531193450030632,1
"no_filter","No additional filter","ASV","b8e63b8dd1f7290c3f1dd2c42eac5ce6","Type 2",9,0.00106238690006126,1
"no_filter","No additional filter","ASV","cd996ce9a2e22ac638f602422d6163ae","Type 3",16,0.00188868782233114,1
"no_filter","No additional filter","ASV","d0bbb3cf6f8c4d7a6fdd6a81d94daa81","Type 3",14,0.00165260184453974,1
"no_filter","No additional filter","ASV","33a4b160e1f1411ea02ae36df2dcc388","Type 5",3,0.000354128966687088,1
"no_filter","No additional filter","ASV","a2a551a8acf3b2c03d2d9c874bf2d3d6","Type 5",2,0.000236085977791392,1
"no_filter","No additional filter","ASV","0ffe8c3708edd90a3777487c68d40b90","Type 1",29,0.00342324667797519,1
"no_filter","No additional filter","ASV","657bd2c689f54713d1b237b655dd8480","Type 1",16,0.00188868782233114,1
"no_filter","No additional filter","ASV","d419db02c125e2d7f91319e8fa284390","Type 1",16,0.00188868782233114,1
"no_filter","No additional filter","ASV","af8133e97ee588af0c1c9004bb87600a","Type 4",9,0.00106238690006126,1
"no_filter","No additional filter","ASV","3f23ceb1ef108f7ce9cc7e5665c1f6af","Type 2",46,0.00542997748920202,1
"no_filter","No additional filter","ASV","4039487debd817f408340b43ac5e273b","Type 5",5,0.00059021494447848,1
"no_filter","No additional filter","ASV","7cd8a53a94d8ffa75abb0ad63ef3c2c8","Type 4",31,0.00365933265576658,1
"no_filter","No additional filter","ASV","38324513da609b6e73a048510d1fa90d","Type 2",3,0.000354128966687088,1
"no_filter","No additional filter","ASV","e20ac1fb04e443f0fc86017cec0b25cc","Type 3",2,0.000236085977791392,1
"no_filter","No additional filter","ASV","c35fe173bc33330d394761cab285760b","Type 3",1,0.000118042988895696,1
"no_filter","No additional filter","ASV","f5b86fa349f1d8d5abe6b1f25e437279","Type 3",4,0.000472171955582784,1
"no_filter","No additional filter","ASV","f72abff20162a869f7fb14c9b9468835","Type 4",36,0.00424954760024506,1
"no_filter","No additional filter","ASV","3b82f9cf834e33bae5a6dc636906dd06","Type 1",6,0.000708257933374176,1
"no_filter","No additional filter","ASV","aaf92cf9533f858977c37d2fc2715775","Type 3",3,0.000354128966687088,1
"no_filter","No additional filter","ASV","261c93e1e1023ca0ad0a7a0389564584","Type 3",1,0.000118042988895696,1
"no_filter","No additional filter","ASV","4a61a2b4a61e16813fe4d51ff38dd8bd","Type 4",32,0.00377737564466227,1
"no_filter","No additional filter","ASV","bcdb82d673e7f6e7447e7512e846dcf7","Type 2",31,0.00365933265576658,1
"no_filter","No additional filter","ASV","7f592e98ad366477c8022b26133d0091","Type 4",46,0.00542997748920202,1
"no_filter","No additional filter","ASV","e50b139105cb4064eb6373e614fed20a","Type 2",22,0.00259694575570531,1
"no_filter","No additional filter","ASV","cd82c9bd767109b3ca7c8e86c03ec444","Type 5",95,0.0112140839450911,1
"no_filter","No additional filter","ASV","0618cf9c34ee4df6b087853875912d28","Type 1",35,0.00413150461134936,1
"no_filter","No additional filter","ASV","6b6f04347d8385126935c22e8414ddb0","Type 1",40,0.00472171955582784,1
"no_filter","No additional filter","ASV","7b6b658ea8035ee681dbf66dab76c00c","Type 5",47,0.00554802047809771,1
"no_filter","No additional filter","ASV","28fcecdd4f13c2afa6fe633ae8c3b25a","Type 3",26,0.0030691177112881,1
"no_filter","No additional filter","ASV","e193284193d0555199648d6fe8ab413e","Type 2",15,0.00177064483343544,1
"no_filter","No additional filter","ASV","bae61bbffd0eedfe800a2cc439ce9ce4","Type 2",37,0.00436759058914075,1
"no_filter","No additional filter","ASV","8f88d3ea5e28a765eb4aa889beb40002","Type 4",25,0.0029510747223924,1
"no_filter","No additional filter","ASV","fdd6eb14382579bbadaa8aa8d8fd5bb2","Type 5",99,0.0116862559006739,1
"no_filter","No additional filter","ASV","311f82d4fd5b43235054aee6289fe9a4","Type 1",14,0.00165260184453974,1
"no_filter","No additional filter","ASV","04151147f511f49cfecc16af42fca5d2","Type 4",31,0.00365933265576658,1
"no_filter","No additional filter","ASV","23d9592a5e4e37ac56b5de57300671c8","Type 1",13,0.00153455885564405,1
"no_filter","No additional filter","ASV","faffd6579ada0f49419f3d55a299be07","Type 5",4,0.000472171955582784,1
"no_filter","No additional filter","ASV","7fe69b1f61a3e8fb752148ac8affd5dd","Type 5",3,0.000354128966687088,1
"no_filter","No additional filter","ASV","dda061028004d41f250f025ec9667d05","Type 1",37,0.00436759058914075,1
"no_filter","No additional filter","ASV","fba4c80b618869514d4a310cd8bb88d7","Type 3",5,0.00059021494447848,1
"no_filter","No additional filter","ASV","6d34dcebdeae80eb707798ed8bc9e6e3","Type 1",2,0.000236085977791392,1
"no_filter","No additional filter","ASV","de877977144ecd92e3e03fd7f2edd632","Type 3",10,0.00118042988895696,1
"no_filter","No additional filter","ASV","51afe6f25ec5be5d9c5aeddcb4e66131","Type 4",28,0.00330520368907949,1
"no_filter","No additional filter","ASV","cfbd8f5af4a8eaf8629d5121f245d3ba","Type 2",14,0.00165260184453974,1
"no_filter","No additional filter","ASV","3cfe7c4825c7ed879fd627b8271f6a1c","Type 4",1,0.000118042988895696,1
"no_filter","No additional filter","ASV","ced8ed34b9fc25c37c87d0f6fe34d8a7","Type 1",1,0.000118042988895696,1
"no_filter","No additional filter","ASV","225ff7558e2350760d4ade19b3ea7447","Type 3",1,0.000118042988895696,1
"no_filter","No additional filter","ASV","c5bc39eb42fa54c1113e634ce4f89387","Type 2",1,0.000118042988895696,1
"no_filter","No additional filter","ASV","238ed3a0d258e7fbd0ef5f5d69467a12","Type 5",106,0.0125125568229438,1
"no_filter","No additional filter","ASV","220e2a2b77903f1acc66366fbbb22ac1","Type 5",65,0.00767279427822024,1
"no_filter","No additional filter","ASV","ad058722cc7080d62b46b086572cb3b9","Type 4",12,0.00141651586674835,1
"no_filter","No additional filter","ASV","64ba83c26d7ba4305f1d13a770f7a5be","Type 1",80,0.00944343911165568,1
"no_filter","No additional filter","ASV","9bd91ee96646f24bad3b414c7f7a67dd","Type 1",9,0.00106238690006126,1
"no_filter","No additional filter","ASV","05d6e52f43d7282a75681384ad5ff6d8","Type 2",15,0.00177064483343544,1
"no_filter","No additional filter","ASV","1bbda1bd1ed2497f117db89ae37adc90","Type 4",30,0.00354128966687088,1
"no_filter","No additional filter","ASV","96cbbc1380a2fef582d73b372e485e62","Type 2",14,0.00165260184453974,1
"no_filter","No additional filter","ASV","fb0ad60ced49855048379742780e2529","Type 1",21,0.00247890276680962,1
"no_filter","No additional filter","ASV","f502ab3ec6263cd75a3609a76c6b0c44","Type 1",18,0.00212477380012253,1
"no_filter","No additional filter","ASV","3e8d09c7f1cbfb4fabd9d69f8119e60a","Type 1",21,0.00247890276680962,1
"no_filter","No additional filter","ASV","f9631fc9ac60a726ce57f64f6bbed3d9","Type 2",34,0.00401346162245367,1
"no_filter","No additional filter","ASV","8b045de6f7dd2a63ed4a4d4ac04d7a19","Type 4",17,0.00200673081122683,1
"no_filter","No additional filter","ASV","85eda76aff096e0b6fac26742776c12f","Type 4",36,0.00424954760024506,1
"no_filter","No additional filter","ASV","d77aff99f894706a2a1f9cdb8316f687","Type 1",80,0.00944343911165568,1
"no_filter","No additional filter","ASV","7b24d5249c9f4032572ab3c8307ea7b5","Type 5",3,0.000354128966687088,1
"no_filter","No additional filter","ASV","356ffd020a9e8bb3646e2809ae2187f9","Type 3",16,0.00188868782233114,1
"no_filter","No additional filter","ASV","f436e8c0a679f4ac07269f8f755ce58a","Type 5",15,0.00177064483343544,1
"no_filter","No additional filter","ASV","f687ad0122d17e879ef838e74fbeebcb","Type 2",27,0.00318716070018379,1
"no_filter","No additional filter","ASV","f9f901ece633ba981d92e738c875a484","Type 3",15,0.00177064483343544,1
"no_filter","No additional filter","ASV","7e571da0a9eeba30fcd37d56e243a2db","Type 4",18,0.00212477380012253,1
"no_filter","No additional filter","ASV","70421744fbd2b3c5b82e03abd916163f","Type 2",5,0.00059021494447848,1
"no_filter","No additional filter","ASV","d5e9ebc22ca9b62b1fffe7782e365747","Type 2",30,0.00354128966687088,2
"no_filter","No additional filter","ASV","6999d84161d029ba477c475e91cd00e9","Type 4",10,0.00118042988895696,1
"no_filter","No additional filter","ASV","363727d90392e18e776aed1f3a71e89f","Type 2",12,0.00141651586674835,1
"no_filter","No additional filter","ASV","bb22e6d2b4e7939ff1edc50cab5c9130","Type 1",23,0.00271498874460101,1
"no_filter","No additional filter","ASV","717960ead6da1dc6ee42dea884f67347","Type 5",7,0.000826300922269872,1
"no_filter","No additional filter","ASV","3dd4409bdc87be1e492b2082b76e4ba9","Type 4",13,0.00153455885564405,1
"no_filter","No additional filter","ASV","cd4f3f0bd65c7f3521456adc8dc8fb55","Type 3",10,0.00118042988895696,1
"no_filter","No additional filter","ASV","6f91497606fe421fc1ff59d7d55e1186","Type 3",12,0.00141651586674835,1
"no_filter","No additional filter","ASV","a40ba395486eeb9dd80f5f633c82c0f7","Type 1",6,0.000708257933374176,1
"no_filter","No additional filter","ASV","91b6ded2827f5e0786393161af19f8d5","Type 1",1,0.000118042988895696,1
"no_filter","No additional filter","ASV","a9beb237681b965e9dcae776517a4c96","Type 2",7,0.000826300922269872,1
"no_filter","No additional filter","ASV","9f206718d953b614552b9cf79902e3dd","Type 2",5,0.00059021494447848,1
"no_filter","No additional filter","ASV","ec838891faa3317f3afcd2d38b4e1923","Type 2",13,0.00153455885564405,1
"no_filter","No additional filter","ASV","670c1354afc6609d91dfc4184546ea58","Type 1",13,0.00153455885564405,1
"no_filter","No additional filter","ASV","14a716abf25aaae2d739db29fcf0ea3f","Type 2",4,0.000472171955582784,1
"no_filter","No additional filter","ASV","a7ffb15524e3ef43b0311b3cd60f8156","Type 2",11,0.00129847287785266,1
"no_filter","No additional filter","ASV","6b01118053f04df98945512d83984062","Type 1",4,0.000472171955582784,1
"no_filter","No additional filter","ASV","28e82ac50faab22d9428d78c36181743","Type 1",4,0.000472171955582784,1
"no_filter","No additional filter","ASV","e423277f6fcd9bead5bf13ade58d4de5","Type 3",7,0.000826300922269872,1
"no_filter","No additional filter","ASV","caa5248c2660878fac2218b81b13b8e0","Type 5",33,0.00389541863355797,1
"no_filter","No additional filter","ASV","050d46a27980fc3cbc7f1a3d04b66b12","Type 1",4,0.000472171955582784,1
"no_filter","No additional filter","ASV","126f3c073f21d6632d9d256142537db3","Type 2",13,0.00153455885564405,1
"no_filter","No additional filter","ASV","f6f0cea509375aec271736a0f70ad05b","Type 3",10,0.00118042988895696,1
"no_filter","No additional filter","ASV","cdd9e0b6ebfedae692db465b04f93178","Type 4",12,0.00141651586674835,1
"no_filter","No additional filter","ASV","7b644e38c03068c5ad4d11c00eaae9d5","Type 4",9,0.00106238690006126,1
"no_filter","No additional filter","ASV","90de1181eca5cec92ab80d159f177ef2","Type 3",4,0.000472171955582784,1
"no_filter","No additional filter","ASV","63d7f0cb46d16f7a3dbf13748ed52f3d","Type 2",3,0.000354128966687088,1
"no_filter","No additional filter","ASV","b237acb7c9ea317b7038f24d96d5d302","Type 1",13,0.00153455885564405,1
"no_filter","No additional filter","ASV","455bc63de8cb4c9b308f9ba69f3af0b2","Type 3",12,0.00141651586674835,1
"no_filter","No additional filter","ASV","03f9daed1f6d540da2aec105d0ea75bb","Type 4",4,0.000472171955582784,1
"no_filter","No additional filter","ASV","57dd84d72eac483f7f5ddc23191faa4d","Type 2",8,0.000944343911165568,1
"no_filter","No additional filter","ASV","cca62ce55fa1104839106ebc7d1a7667","Type 5",5,0.00059021494447848,1
"no_filter","No additional filter","ASV","2513f9843a703a7416099a3fa5c07d4c","Type 2",11,0.00129847287785266,1
"no_filter","No additional filter","ASV","c95694f9e5f84f0518ab08af3e4811ec","Type 1",11,0.00129847287785266,1
"no_filter","No additional filter","ASV","34d7a4a10f1a1b71d34ba4738f9acbd3","Type 1",1,0.000118042988895696,1
"no_filter","No additional filter","ASV","6bee3eeab5d2aed2aab34621e25b49d8","Type 1",6,0.000708257933374176,1
"no_filter","No additional filter","ASV","116562121bfd1151c28e32ea067b1228","Type 1",2,0.000236085977791392,1
"no_filter","No additional filter","ASV","c16345411b2428ad706dd067e17bd77d","Type 1",10,0.00118042988895696,1
"no_filter","No additional filter","ASV","6225582ef176595ad844c81e5d2e9711","Type 3",3,0.000354128966687088,1
"no_filter","No additional filter","ASV","d55204a3baa6083349ce4c5808c71a7d","Type 4",1,0.000118042988895696,1
"no_filter","No additional filter","ASV","09b4ff28606040c8d6c94dd2600ace0a","Type 4",2,0.000236085977791392,1
"no_filter","No additional filter","ASV","ccc78d11e1b5f0b68a4b8888ed3cbde2","Type 5",2,0.000236085977791392,1
"no_filter","No additional filter","ASV","46c24e45f710f0f13e9229d57673ca5a","Type 3",4,0.000472171955582784,1
"no_filter","No additional filter","ASV","d95d43e2d4490c088650670de3bfcd49","Type 2",4,0.000472171955582784,1
"no_filter","No additional filter","ASV","7ed627ea6d0ae56973f6c4d8f9944c8e","Type 5",2,0.000236085977791392,1
"no_filter","No additional filter","ASV","20c71ebbcfbabf45f16036be051b7769","Type 5",6,0.000708257933374176,1
"no_filter","No additional filter","ASV","f0a2510f876ac61a2018bf5abf3db6a2","Type 4",10,0.00118042988895696,1
"no_filter","No additional filter","ASV","be031cd7dd25c300e968887ed36d24e0","Type 1",7,0.000826300922269872,1
"no_filter","No additional filter","ASV","9ae36e9a8e7cceb827cfd1fa46652a45","Type 1",6,0.000708257933374176,1
"no_filter","No additional filter","ASV","e01d66fa265c6446a42f01dab36fabd0","Type 1",3,0.000354128966687088,1
"no_filter","No additional filter","ASV","8d461c9eb24f685eebcb0cdf01baba72","Type 1",1,0.000118042988895696,1
"no_filter","No additional filter","ASV","c2345a31a7153e34bfc11ef94009f16a","Type 1",5,0.00059021494447848,1
"no_filter","No additional filter","ASV","59ef38dc6b706ebe3087a9c3c12872bd","Type 5",3,0.000354128966687088,1
"no_filter","No additional filter","ASV","ef450da5be9984b81fc7876638035fe8","Type 3",2,0.000236085977791392,1
"no_filter","No additional filter","ASV","f701cbc5da10b2d9cba3b0728f832f73","Type 4",6,0.000708257933374176,1
"no_filter","No additional filter","ASV","45989ee2ecdda9c0a99f22237962ffaf","Type 2",8,0.000944343911165568,1
"no_filter","No additional filter","ASV","1791749033c033469311c89113bf3622","Type 4",22,0.00259694575570531,1
"no_filter","No additional filter","ASV","108a4977d68123dfb038a844e0914e68","Type 2",41,0.00483976254472354,1
"no_filter","No additional filter","ASV","4d93bab217f59fc60b09e72013e8e539","Type 2",8,0.000944343911165568,1
"no_filter","No additional filter","ASV","e96014e013ca5861bc7ffac5f0a38cc7","Type 3",5,0.00059021494447848,1
"no_filter","No additional filter","ASV","89cd28241634943bbf76d4563cca4e89","Type 1",6,0.000708257933374176,1
"no_filter","No additional filter","ASV","1d40e2571405372e4e88e78c04fdb0c1","Type 3",3,0.000354128966687088,1
"no_filter","No additional filter","ASV","d8a6468c46a1b3781b1e15064c39a8bf","Type 5",5,0.00059021494447848,1
"no_filter","No additional filter","ASV","23bc539806048f958b057d2fc92bf2b4","Type 2",6,0.000708257933374176,1
"no_filter","No additional filter","ASV","e2e7a1e7395d82f92ddfe03057973b76","Type 3",6,0.000708257933374176,1
"no_filter","No additional filter","ASV","54d1a63ede45b20a5e728db9d0c720a9","Type 2",4,0.000472171955582784,1
"no_filter","No additional filter","ASV","337be288743ffa9aa68952dde1198dda","Type 2",10,0.00118042988895696,1
"no_filter","No additional filter","ASV","0e20328b120953d3676920681b77ab49","Type 5",8,0.000944343911165568,1
"no_filter","No additional filter","ASV","72099d904e500a58c0d01db18eeb0f41","Type 1",9,0.00106238690006126,1
"no_filter","No additional filter","ASV","ffaeff97aa0b024482f8d0b32a127885","Type 4",6,0.000708257933374176,1
"no_filter","No additional filter","ASV","810184c56057af36b8df164e03101b86","Type 4",7,0.000826300922269872,1
"no_filter","No additional filter","ASV","d023c6190da06c1d2d1f1477046cc3e3","Type 4",26,0.0030691177112881,1
"no_filter","No additional filter","ASV","d9a49f47c3835a42553e8e6bfd808773","Type 4",15,0.00177064483343544,1
"no_filter","No additional filter","ASV","0b2fe4fb7db539ff9a4fa9d27c0faa62","Type 1",6,0.000708257933374176,1
"no_filter","No additional filter","ASV","8459d7cb3a2b19a181aa31512f398869","Type 4",15,0.00177064483343544,1
"no_filter","No additional filter","ASV","45e3f3f280507375f3d96c07e56be4c3","Type 4",182,0.0214838239790167,1
"no_filter","No additional filter","ASV","6ebb40ceb1600b1f876520bc4fc5497b","Type 3",7,0.000826300922269872,1
"no_filter","No additional filter","ASV","8c4d4bf4728b84e9a3f5c81a5bbcb20e","Type 5",29,0.00342324667797519,1
"no_filter","No additional filter","ASV","59e9209bb9de2d2ed76c4419a5d696dd","Type 5",20,0.00236085977791392,1
"no_filter","No additional filter","ASV","52cfd1fd329851e99853eca8f37aa050","Type 3",8,0.000944343911165568,1
"no_filter","No additional filter","ASV","1dd2d03bf672608a258cb4ef5543cad2","Type 5",10,0.00118042988895696,1
"no_filter","No additional filter","ASV","47197ee817bb57421f861e8b877e0588","Type 4",572,0.0675205896483381,1
"no_filter","No additional filter","ASV","16c63bbdf90bb1ded0a26d5fa70c0036","Type 4",16,0.00188868782233114,1
"no_filter","No additional filter","ASV","e863f60c2b404781ce435283c0b37574","Type 4",22,0.00259694575570531,1
"no_filter","No additional filter","ASV","ad35a9c3a94767e53f68fcd1bdacc1fc","Type 3",3,0.000354128966687088,1
"no_filter","No additional filter","ASV","858b9292b21db7fe07ea3cc766b912dc","Type 3",9,0.00106238690006126,1
"no_filter","No additional filter","ASV","ae7508e0c0f5db07a8e8242c6148c34d","Type 2",5,0.00059021494447848,1
"no_filter","No additional filter","ASV","b4cc697fe846f736906b4d261b088dfd","Type 2",3,0.000354128966687088,1
"no_filter","No additional filter","ASV","35527ffa9f44ebbf586ab787211da1c3","Type 4",7,0.000826300922269872,1
"no_filter","No additional filter","ASV","a67325486802911e948473f4b8b71ebe","Type 4",6,0.000708257933374176,1
"no_filter","No additional filter","ASV","1813a356c899840a7219062a1a3f47b5","Type 4",4,0.000472171955582784,1
"no_filter","No additional filter","ASV","de2b4b14636d09e2d4611f822ab82457","Type 5",69,0.00814496623380303,1
"no_filter","No additional filter","ASV","8330e416f5e9763da505ceb4330ea51d","Type 2",23,0.00271498874460101,1
"no_filter","No additional filter","ASV","c8f2f61d52781e18cc8ac65f9f89fcd1","Type 1",12,0.00141651586674835,1
"no_filter","No additional filter","ASV","b230581a663e0797c9116d2661cab125","Type 3",38,0.00448563357803645,1
"no_filter","No additional filter","ASV","9fcd44e35ec88e39d7c5b5f611f81911","Type 1",10,0.00118042988895696,1
"no_filter","No additional filter","ASV","f95472ff5305d00c44f2c7e516452737","Type 3",6,0.000708257933374176,1
"no_filter","No additional filter","ASV","4ca87931296e46e2741cdfd5d76d51e4","Type 4",11,0.00129847287785266,1
"no_filter","No additional filter","ASV","e14904089516747736b06bee3675402e","Type 4",6,0.000708257933374176,1
"no_filter","No additional filter","ASV","ad490013f6967a5e303129f81df260cb","Type 4",6,0.000708257933374176,1
"no_filter","No additional filter","ASV","2c006b1016329ed90476ea009bf4606e","Type 2",25,0.0029510747223924,1
"no_filter","No additional filter","ASV","94388351f1fe8cd33aa9ddf1962f04c1","Type 2",10,0.00118042988895696,1
"no_filter","No additional filter","ASV","fe278eabfc85664fcf6e9acd8162be2d","Type 2",31,0.00365933265576658,1
"no_filter","No additional filter","ASV","a85cbd6cdbe21b8a481bd62661cdbb17","Type 1",21,0.00247890276680962,1
"no_filter","No additional filter","ASV","d69b34a41f5aa24c90f7d564311da27f","Type 1",20,0.00236085977791392,1
"no_filter","No additional filter","ASV","e44a352ce6fd903864f5e6d7b0d9048e","Type 1",12,0.00141651586674835,1
"no_filter","No additional filter","ASV","39da947d17b83a970fd2e6f749f1f83c","Type 1",20,0.00236085977791392,1
"no_filter","No additional filter","ASV","0a22045d1af57188e792411f56c7816d","Type 1",15,0.00177064483343544,1
"no_filter","No additional filter","ASV","630098d7056f6b23cb94fa1e04c7339c","Type 3",16,0.00188868782233114,1
"no_filter","No additional filter","ASV","c424e25d38598a304a88f865cc220714","Type 1",30,0.00354128966687088,1
"no_filter","No additional filter","ASV","69027924f03686cd59516ccbd7e0a120","Type 1",10,0.00118042988895696,1
"no_filter","No additional filter","ASV","40789c2114ba86642e3567cf4c9f17d2","Type 2",12,0.00141651586674835,1
"no_filter","No additional filter","ASV","31af8dda7b9b660c2d50aef9c50f0e4e","Type 4",3,0.000354128966687088,1
"no_filter","No additional filter","ASV","50a12e0b6a6399f107bdfcadc93a8cc4","Type 4",22,0.00259694575570531,1
"no_filter","No additional filter","ASV","b31213c4220f5864ef9922595fe9f855","Type 5",3,0.000354128966687088,1
"no_filter","No additional filter","ASV","300837fe392a9506546f1970bd365d4b","Type 1",15,0.00177064483343544,1
"no_filter","No additional filter","ASV","f09f3bfabd5f786a95e8202990352551","Type 1",7,0.000826300922269872,1
"no_filter","No additional filter","ASV","87936a4ca2983a1e808424dbce5aab65","Type 3",8,0.000944343911165568,1
"no_filter","No additional filter","ASV","84adb19ad7fdf9bab6c55f7527da26f8","Type 2",5,0.00059021494447848,1
"no_filter","No additional filter","ASV","b10310466c3f849345358aed50009bfd","Type 2",22,0.00259694575570531,1
"no_filter","No additional filter","ASV","88098ab3f8048c851897dbd0bcb5cb7d","Type 4",7,0.000826300922269872,1
"no_filter","No additional filter","ASV","359ecad657c87d48177d81d15298e080","Type 4",17,0.00200673081122683,1
"no_filter","No additional filter","ASV","05fcdbf22abe66e94b0ede4dfd85ca1e","Type 1",22,0.00259694575570531,2
"no_filter","No additional filter","ASV","7aada437a689b290462ad3d8da6d6550","Type 1",6,0.000708257933374176,1
"no_filter","No additional filter","ASV","f44f6ed70dbe0b08a8c404615bafd5d7","Type 1",4,0.000472171955582784,1
"no_filter","No additional filter","ASV","a741a4e976ff31ef8f1e8126b7332efd","Type 1",8,0.000944343911165568,1
"no_filter","No additional filter","ASV","5040868dccc4bffac80996af0a7edc83","Type 3",4,0.000472171955582784,1
"no_filter","No additional filter","ASV","67b916caef6efb59d8255dbf58b35007","Type 2",12,0.00141651586674835,1
"no_filter","No additional filter","ASV","92266a78cdeba7ec0545d53521fd333b","Type 3",7,0.000826300922269872,1
"no_filter","No additional filter","ASV","f8aa742619b4c6579bfc953b7fda01b7","Type 1",4,0.000472171955582784,1
"no_filter","No additional filter","ASV","02a0a4856c7072fb58497808935c6fe1","Type 1",9,0.00106238690006126,1
"no_filter","No additional filter","ASV","18b0c9ebe534c105ee27dec86a0fc43e","Type 1",8,0.000944343911165568,1
"no_filter","No additional filter","ASV","b765346d065e508c6263c505decbb3f2","Type 5",54,0.00637432140036759,1
"no_filter","No additional filter","ASV","a7d73d00201f5dfac32d5042e3aa7039","Type 4",3,0.000354128966687088,1
"no_filter","No additional filter","ASV","b723944ca7a77c9a7a36b0b233b77802","Type 1",13,0.00153455885564405,1
"no_filter","No additional filter","ASV","a72722a44c240ad69ea6f73ff6879650","Type 4",4,0.000472171955582784,1
"no_filter","No additional filter","ASV","13fb1106cb988b93d742c82bb067cd7c","Type 1",36,0.00424954760024506,1
"no_filter","No additional filter","ASV","f5c922a9f7776182bf02bf9b23b4d3e2","Type 4",4,0.000472171955582784,1
"no_filter","No additional filter","ASV","1422aef8849148a9b52ce185862dc22f","Type 2",19,0.00224281678901822,1
"no_filter","No additional filter","ASV","ca2961e3b7858496c79c57b08146de5a","Type 2",7,0.000826300922269872,1
"no_filter","No additional filter","ASV","495e8dea6a5432de3202ffe99922c1c5","Type 1",4,0.000472171955582784,1
"no_filter","No additional filter","ASV","1a7e4f61cb855f1cf44b93f02d1e46e3","Type 3",12,0.00141651586674835,1
"no_filter","No additional filter","ASV","b9879da874f023629c4384ada519ba98","Type 3",21,0.00247890276680962,1
"no_filter","No additional filter","ASV","2f7ab09df42772d54308dfa6e66bdfd0","Type 1",3,0.000354128966687088,1
"no_filter","No additional filter","ASV","c267dc0912cbc6475bb64ff0f47644b0","Type 1",5,0.00059021494447848,1
"no_filter","No additional filter","ASV","9e4e0a14e344ddd228e170b5273c0367","Type 2",3,0.000354128966687088,1
"no_filter","No additional filter","ASV","0becb2d1042a22958ef89519c21b1afb","Type 2",7,0.000826300922269872,1
"no_filter","No additional filter","ASV","dc9e2860e3fa93f9e4bf136144d697d6","Type 5",4,0.000472171955582784,1
"no_filter","No additional filter","ASV","349bbba3e453a6a521f1a9eac332dd98","Type 3",31,0.00365933265576658,1
"no_filter","No additional filter","ASV","58a55ef675959feb2e051cb105b26bac","Type 2",4,0.000472171955582784,1
"no_filter","No additional filter","ASV","54a80672245a59bdc29b07c6aaa92aed","Type 3",7,0.000826300922269872,1
"no_filter","No additional filter","ASV","12f656f851ff61d7549078ac1377ba9a","Type 3",6,0.000708257933374176,1
"no_filter","No additional filter","ASV","b0b7970982147410d319dcd559def94c","Type 4",9,0.00106238690006126,1
"no_filter","No additional filter","ASV","5717d67a168720c02bf93002d63744cb","Type 4",11,0.00129847287785266,1
"no_filter","No additional filter","ASV","a487653a8a4441c589dd56a3eab9f3be","Type 3",2,0.000236085977791392,1
"no_filter","No additional filter","ASV","e3fdc525c94cd77c1eaf6c42eeca5099","Type 1",7,0.000826300922269872,1
"no_filter","No additional filter","ASV","08f8fc5189cd6ed0162bccde0be02367","Type 2",13,0.00153455885564405,1
"no_filter","No additional filter","ASV","003d7eb21c0f6ac43dbd72da67ffeccf","Type 3",6,0.000708257933374176,1
"no_filter","No additional filter","ASV","fe00e9dc2b0d57671c5d87b12972291f","Type 2",18,0.00212477380012253,1
"no_filter","No additional filter","ASV","b75243ba24dd1bca83a696c6c58c9428","Type 2",13,0.00153455885564405,1
"no_filter","No additional filter","ASV","d6a90cae54cff1a9311f1b52054c02e0","Type 5",8,0.000944343911165568,1
"no_filter","No additional filter","ASV","205b8ebbe28117767c6974e1c4e05f03","Type 3",78,0.00920735313386429,1
"no_filter","No additional filter","ASV","f72d6015da6fdde7e9c38529a0e7b1d5","Type 4",10,0.00118042988895696,1
"no_filter","No additional filter","ASV","3b7a478c888beccea889f21d007fecb7","Type 5",6,0.000708257933374176,1
"no_filter","No additional filter","ASV","3d0b7ef791c9da681208357df760c2bf","Type 5",24,0.0028330317334967,1
"no_filter","No additional filter","ASV","e6843182569b9397a41f35044a4b80f1","Type 4",4,0.000472171955582784,1
"no_filter","No additional filter","ASV","19785a61e475edf88799b91f3a11a027","Type 4",3,0.000354128966687088,1
"no_filter","No additional filter","ASV","1b572d1a5d309b0c223612f94c9291d0","Type 3",21,0.00247890276680962,1
"no_filter","No additional filter","ASV","afcdea6419fba2836648ad9a6ade9ac5","Type 5",5,0.00059021494447848,1
"no_filter","No additional filter","ASV","836fee70ce21fe78e499b1aa854638e1","Type 4",7,0.000826300922269872,1
"no_filter","No additional filter","ASV","55f4680484871fcda4400deafa7fb33b","Type 3",60,0.00708257933374176,1
"no_filter","No additional filter","ASV","3fce0a9c241df3116bb98f0603ea523c","Type 4",3,0.000354128966687088,1
"no_filter","No additional filter","ASV","7ed7688307301cb442dac65301957d05","Type 3",2,0.000236085977791392,1
"no_filter","No additional filter","ASV","b35eed087e60c3827eb224f4e4922e14","Type 3",2,0.000236085977791392,1
"no_filter","No additional filter","ASV","696db1c0427aa5a7996d4c3a73306172","Type 4",46,0.00542997748920202,1
"no_filter","No additional filter","ASV","d28702f527ca84119434a5d089dea094","Type 1",143,0.0168801474120845,1
"no_filter","No additional filter","ASV","92981a4f9e607d7f28d045957da39fcf","Type 2",9,0.00106238690006126,1
"no_filter","No additional filter","ASV","bc87377e8fbfd147983eebf52cd6973e","Type 5",3,0.000354128966687088,1
"no_filter","No additional filter","ASV","d4841fd1d61b4703cdd6ce863db17fea","Type 1",34,0.00401346162245367,1
"no_filter","No additional filter","ASV","7753656d7df0e072687007326872c341","Type 4",2,0.000236085977791392,1
"no_filter","No additional filter","ASV","0284a191bcee8c9f60a648f93ef001a6","Type 3",22,0.00259694575570531,1
"no_filter","No additional filter","ASV","00cfc29ac04e18cd07d7304660e727e6","Type 4",30,0.00354128966687088,1
"no_filter","No additional filter","ASV","dc390144e9abffd1f6d1acb507cbfc5e","Type 3",39,0.00460367656693215,1
"no_filter","No additional filter","ASV","87035d920420b74c23302e3b282b26e6","Type 1",13,0.00153455885564405,1
"no_filter","No additional filter","ASV","c55ca5a484eb8da50b59f3827aac2cc2","Type 3",13,0.00153455885564405,1
"no_filter","No additional filter","ASV","6ca13e87115a05cbc0f31f65b759b3d3","Type 5",11,0.00129847287785266,1
"no_filter","No additional filter","ASV","641c06a91741e70e0b4041534ed602fa","Type 1",21,0.00247890276680962,1
"no_filter","No additional filter","ASV","051d5187a1ef3b3c38a46f56d9448a99","Type 3",12,0.00141651586674835,1
"no_filter","No additional filter","ASV","8b9723d34d870fd0bc3d0f84877810e3","Type 1",5,0.00059021494447848,1
"no_filter","No additional filter","ASV","a433a2d87737d2dbf73ad13321f67911","Type 4",14,0.00165260184453974,1
"no_filter","No additional filter","ASV","df77c207a1475fe7978d78ff9cfc299f","Type 4",1,0.000118042988895696,1
"no_filter","No additional filter","ASV","fc0d2222112ba5d85a953f7fee8e7550","Type 4",5,0.00059021494447848,1
"no_filter","No additional filter","ASV","edc3f4c080a446d2a05df00be9af9689","Type 5",2,0.000236085977791392,1
"no_filter","No additional filter","ASV","0535f4bb8a671a91b7c6080f796b0bc0","Type 3",3,0.000354128966687088,1
"no_filter","No additional filter","ASV","3d321b478b7fd39dc8ac6c68a827a622","Type 4",19,0.00224281678901822,1
"no_filter","No additional filter","ASV","d127837f1b6ab3f7bdad8d8d125f0b08","Type 1",14,0.00165260184453974,1
"no_filter","No additional filter","ASV","9730680066410541c543e7b3003e42d6","Type 1",1,0.000118042988895696,1
"no_filter","No additional filter","ASV","7812599613f61f510451b00fa62cf791","Type 4",1,0.000118042988895696,1
"no_filter","No additional filter","ASV","06923050b2a5b3f62a80aa7dc57d2748","Type 2",15,0.00177064483343544,1
"no_filter","No additional filter","ASV","8565dacf1db3e048ac63f478454923c7","Type 2",30,0.00354128966687088,1
"no_filter","No additional filter","ASV","a213a5f3747bba461dc81e089783a63c","Type 4",9,0.00106238690006126,1
"no_filter","No additional filter","ASV","a6a5c75bcf40728c389d91b17e569cb0","Type 3",5,0.00059021494447848,1
"no_filter","No additional filter","ASV","9be358b525c083e9b0e67426c63d4926","Type 3",5,0.00059021494447848,1
"no_filter","No additional filter","ASV","a1e2b28fb788c9542caf556c169bd434","Type 4",102,0.012040384867361,2
"no_filter","No additional filter","ASV","1e216575eb4926e560e35d9817b49f48","Type 3",9,0.00106238690006126,1
"no_filter","No additional filter","ASV","5fc221d85bad4b52cb2c8f848f78200f","Type 3",8,0.000944343911165568,1
"no_filter","No additional filter","ASV","5798c3ce95dd924b01da7e7bb88de5c4","Type 4",26,0.0030691177112881,1
"no_filter","No additional filter","ASV","48a6357a325aff1f554259eb32174362","Type 2",11,0.00129847287785266,1
"no_filter","No additional filter","ASV","a47b8216f72af411c683bfe0846aa555","Type 2",29,0.00342324667797519,1
"no_filter","No additional filter","ASV","4ed1aaefaefe8f38b7f6a4c1fd82d1ba","Type 3",19,0.00224281678901822,1
"no_filter","No additional filter","ASV","31f58e24b1887b84bae983cb91ec62f0","Type 1",14,0.00165260184453974,1
"no_filter","No additional filter","ASV","b733b3851a774a99efd0dd4c1d92054c","Type 4",27,0.00318716070018379,1
"no_filter","No additional filter","ASV","302bf7a5ed63144059d0db8f906a743f","Type 3",27,0.00318716070018379,1
"no_filter","No additional filter","ASV","00517aa95de700c3f4ba437927f91b67","Type 5",4,0.000472171955582784,1
"no_filter","No additional filter","ASV","8ada8a5b8f21a7dc546f16c295fd64f4","Type 1",27,0.00318716070018379,1
"no_filter","No additional filter","ASV","94c7ec8370890fe34121a543865065b2","Type 1",26,0.0030691177112881,1
"no_filter","No additional filter","ASV","e9a5c982ac193caeef238cb8f19f17ed","Type 2",18,0.00212477380012253,1
"no_filter","No additional filter","ASV","4a2a7d0e453931159488c555e4fa3f16","Type 4",1,0.000118042988895696,1
"no_filter","No additional filter","ASV","0d2e525a8a95346e442ef5d0211cf2fb","Type 2",8,0.000944343911165568,1
"no_filter","No additional filter","ASV","e563960345dadf433f5917fc5c4d7468","Type 1",21,0.00247890276680962,1
"no_filter","No additional filter","ASV","56fea6c1941d9474e57c9876ed0a066b","Type 5",7,0.000826300922269872,1
"no_filter","No additional filter","ASV","be765e929e8c9e7845dc8abd26cbda3e","Type 2",22,0.00259694575570531,1
"no_filter","No additional filter","ASV","5618bfb6e050dba2c43d0f395fb3f460","Type 2",91,0.0107419119895083,1
"no_filter","No additional filter","ASV","b66b3e7d5986ed8721f7bd4f6538105c","Type 5",13,0.00153455885564405,1
"no_filter","No additional filter","ASV","62e5c906ad9715bb8f950546d1dc51ae","Type 2",5,0.00059021494447848,1
"no_filter","No additional filter","ASV","bc4840149ea95a9dda84b36dea2bd7e1","Type 5",8,0.000944343911165568,1
"no_filter","No additional filter","ASV","2b25b87a1770631f88b5af0331e8a4f9","Type 1",5,0.00059021494447848,1
"no_filter","No additional filter","ASV","7fe8ffcd13c28d9c2d3a19a8c0a3f278","Type 2",80,0.00944343911165568,1
"no_filter","No additional filter","ASV","4665c2d9f4fe27dbfcf2856ac813b46f","Type 1",1,0.000118042988895696,1
"no_filter","No additional filter","ASV","eebcd0d2ff780ea666da3bcde1a4efcd","Type 3",7,0.000826300922269872,1
"no_filter","No additional filter","ASV","d7208e0c7d049f549d0efd21aa3db055","Type 3",12,0.00141651586674835,1
"no_filter","No additional filter","ASV","c1d09c6dc27be51625c78d4c2e112af6","Type 1",39,0.00460367656693215,1
"no_filter","No additional filter","ASV","b4ba143526e0fa11c5a583122941a32a","Type 1",14,0.00165260184453974,1
"no_filter","No additional filter","ASV","bf8d8ea01aed4df108bbe47abdfce0b8","Type 2",23,0.00271498874460101,1
"no_filter","No additional filter","ASV","a903e90a0e27f596809dce31639a5cde","Type 3",16,0.00188868782233114,1
"no_filter","No additional filter","ASV","6df48c8a82fc59cef263a60322dfd5ed","Type 1",11,0.00129847287785266,1
"no_filter","No additional filter","ASV","38503c18a7280248bdf5ae9fc87bb0bf","Type 5",13,0.00153455885564405,1
"no_filter","No additional filter","ASV","3900788b7b84bd7fa2032124971a2365","Type 2",125,0.014755373611962,1
"no_filter","No additional filter","ASV","0d7f3b8104652d6c4142f8bf5be5a1b3","Type 4",57,0.00672845036705467,1
"no_filter","No additional filter","ASV","187a90e1cd9dbe06946570ea904a10af","Type 3",23,0.00271498874460101,1
"no_filter","No additional filter","ASV","2eb110a5c2d77785c1a83c456a6b293f","Type 3",17,0.00200673081122683,1
"no_filter","No additional filter","ASV","10f0c27ef0406b085cb21cc3b5d5a072","Type 5",13,0.00153455885564405,1
"no_filter","No additional filter","ASV","020a8a0635b569b6cc23caeb158c7d76","Type 4",31,0.00365933265576658,1
"no_filter","No additional filter","ASV","bf02f0971786b11fc196cfa5d7ea64f2","Type 2",96,0.0113321269339868,1
"no_filter","No additional filter","ASV","4da622854f8aaa39907bbcb62502b53d","Type 4",2,0.000236085977791392,1
"no_filter","No additional filter","ASV","df6cada9f6db0bcb5d29ce046701b42c","Type 1",17,0.00200673081122683,1
"no_filter","No additional filter","ASV","fd446e99694b50303ff580b0ad551915","Type 5",11,0.00129847287785266,1
"no_filter","No additional filter","ASV","9289336fcab7014e9a8de2f6c4bd8da7","Type 4",5,0.00059021494447848,1
"no_filter","No additional filter","ASV","8b785aa3309abaf00340534771e6cdb6","Type 5",18,0.00212477380012253,1
"no_filter","No additional filter","ASV","1cc0a353b682bc024884178612bcfa61","Type 3",4,0.000472171955582784,1
"no_filter","No additional filter","ASV","a8f1f675dc40132c56446417a5bbe00e","Type 4",11,0.00129847287785266,1
"no_filter","No additional filter","ASV","fc1273e8f972f9d78c2ea945f2622790","Type 4",33,0.00389541863355797,1
"no_filter","No additional filter","ASV","be839ee45d3e88dcc6313eaffe650de0","Type 5",72,0.00849909520049011,1
"no_filter","No additional filter","ASV","0dd85b618dc30ae6611a03503ba66b1b","Type 3",35,0.00413150461134936,1
"no_filter","No additional filter","ASV","948599c8068fa6ec2aaee5c1b78485ae","Type 1",20,0.00236085977791392,1
"no_filter","No additional filter","ASV","5d8997aa5bcaddfdd0e0e3e3977ec87e","Type 2",5,0.00059021494447848,1
"no_filter","No additional filter","ASV","5414b3db0779eedac69c48841f50f261","Type 5",96,0.0113321269339868,1
"no_filter","No additional filter","ASV","b08756a44ede85aa4d6f7f3c913e76ce","Type 4",11,0.00129847287785266,1
"no_filter","No additional filter","ASV","5ca8ce8173ac6e336ff0fc63c430cec1","Type 4",20,0.00236085977791392,1
"no_filter","No additional filter","ASV","f9743a6c833cce380ae8e7e83190ebc1","Type 3",20,0.00236085977791392,1
"no_filter","No additional filter","ASV","e3cf1bbfceb034df2365bbe39e9b323a","Type 3",20,0.00236085977791392,1
"no_filter","No additional filter","ASV","c9ee99652ecaf389d4b3063cf6b8b48b","Type 5",6,0.000708257933374176,1
"no_filter","No additional filter","ASV","6375f6c8be20d826d6a8793ee432e9b2","Type 3",1,0.000118042988895696,1
"no_filter","No additional filter","ASV","bb94ef603832a0c10583ed335c88c3b5","Type 5",6,0.000708257933374176,1
"no_filter","No additional filter","ASV","539869c80f1953ffa410a09326827371","Type 5",900,0.106238690006126,1
"no_filter","No additional filter","ASV","b7da7f8eeca4712a739c4e8a6bdfa5c1","Type 5",51,0.0060201924336805,1
"no_filter","No additional filter","ASV","1d2b8d1af41f8d7257bf8116e16a2021","Type 2",16,0.00188868782233114,1
"no_filter","No additional filter","ASV","935e07dc946259f9d2b56cfa2bd06423","Type 5",9,0.00106238690006126,1
"no_filter","No additional filter","ASV","9dbd6155585814a9d251b8b0185e12fc","Type 5",93,0.0109779979672997,1
"no_filter","No additional filter","ASV","01c728c77d15ca1c25dc5b15031a84ef","Type 4",2,0.000236085977791392,1
"no_filter","No additional filter","ASV","4402525cd64982c967d2e6580b8e6df2","Type 2",24,0.0028330317334967,1
"no_filter","No additional filter","ASV","4fb252ecf3ef16aae851798c3d5c3171","Type 5",22,0.00259694575570531,1
"no_filter","No additional filter","ASV","45433de5522d46f06f1fe6787f0d4d4a","Type 5",8,0.000944343911165568,1
"no_filter","No additional filter","ASV","e892f48906516e0d82ccee04f62fdf4d","Type 1",3,0.000354128966687088,1
"no_filter","No additional filter","ASV","dc6fb269f7a88149b5926c1b7e56b458","Type 5",15,0.00177064483343544,1
"no_filter","No additional filter","ASV","417eff005643739dced1b953daaef36a","Type 4",11,0.00129847287785266,1
"no_filter","No additional filter","ASV","6c21129697cf5ff63c00f1015369f55a","Type 1",32,0.00377737564466227,1
"no_filter","No additional filter","ASV","51fdf8e8b47aab185af98c58f8c47316","Type 3",33,0.00389541863355797,1
"no_filter","No additional filter","ASV","78687aa4bee3344c547b97df8ca2d00f","Type 5",20,0.00236085977791392,1
"no_filter","No additional filter","ASV","87a6bbed6ceb02ec381f45db5ed37984","Type 2",27,0.00318716070018379,1
"no_filter","No additional filter","ASV","75867d7a16d9647ce25057cc21524cd3","Type 5",103,0.0121584278562567,1
"no_filter","No additional filter","ASV","b47e0dfb9983366b0ec2b9f75de6ec4c","Type 4",13,0.00153455885564405,1
"no_filter","No additional filter","ASV","2cce0f7944a0c4c2ba4a9a42f773cf7a","Type 4",51,0.0060201924336805,1
"no_filter","No additional filter","ASV","9daf263a5d7432597582d813c95b17ec","Type 1",6,0.000708257933374176,1
"no_filter","No additional filter","ASV","1c5d6c2c9b4a7166c7cb496fca023c12","Type 1",12,0.00141651586674835,1
"no_filter","No additional filter","ASV","82163021706823633bac88eb5b5206ff","Type 4",9,0.00106238690006126,1
"no_filter","No additional filter","ASV","92347014e872acd514c01ea7c56ce729","Type 5",6,0.000708257933374176,1
"no_filter","No additional filter","ASV","dabc056db5cf680af3e3d098fd799e52","Type 4",15,0.00177064483343544,1
"no_filter","No additional filter","ASV","1af53834b3c891d18d96f7c96b1cd602","Type 4",10,0.00118042988895696,1
"no_filter","No additional filter","ASV","56af2b73e9c0109ec8c0cf2dc20f88ae","Type 2",3,0.000354128966687088,1
"no_filter","No additional filter","ASV","b7efbc42c9ff68fc2a12b5046976cfe6","Type 4",49,0.00578410645588911,1
"no_filter","No additional filter","ASV","e8f164ebbf18e0a918f35016783880e0","Type 1",13,0.00153455885564405,1
"no_filter","No additional filter","ASV","805df43deeabd7ff5fca548c90dd715f","Type 4",13,0.00153455885564405,1
"no_filter","No additional filter","ASV","719f736c916092f6d392c5a46e1091ea","Type 5",70,0.00826300922269872,1
"no_filter","No additional filter","ASV","e08d4237c94e6a9eecf3cd2f12b50362","Type 5",65,0.00767279427822024,1
"no_filter","No additional filter","ASV","b072272267230396c009815c123cb89c","Type 3",17,0.00200673081122683,1
"no_filter","No additional filter","ASV","db8f3b36bcda0d5ec49f794537a71a5c","Type 2",18,0.00212477380012253,1
"no_filter","No additional filter","ASV","cf3736bcdd43405975b099beb4735167","Type 2",8,0.000944343911165568,1
"no_filter","No additional filter","ASV","b90d5c735e4f9bea8175e5eabfd3caab","Type 2",20,0.00236085977791392,1
"no_filter","No additional filter","ASV","4335b413ca00991080607b81f22a332f","Type 4",9,0.00106238690006126,1
"no_filter","No additional filter","ASV","20f150dfe46c537edc5310399040afb8","Type 4",16,0.00188868782233114,1
"no_filter","No additional filter","ASV","0adf67a3e396926259316a14f66e7ca1","Type 3",21,0.00247890276680962,1
"no_filter","No additional filter","ASV","8030ddc086f5359a9bd1686b4cfa4839","Type 2",26,0.0030691177112881,1
"no_filter","No additional filter","ASV","abf116271a6c3009b04616999b80c2a2","Type 4",9,0.00106238690006126,1
"no_filter","No additional filter","ASV","d72cb1e3c102b23e31315a86d2814b30","Type 5",7,0.000826300922269872,1
"no_filter","No additional filter","ASV","bd3541f017489d1e1e2abf7d30173f58","Type 3",7,0.000826300922269872,1
"no_filter","No additional filter","ASV","d31a407f8ea48b0ffb218c273e96aca7","Type 1",24,0.0028330317334967,1
"no_filter","No additional filter","ASV","6ff62b2f9b3b37ddac65890858affc59","Type 2",17,0.00200673081122683,1
"no_filter","No additional filter","ASV","3e50658e9b489006be4573114ca22b59","Type 4",14,0.00165260184453974,1
"no_filter","No additional filter","ASV","f7ac7981e245102dab0a2c637e678bdc","Type 4",8,0.000944343911165568,1
"no_filter","No additional filter","ASV","54581694fce0637591ea45b0eff658f0","Type 5",4,0.000472171955582784,1
"no_filter","No additional filter","ASV","a1ce7dfb58f79aae626a833e08cec34e","Type 4",5,0.00059021494447848,1
"no_filter","No additional filter","ASV","3e40912777b69502473bead5d31f868e","Type 4",30,0.00354128966687088,1
"no_filter","No additional filter","ASV","f858d88439d9e4c6c051ba75054211df","Type 4",130,0.0153455885564405,1
"no_filter","No additional filter","ASV","e2d0a4f1129bec2ba3a8508177be7d67","Type 1",46,0.00542997748920202,1
"no_filter","No additional filter","ASV","9260b142986548518cddb6e2a48fe424","Type 4",11,0.00129847287785266,1
"no_filter","No additional filter","ASV","09c7deab9ed1cd0e31f151b14eef8642","Type 3",113,0.0133388577452137,1
"no_filter","No additional filter","ASV","8fc07f2b160eb939ef6e5515e2cc84e5","Type 4",6,0.000708257933374176,1
"no_filter","No additional filter","ASV","ad405d59ee0f79d0ee5e6f0fbd0c1b31","Type 3",6,0.000708257933374176,1
"no_filter","No additional filter","ASV","a20eaf9c049be7bb8d61ac35403a3f9b","Type 5",35,0.00413150461134936,1
"no_filter","No additional filter","ASV","78d7bb90ead26fa02bdffb25f2541e57","Type 4",14,0.00165260184453974,1
"no_filter","No additional filter","ASV","1f5bf9c38e421dd69aca79a714646874","Type 1",6,0.000708257933374176,1
"no_filter","No additional filter","ASV","e05c20956cd13f21cb6ab1b281b551c5","Type 5",67,0.00790888025601163,1
"no_filter","No additional filter","ASV","0744c822daa560b81f10253cc08b19b2","Type 4",16,0.00188868782233114,1
"no_filter","No additional filter","ASV","adcae3f5a43e4dca840c01d62e6416a5","Type 2",47,0.00554802047809771,1
"no_filter","No additional filter","ASV","e9725fc74685ef05a1ba39435294042c","Type 2",16,0.00188868782233114,1
"no_filter","No additional filter","ASV","cea0a6f8b58238977831021560f03baf","Type 2",30,0.00354128966687088,1
"no_filter","No additional filter","ASV","faa040c810a1991fde363c213d493da8","Type 5",48,0.00566606346699341,1
"no_filter","No additional filter","ASV","535a343e6d1a2613487b8be887eafa91","Type 4",25,0.0029510747223924,1
"no_filter","No additional filter","ASV","3ae3506da5e58225245676cc245d0300","Type 3",14,0.00165260184453974,1
"no_filter","No additional filter","ASV","9366c1f1fa59361f62f702f094ae0c21","Type 1",31,0.00365933265576658,1
"no_filter","No additional filter","ASV","2b3b798b5635941bb0cb310e0892ccce","Type 4",57,0.00672845036705467,1
"no_filter","No additional filter","ASV","35d4cbfddf6c9639a996a7877cd4f0f2","Type 4",55,0.00649236438926328,1
"no_filter","No additional filter","ASV","32167f781e8fefa652b6cc4ebcb481c1","Type 2",23,0.00271498874460101,1
"no_filter","No additional filter","ASV","c7089bd4161401741f025290ba11378c","Type 2",30,0.00354128966687088,1
"no_filter","No additional filter","ASV","7242943cc0985a97e0b15b71a0cb950c","Type 5",14,0.00165260184453974,1
"no_filter","No additional filter","ASV","cb87c4f867a6bf086284e61be0ec2f63","Type 1",300,0.0354128966687088,1
"no_filter","No additional filter","ASV","091871133f6759b698437cfa0b72adf3","Type 3",22,0.00259694575570531,1
"no_filter","No additional filter","ASV","5a69c24d65989db7832ef51a91cdc5c8","Type 3",5,0.00059021494447848,1
"no_filter","No additional filter","ASV","708fee58e8a7acab50750c129c423e88","Type 1",4,0.000472171955582784,1
"no_filter","No additional filter","ASV","0ffa38dcc1e581e2c5a1b6a261ea056d","Type 1",4,0.000472171955582784,1
"no_filter","No additional filter","ASV","74486d7dbfbb993360030db0f597b479","Type 5",23,0.00271498874460101,1
"no_filter","No additional filter","ASV","ec7469c79534d7b5c5eec4753c7c6929","Type 1",12,0.00141651586674835,1
"no_filter","No additional filter","ASV","b6de3c1190ba6d474d00cd0e66ff4770","Type 3",7,0.000826300922269872,1
"no_filter","No additional filter","ASV","7f35074fbbf189f80f1f74c6f95367df","Type 1",6,0.000708257933374176,1
"no_filter","No additional filter","ASV","49bd242006920acb2126ab0ceac5df84","Type 2",14,0.00165260184453974,1
"no_filter","No additional filter","ASV","959c0e4929c91e8c8b6172b5ffc0970f","Type 4",22,0.00259694575570531,1
"no_filter","No additional filter","ASV","20d107dde9ca302ebbdbd52154dac2a8","Type 5",18,0.00212477380012253,1
"no_filter","No additional filter","ASV","a92b3929c9b3f884c38dcc1c67c45279","Type 4",26,0.0030691177112881,1
"no_filter","No additional filter","ASV","7e7e11e24680c5b7e947d49c9d044d0e","Type 4",54,0.00637432140036759,1
"no_filter","No additional filter","ASV","97e40b9c1d0ad96beb0cbe2029975923","Type 5",1,0.000118042988895696,1
"no_filter","No additional filter","ASV","147db90318f285ecdc0718da4d132fb7","Type 5",1,0.000118042988895696,1
"no_filter","No additional filter","ASV","777c5cc2a37817aaa9a6efb3a650cce5","Type 4",1,0.000118042988895696,1
"no_filter","No additional filter","ASV","1e143504935212a1de58af7db86e9075","Type 4",3,0.000354128966687088,1
"no_filter","No additional filter","ASV","d826288a4c89ac4ed869f9fad6f6158b","Type 3",13,0.00153455885564405,1
"no_filter","No additional filter","ASV","f3984c845c4d39ed3470255184a815b5","Type 1",76,0.0089712671560729,1
"no_filter","No additional filter","ASV","f31ffb82c5a12486d6b4b90f352659f1","Type 2",10,0.00118042988895696,1
"no_filter","No additional filter","ASV","a3ae5f3ed32910263c54e6445a741c30","Type 3",34,0.00401346162245367,1
"no_filter","No additional filter","ASV","2c425f37607995524371352bb8ba8f17","Type 3",23,0.00271498874460101,1
"no_filter","No additional filter","ASV","6491d40531f324071bd90f65bbf0a4f5","Type 1",20,0.00236085977791392,1
"no_filter","No additional filter","ASV","e93f71384da01343c3b6eaf029f0ee41","Type 2",47,0.00554802047809771,1
"no_filter","No additional filter","ASV","97279ec030db98f66998a40c8d6b44a0","Type 2",17,0.00200673081122683,1
"no_filter","No additional filter","ASV","6d6ea94f2c732bf7767af01e1308cb38","Type 2",4,0.000472171955582784,1
"no_filter","No additional filter","ASV","847a1ea3551399927eddf0e2c5f9523b","Type 4",27,0.00318716070018379,1
"no_filter","No additional filter","ASV","1f13e5b10f4b0890e04fc67a720372c6","Type 5",6,0.000708257933374176,1
"no_filter","No additional filter","ASV","f2d5594d42b10cf823709df714b605ad","Type 2",26,0.0030691177112881,1
"no_filter","No additional filter","ASV","f46b250f940b7496642783a9e8307994","Type 2",20,0.00236085977791392,1
"no_filter","No additional filter","ASV","51dbd3d93881ce8448e4f5adc5289eb3","Type 5",31,0.00365933265576658,1
"no_filter","No additional filter","ASV","0ea650bc01b369df5467645d66293370","Type 4",30,0.00354128966687088,1
"no_filter","No additional filter","ASV","03ac4be8840dedf24d600004348bf7ca","Type 1",17,0.00200673081122683,1
"no_filter","No additional filter","ASV","ea1f67ebb6bdc861007272edf50c5fe0","Type 1",26,0.0030691177112881,1
"no_filter","No additional filter","ASV","e2d8dd9ebb898c22f8d0d74572b11034","Type 2",13,0.00153455885564405,1
"no_filter","No additional filter","ASV","be98dab1e400c5a0b31efa465aee505d","Type 1",5,0.00059021494447848,1
"no_filter","No additional filter","ASV","f47c2f8d048b14cf81d7a3fcaf21f300","Type 4",46,0.00542997748920202,1
"no_filter","No additional filter","ASV","89080b3c5ba6bf78d58df159a692470f","Type 4",10,0.00118042988895696,1
"no_filter","No additional filter","ASV","3295cde5ceda11c4ec2e859c72bbcda1","Type 2",6,0.000708257933374176,1
"no_filter","No additional filter","ASV","6859a8d53d59d2aa7193210fc46505c7","Type 2",4,0.000472171955582784,1
"no_filter","No additional filter","ASV","82e0cb6098de4a07a7eea6e50f27ef1f","Type 5",10,0.00118042988895696,1
"no_filter","No additional filter","ASV","84739218645d09374bcecea50306c590","Type 5",333,0.0393083153022668,1
"no_filter","No additional filter","ASV","9fb6d9c0f4d1a95500c8790bcbacfb2c","Type 1",9,0.00106238690006126,1
"no_filter","No additional filter","ASV","75cc2f81358ae3535dabf08bd863b930","Type 3",14,0.00165260184453974,1
"no_filter","No additional filter","ASV","d292922206673e50c24b34363f8827a7","Type 5",20,0.00236085977791392,1
"no_filter","No additional filter","ASV","491b45eedb1019a950560a7794082c76","Type 5",30,0.00354128966687088,1
"no_filter","No additional filter","ASV","a6b93f88aab1c7a0eedd4f3f020ad9bc","Type 5",8,0.000944343911165568,1
"no_filter","No additional filter","ASV","aaae5c8942a79fc41dc341c9903b04cf","Type 4",18,0.00212477380012253,1
"no_filter","No additional filter","ASV","f07604a27a11dd42a2ff89eec91350ed","Type 4",40,0.00472171955582784,1
"no_filter","No additional filter","ASV","e27295c54d0c6153155d209342831b58","Type 5",31,0.00365933265576658,1
"no_filter","No additional filter","ASV","16983e5c822f6bf6eac99c4541bfa982","Type 2",19,0.00224281678901822,1
"no_filter","No additional filter","ASV","11cdaecfb23fe5eae59870556db2372d","Type 2",9,0.00106238690006126,1
"no_filter","No additional filter","ASV","8e739521c1e024378dc253b59456f668","Type 3",39,0.00460367656693215,1
"no_filter","No additional filter","ASV","c25c933a077c8f1489487077ae49d897","Type 3",1143,0.134923136307781,1
"no_filter","No additional filter","ASV","e9103692f4d9d61faf5cdd01f302727f","Type 3",392,0.0462728516471128,1
"no_filter","No additional filter","ASV","bdc66ad1626658f3c46bb95b3b3ad6fa","Type 3",194,0.022900339845765,1
"no_filter","No additional filter","ASV","5ef41547298fd3cb4f9668307b4459a5","Type 3",39,0.00460367656693215,1
"no_filter","No additional filter","ASV","41c857dad328fd9c4bcc06471369aaf6","Type 3",13,0.00153455885564405,1
"no_filter","No additional filter","ASV","6c84b28399d78e62fc69c48b030d0e7b","Type 3",3,0.000354128966687088,1
"no_filter","No additional filter","ASV","08321f8653dd594963ea37734a659629","Type 4",15,0.00177064483343544,1
"no_filter","No additional filter","ASV","8b68c969cc3062defea62a2c38336714","Type 3",24,0.0028330317334967,1
"no_filter","No additional filter","ASV","84f932f291b157ef5aaf93a5ea82ebb2","Type 4",28,0.00330520368907949,1
"no_filter","No additional filter","ASV","9ccd7d666382101cff3486dcfbe61a98","Type 5",11,0.00129847287785266,1
"no_filter","No additional filter","ASV","9c354fbd197a974b0f9700425c161a91","Type 1",450,0.0531193450030632,1
"no_filter","No additional filter","ASV","aa57923408765fc46bc15cbeaa7491a6","Type 1",1041,0.12288275144042,1
"no_filter","No additional filter","ASV","abdb10ef959af94d4fc7574d556e3633","Type 4",50,0.0059021494447848,1
"no_filter","No additional filter","ASV","6537d1859060158a23dcdbc64c76922e","Type 4",5,0.00059021494447848,1
"no_filter","No additional filter","ASV","49bf16e6c356ce0fafd1a644e47ce762","Type 5",31,0.00365933265576658,1
"no_filter","No additional filter","ASV","76c7175da051546f4e9a9e16b80491d0","Type 3",12,0.00141651586674835,1
"no_filter","No additional filter","ASV","b19d62335a9c13a59403d9d288ebc34c","Type 1",6,0.000708257933374176,1
"no_filter","No additional filter","ASV","503dba32073ba6a69c867b7ee613a246","Type 5",106,0.0125125568229438,1
"no_filter","No additional filter","ASV","026a3a0dafa92325e18315a4e4b24397","Type 4",36,0.00424954760024506,1
"no_filter","No additional filter","ASV","d56451c0d7590e629d00923607967d28","Type 5",4,0.000472171955582784,1
"no_filter","No additional filter","ASV","0a3f70cfd4b3128f631493c1237c0a67","Type 3",22,0.00259694575570531,1
"no_filter","No additional filter","ASV","139c947668f8f3cacd1f8da52ce27c49","Type 1",7,0.000826300922269872,1
"no_filter","No additional filter","ASV","000e46c287a00bb452eb62426b163ac3","Type 3",89,0.0105058260117169,1
"no_filter","No additional filter","ASV","79ee9a7d5e918fa191f69a645a5837c7","Type 5",20,0.00236085977791392,1
"no_filter","No additional filter","ASV","fe80a71a587cd704427de3d3c840e206","Type 3",22,0.00259694575570531,1
"no_filter","No additional filter","ASV","bdfb3f6014357e36d2e3e62674bed999","Type 1",180,0.0212477380012253,1
"no_filter","No additional filter","ASV","abd0febc117d23cd49b9d4ef431153bc","Type 5",62,0.00731866531153315,1
"no_filter","No additional filter","ASV","bd44746f20b88918f977fb45831b0979","Type 5",40,0.00472171955582784,1
"no_filter","No additional filter","ASV","bc9fce29d86dd59b106f60bd7b227020","Type 1",8,0.000944343911165568,1
"no_filter","No additional filter","ASV","670ff01449495039c6e52f5f0fe307b1","Type 1",24,0.0028330317334967,1
"no_filter","No additional filter","ASV","74379e099bf1c7e9f15ba2044c26bfad","Type 3",3,0.000354128966687088,1
"no_filter","No additional filter","ASV","1ebdd24efe5f1bdfc157a85babd1e2aa","Type 2",11,0.00129847287785266,1
"no_filter","No additional filter","ASV","4bde5c57e152f7c5e2fdee6a2dfd5b06","Type 1",8,0.000944343911165568,1
"no_filter","No additional filter","ASV","ab13428f69e593a15a0a574466bb2ca4","Type 1",15,0.00177064483343544,1
"no_filter","No additional filter","ASV","40b48ec694b884aa93cc33fbfb00d625","Type 4",18,0.00212477380012253,1
"no_filter","No additional filter","ASV","93aa2400cce135d0997ee20005ac85c4","Type 2",5,0.00059021494447848,1
"no_filter","No additional filter","ASV","67ea33e6e92c2b3175cf2c5bd905476b","Type 4",67,0.00790888025601163,2
"no_filter","No additional filter","ASV","9bafba648bb0930181f957e5ba40de0a","Type 1",15,0.00177064483343544,1
"no_filter","No additional filter","ASV","66b7507662a94e6fba998da71404a5b8","Type 2",14,0.00165260184453974,1
"no_filter","No additional filter","ASV","64c6c9854a1938f12b659f40a0f6a954","Type 3",5,0.00059021494447848,1
"no_filter","No additional filter","ASV","39081e105396492463a050e6cd2a16e6","Type 3",3,0.000354128966687088,1
"no_filter","No additional filter","ASV","4190cb19d7dcaa1b900c5916f5c97130","Type 3",26,0.0030691177112881,1
"no_filter","No additional filter","ASV","f705e4d165dec3c5ba3e66524c38bd97","Type 4",5,0.00059021494447848,1
"no_filter","No additional filter","ASV","342ce74435d2330505ee013a1e0cfe40","Type 2",7,0.000826300922269872,1
"no_filter","No additional filter","ASV","58eb82260a9cf04183552f4c539e2fac","Type 2",29,0.00342324667797519,1
"no_filter","No additional filter","ASV","182f08a5f8b3df2f908bf09e19f52fd3","Type 4",6,0.000708257933374176,1
"no_filter","No additional filter","ASV","89da98e026f95be0d0882136a8a62273","Type 2",2,0.000236085977791392,1
"no_filter","No additional filter","ASV","b49c1c742ff9a26c0ce116574c094ea7","Type 2",6,0.000708257933374176,1
"no_filter","No additional filter","ASV","d8b64490de90a224be2172096edcb67b","Type 5",2,0.000236085977791392,1
"no_filter","No additional filter","ASV","a7382b45b4ef915003f6e6983632974f","Type 4",9,0.00106238690006126,1
"no_filter","No additional filter","ASV","c2daa0b5c2a7317f56dfaa76be32ed31","Type 4",4,0.000472171955582784,1
"no_filter","No additional filter","ASV","ec788ffe7eee824ad4c2d4519f2eb96b","Type 1",2,0.000236085977791392,1
"no_filter","No additional filter","ASV","eca7f723fb8b7b170b6f546b650537f7","Type 2",7,0.000826300922269872,1
"no_filter","No additional filter","ASV","dbeffb7f82ee18eb1ceb8b1498e6d41c","Type 1",2,0.000236085977791392,1
"no_filter","No additional filter","ASV","192b5f46669331a33a4e69968f0347fe","Type 3",10,0.00118042988895696,1
"no_filter","No additional filter","ASV","05d37805b3730a3c9ac6b618b86a83a9","Type 1",5,0.00059021494447848,1
"no_filter","No additional filter","ASV","e2d4f45d3899f6f32d4766e47a9fa6bc","Type 4",3,0.000354128966687088,1
"no_filter","No additional filter","ASV","0853eac5c72d1cc6dda46ba0adc6702d","Type 2",3,0.000354128966687088,1
"no_filter","No additional filter","ASV","4867aa6bdd47923accdfd2879b0264b0","Type 2",18,0.00212477380012253,1
"no_filter","No additional filter","ASV","f5f21d2e22ad9f2596f71e4ff8ff221f","Type 1",13,0.00153455885564405,1
"no_filter","No additional filter","ASV","4578c81fea983e84f02acc8211922cf8","Type 1",7,0.000826300922269872,1
"no_filter","No additional filter","ASV","aef4021e76e607ebdd9d8d5b45ffa697","Type 5",2,0.000236085977791392,1
"no_filter","No additional filter","ASV","1a5d61cad42594043813504f07efa89b","Type 4",17,0.00200673081122683,1
"no_filter","No additional filter","ASV","2421c9984878354728785f734e831028","Type 2",10,0.00118042988895696,1
"no_filter","No additional filter","ASV","4950417cc10ada1b2513b508df59b1b7","Type 2",12,0.00141651586674835,1
"no_filter","No additional filter","ASV","445eea06b6be0b566881509e3519af2d","Type 3",1,0.000118042988895696,1
"no_filter","No additional filter","ASV","b04b180fd74953401dc4f4f1e98497f2","Type 1",8,0.000944343911165568,1
"no_filter","No additional filter","ASV","6899a05aba1c79bb03f4b1df326b5884","Type 5",30,0.00354128966687088,1
"no_filter","No additional filter","ASV","b124769ff447213394e6b4c63b75643e","Type 2",6,0.000708257933374176,1
"no_filter","No additional filter","ASV","e0997687f441eb085c74026b3511c538","Type 5",4,0.000472171955582784,1
"no_filter","No additional filter","ASV","a235118c70582a793ff410702e286e4f","Type 3",9,0.00106238690006126,1
"no_filter","No additional filter","ASV","55129a90f08f521cd6bd80a65b8308fc","Type 3",2,0.000236085977791392,1
"no_filter","No additional filter","ASV","e4b53fcbab16efdab6bd1b083bdf4ad4","Type 1",2,0.000236085977791392,1
"no_filter","No additional filter","ASV","6da736775dbc119507f43d374d2141b7","Type 4",5,0.00059021494447848,1
"no_filter","No additional filter","ASV","1fe1d90a93ffe8b8c2b7b32be0e750ea","Type 2",16,0.00188868782233114,1
"no_filter","No additional filter","ASV","c42c55f29154e1d0bb607e59184c0bd9","Type 1",8,0.000944343911165568,1
"no_filter","No additional filter","ASV","b1633e72c2f662762747a3d0631568fa","Type 2",9,0.00106238690006126,1
"no_filter","No additional filter","ASV","b3da52d4ba852cd3fb415a88f5b09dba","Type 2",1,0.000118042988895696,1
"no_filter","No additional filter","ASV","171ce4c4e555daa02f9385c328fa0cc0","Type 4",10,0.00118042988895696,1
"no_filter","No additional filter","ASV","78d0ea93b8c18aa675140f67c25942b8","Type 2",2,0.000236085977791392,1
"no_filter","No additional filter","ASV","806198a51c28a0e3cbb56fd6251ea18e","Type 2",237,0.02797618836828,1
"no_filter","No additional filter","ASV","30d17b384b5e354005c2cb37d6aaf069","Type 3",20,0.00236085977791392,1
"no_filter","No additional filter","ASV","a36f517260cdac623044af72be907f03","Type 3",2,0.000236085977791392,1
"no_filter","No additional filter","ASV","4476b09b35077aaa3b41063d7674459c","Type 3",10,0.00118042988895696,1
"no_filter","No additional filter","ASV","abd916b960b81098025c1ca1755c6cc3","Type 3",5,0.00059021494447848,1
"no_filter","No additional filter","ASV","cc100181c853066f709adec38d43513f","Type 2",15,0.00177064483343544,1
"no_filter","No additional filter","ASV","b510eab43bc2ae3ce44ca3332afb6774","Type 5",40,0.00472171955582784,1
"no_filter","No additional filter","ASV","559106b3bbd8c2d297d6d5f711a844f3","Type 1",32,0.00377737564466227,1
"no_filter","No additional filter","ASV","52339211dcff0e2aad6ec943d7a6f42f","Type 2",3,0.000354128966687088,1
"no_filter","No additional filter","ASV","88d80123ff7536d4ae6a4e8fac6a8cbf","Type 1",4,0.000472171955582784,1
"no_filter","No additional filter","ASV","361e78ec8281b8b5778658feb2c35c73","Type 2",9,0.00106238690006126,1
"no_filter","No additional filter","ASV","a4bfcc56025d3266ec1c86c82e266e12","Type 2",13,0.00153455885564405,1
"no_filter","No additional filter","ASV","f93d5a2f3dd8a56a443bd171cd4baaa3","Type 4",6,0.000708257933374176,1
"no_filter","No additional filter","ASV","c16bda45083cf985cb674a0320788363","Type 3",2,0.000236085977791392,1
"no_filter","No additional filter","ASV","394b62243678d5f00cbfb8f1c4a6ee6d","Type 4",10,0.00118042988895696,1
"no_filter","No additional filter","ASV","27d89d9a727c3d0dc8eac7c9cee27753","Type 2",7,0.000826300922269872,1
"no_filter","No additional filter","ASV","f738f7392a415c4784cb337b46b5d6e7","Type 4",10,0.00118042988895696,1
"no_filter","No additional filter","ASV","2a3de43855767f6bbbfa179beae0cc3d","Type 4",15,0.00177064483343544,1
"no_filter","No additional filter","ASV","b5fa06fa3818be841d6dda8e2646337a","Type 5",9,0.00106238690006126,1
"no_filter","No additional filter","ASV","f7bb18a499d6fa02052d3be412895eb9","Type 1",2,0.000236085977791392,1
"no_filter","No additional filter","ASV","da903c8d827a0808b8325dd9585b5c08","Type 4",36,0.00424954760024506,2
"no_filter","No additional filter","ASV","8d8da6172e2c91f26a13e27dea7fcb95","Type 1",7,0.000826300922269872,1
"no_filter","No additional filter","ASV","1b11d7cc43f8639ae26a26f3469fb146","Type 4",4,0.000472171955582784,1
"no_filter","No additional filter","ASV","69bfb00d2a0c99b8f2daaf794398dc59","Type 3",5,0.00059021494447848,1
"no_filter","No additional filter","ASV","962f8dece2578f428c36f1a1fca2e116","Type 1",2,0.000236085977791392,1
"no_filter","No additional filter","ASV","6886135f924791346798da0fbe91c142","Type 1",2,0.000236085977791392,1
"no_filter","No additional filter","ASV","f74d3e35b55e74c8e5323eeb0f436f14","Type 5",2,0.000236085977791392,1
"no_filter","No additional filter","ASV","2eb5f39293ce179eff805fa32d12a432","Type 1",2,0.000236085977791392,1
"no_filter","No additional filter","ASV","34a73770962c02eda009df864d6349fe","Type 2",6,0.000708257933374176,1
"no_filter","No additional filter","ASV","94d3ada8c73a636337fccb769efa8b28","Type 3",7,0.000826300922269872,1
"no_filter","No additional filter","ASV","a2e29f5d7001469edc6a394262a51f75","Type 3",38,0.00448563357803645,1
"no_filter","No additional filter","ASV","3dfd0c705bd5232574b4a80d24624ca0","Type 1",9,0.00106238690006126,1
"no_filter","No additional filter","ASV","5e28fbbd337c610b6bc1e4b000c0342f","Type 3",14,0.00165260184453974,1
"no_filter","No additional filter","ASV","e50d17ad0dc1144b6adebdcc150f3b51","Type 5",6,0.000708257933374176,1
"no_filter","No additional filter","ASV","4dfbc855197fc7dfd8ce844507289950","Type 1",3,0.000354128966687088,1
"no_filter","No additional filter","ASV","159fc3b4063577ebdb18df214074e23d","Type 2",5,0.00059021494447848,1
"no_filter","No additional filter","ASV","8fa0171ff9cdc7f7e3d869c458a4a73a","Type 2",10,0.00118042988895696,1
"no_filter","No additional filter","ASV","5194d3d73493e349a90f8f90bcb90879","Type 4",13,0.00153455885564405,1
"no_filter","No additional filter","ASV","dc00c946e2dfb293b7d4c811398e4777","Type 4",23,0.00271498874460101,1
"no_filter","No additional filter","ASV","5c36b8f6dcdc559b68089f02b2522b58","Type 2",3,0.000354128966687088,1
"no_filter","No additional filter","ASV","e88a286330aceb3edb1a2174a9df7a76","Type 2",5,0.00059021494447848,1
"no_filter","No additional filter","ASV","2e7f99bf312559b90fd98bacce5842bb","Type 3",5,0.00059021494447848,1
"no_filter","No additional filter","ASV","7f5b8b74181f33975882d209091026fe","Type 4",7,0.000826300922269872,1
"no_filter","No additional filter","ASV","d4e3659f46c760f33a596b58a6a5fe92","Type 2",2,0.000236085977791392,1
"no_filter","No additional filter","ASV","2405876d8029ed6a0a56977efe809b10","Type 2",9,0.00106238690006126,1
"no_filter","No additional filter","ASV","ba31ef9f8a7bc0dfde7a5ea18b708b1b","Type 1",5,0.00059021494447848,1
"no_filter","No additional filter","ASV","c87dd6cb7414c19c293b06583c1a1fcf","Type 4",146,0.0172342763787716,2
"no_filter","No additional filter","ASV","d04eef70fe35854da85cc28a1e5841e7","Type 3",4,0.000472171955582784,1
"no_filter","No additional filter","ASV","d5aefd28a1cf55f766255eb8f137bb12","Type 1",5,0.00059021494447848,1
"no_filter","No additional filter","ASV","2f0e2baeebc3ec599da9affa4c3d4fa4","Type 4",6,0.000708257933374176,1
"no_filter","No additional filter","ASV","197708c5fa1f4f192f2e8ff6b62b7c56","Type 1",18,0.00212477380012253,1
"no_filter","No additional filter","ASV","a071ebd6c6a14e6b5e2ba76450b03426","Type 4",10,0.00118042988895696,1
"no_filter","No additional filter","ASV","8e924f645755507164e5f2c96faef2c7","Type 5",46,0.00542997748920202,1
"no_filter","No additional filter","ASV","2e604485d6fc45854513aafe2cf04de7","Type 1",14,0.00165260184453974,1
"no_filter","No additional filter","ASV","0dc806f76606ad108e0ad08c8beab95c","Type 3",9,0.00106238690006126,1
"no_filter","No additional filter","ASV","38bf850b309af2adf65528b91700e4e0","Type 1",10,0.00118042988895696,1
"no_filter","No additional filter","ASV","7f4dc360d64f42e122762c04a6711467","Type 4",35,0.00413150461134936,1
"no_filter","No additional filter","ASV","44cfe91f634ac6e94fda13eb917a8fa8","Type 3",7,0.000826300922269872,1
"no_filter","No additional filter","ASV","91f4d3bc4699112b7d614f6eaa8fc319","Type 4",10,0.00118042988895696,1
"no_filter","No additional filter","ASV","54a9e65e451cf74b38f68f5f9df57a90","Type 2",10,0.00118042988895696,1
"no_filter","No additional filter","ASV","a9480a90349bc089cd23be35e79ede4d","Type 1",4,0.000472171955582784,1
"no_filter","No additional filter","ASV","6619ef37ec6c8b9c228dece9742958e7","Type 3",5,0.00059021494447848,1
"no_filter","No additional filter","ASV","d715f64c7e64478d3ac7e282faa5b71a","Type 3",5,0.00059021494447848,1
"no_filter","No additional filter","ASV","d911e2b4ec6b2b8316a6b3f38ad7c4e1","Type 3",4,0.000472171955582784,1
"no_filter","No additional filter","ASV","9baa68fb1309a4162d6683ed8301bc83","Type 1",4,0.000472171955582784,1
"no_filter","No additional filter","ASV","2317d8ffaae93dd8bffab9cc47517b22","Type 3",2,0.000236085977791392,1
"no_filter","No additional filter","ASV","dc882ed973b3d22fe5cea9e0ed3d6149","Type 2",6,0.000708257933374176,1
"no_filter","No additional filter","ASV","bf9bcaa5c4113026df93c63bfa952e2e","Type 1",8,0.000944343911165568,1
"no_filter","No additional filter","ASV","9ba7d7dbe0a97e4eae7f5fa4d7a37a92","Type 4",26,0.0030691177112881,1
"no_filter","No additional filter","ASV","0390e2d2331cc4447e292976cdda44c6","Type 3",5,0.00059021494447848,1
"no_filter","No additional filter","ASV","29426558992083b53aba3b5adfb62ebc","Type 2",11,0.00129847287785266,1
"no_filter","No additional filter","ASV","67dcdf31d230c78bd7e684e75041774c","Type 2",1,0.000118042988895696,1
"no_filter","No additional filter","ASV","465f576335459b7e85eb4d884f3c21a6","Type 1",10,0.00118042988895696,1
"no_filter","No additional filter","ASV","ba8701786dd5145e1e78aa9462e90ea5","Type 2",2,0.000236085977791392,1
"no_filter","No additional filter","ASV","d67af5c15f2b9b9021e18ee618d94621","Type 1",2,0.000236085977791392,1
"no_filter","No additional filter","ASV","6edd81961b737887dc6ee37dab7b0c78","Type 2",3,0.000354128966687088,1
"no_filter","No additional filter","ASV","fadf24138f6bd36ac33ba59dafc1be2b","Type 5",4,0.000472171955582784,1
"no_filter","No additional filter","ASV","ed198d2e3e59eb9b4f0cef8d45e05e98","Type 2",10,0.00118042988895696,1
"no_filter","No additional filter","ASV","6d578884c58364aaef611bbe7f47db98","Type 2",4,0.000472171955582784,1
"no_filter","No additional filter","ASV","38ce145ffdcca956e2be1b6f332f8afb","Type 4",17,0.00200673081122683,1
"no_filter","No additional filter","ASV","95b27d25da821a02c5c28e123bcf27ee","Type 4",6,0.000708257933374176,1
"no_filter","No additional filter","ASV","71ddab1f3aa488f911f2b333353e2f78","Type 3",8,0.000944343911165568,1
"no_filter","No additional filter","ASV","8513c3d7e955e463f8fb4b0e3f8ca6b0","Type 4",5,0.00059021494447848,1
"no_filter","No additional filter","ASV","6d43d9b2005cd5026897e1fdf62de5e0","Type 4",2,0.000236085977791392,1
"no_filter","No additional filter","ASV","6e84be0d93bffb85cad87ffe27fc41f9","Type 3",14,0.00165260184453974,1
"no_filter","No additional filter","ASV","524d029de09846e4fa256406afc349fb","Type 4",23,0.00271498874460101,1
"no_filter","No additional filter","ASV","80d12d55b69a7148a1c604c708497cf5","Type 3",12,0.00141651586674835,1
"no_filter","No additional filter","ASV","064808b3bdc66e68a5042f86de1c828b","Type 1",8,0.000944343911165568,1
"no_filter","No additional filter","ASV","b6490793b61729fade75800b9a5746ab","Type 1",6,0.000708257933374176,1
"no_filter","No additional filter","ASV","9b21b487cca15d9243173e6003fe5f67","Type 4",12,0.00141651586674835,1
"no_filter","No additional filter","ASV","f8e719549495b584e09aed57e8d9b853","Type 4",27,0.00318716070018379,1
"no_filter","No additional filter","ASV","db9c46272955268b239e5d89618d7ac1","Type 3",8,0.000944343911165568,1
"no_filter","No additional filter","ASV","aeecfb2e13eb0e176bff7d58e44422f9","Type 1",9,0.00106238690006126,1
"no_filter","No additional filter","ASV","259733dd148441d7853462e466b51c86","Type 2",6,0.000708257933374176,1
"no_filter","No additional filter","ASV","4e9ca07dcaec7e38e8c0689eb78540e3","Type 3",11,0.00129847287785266,1
"no_filter","No additional filter","ASV","3ad295c6211d7d1d4a2801931ee6bf10","Type 1",2,0.000236085977791392,1
"no_filter","No additional filter","ASV","21967f8f24338037507b06be0cbaa356","Type 4",27,0.00318716070018379,1
"no_filter","No additional filter","ASV","25883ae34f8f54c40b34e0cad04a3d79","Type 4",12,0.00141651586674835,1
"no_filter","No additional filter","ASV","77e8be75de6bea05ba46fb76b7851b3e","Type 3",2,0.000236085977791392,1
"no_filter","No additional filter","ASV","86d9f851fe319e04da6496f277487456","Type 3",4,0.000472171955582784,1
"no_filter","No additional filter","ASV","7755f9e403c33124da42862820e8c679","Type 3",12,0.00141651586674835,1
"no_filter","No additional filter","ASV","713362abd8c4912d6c7d4caa1e766625","Type 3",14,0.00165260184453974,1
"no_filter","No additional filter","ASV","24c6238a8c6c4f5aa2132d8eed897c49","Type 4",8,0.000944343911165568,1
"no_filter","No additional filter","ASV","d2b0b2aee1af0c2d0b268bbdd47e2924","Type 2",6,0.000708257933374176,1
"no_filter","No additional filter","ASV","d78c7661f8e59acd50c80e8f2fd19582","Type 5",18,0.00212477380012253,1
"no_filter","No additional filter","ASV","c9b3032f54d5eae836e9bbc111d61d57","Type 1",10,0.00118042988895696,1
"no_filter","No additional filter","ASV","c89aa29e55284c3120bbcee0177c18b9","Type 1",11,0.00129847287785266,1
"no_filter","No additional filter","ASV","c0948aae3210c6d223a5b3ac7bc18fb0","Type 2",8,0.000944343911165568,1
"no_filter","No additional filter","ASV","aa746099ad73c67aac56c81536549595","Type 5",6,0.000708257933374176,1
"no_filter","No additional filter","ASV","0292fe4fc7ceb111535dbc8e5481e4ef","Type 4",2,0.000236085977791392,1
"no_filter","No additional filter","ASV","6b7efa0e9316c73a761ce50072e793e0","Type 4",6,0.000708257933374176,1
"no_filter","No additional filter","ASV","7515c96cc69c940c2521d2ed4ac90adc","Type 4",11,0.00129847287785266,1
"no_filter","No additional filter","ASV","2dbd98fb55c7a397dbf9cec96b414402","Type 3",1,0.000118042988895696,1
"no_filter","No additional filter","ASV","4518e5b3f462a669d90839f07bd8c881","Type 2",11,0.00129847287785266,1
"no_filter","No additional filter","ASV","ffde2e127ee19520b21b0f14960a04ff","Type 3",5,0.00059021494447848,1
"no_filter","No additional filter","ASV","88c12dc6783f8e3d4f70915ccea5afa2","Type 4",6,0.000708257933374176,1
"no_filter","No additional filter","ASV","dcf66aa40723a77eaf2bb42cb2c63f73","Type 5",13,0.00153455885564405,1
"no_filter","No additional filter","ASV","2ecc0b870147bc1217c1aee086a992ac","Type 2",1,0.000118042988895696,1
"no_filter","No additional filter","ASV","365d57bb9aef35d31fbdb8e8f2befa2c","Type 1",8,0.000944343911165568,1
"no_filter","No additional filter","ASV","2401c1b266c99cda06bc79fb6687921f","Type 4",6,0.000708257933374176,1
"no_filter","No additional filter","ASV","292254d46addbc010ae77b2aad22c07b","Type 5",3,0.000354128966687088,1
"no_filter","No additional filter","ASV","5d1abae0ddf6cad89306c550da27be60","Type 4",3,0.000354128966687088,1
"no_filter","No additional filter","ASV","a0e8eab23d890bdb4d706245cbda0a99","Type 4",10,0.00118042988895696,1
"no_filter","No additional filter","ASV","571796b579f51b838556444d4599a8c0","Type 3",45,0.00531193450030632,1
"no_filter","No additional filter","ASV","4258c6c64aca78ba88e04777b085006b","Type 3",113,0.0133388577452137,1
"no_filter","No additional filter","ASV","7a29274b08e0c86257462279e0fded28","Type 2",22,0.00259694575570531,1
"no_filter","No additional filter","ASV","18beac96a738809dd3343f116a7fc6af","Type 3",25,0.0029510747223924,1
"no_filter","No additional filter","ASV","5790e1e15de07d485fae866bfee8fda1","Type 4",38,0.00448563357803645,1
"no_filter","No additional filter","ASV","2f898db914a4f4668a6709c060ebb17d","Type 1",9,0.00106238690006126,1
"no_filter","No additional filter","ASV","a6f840179ecb06b192f20dee0ce94dcb","Type 3",2,0.000236085977791392,1
"no_filter","No additional filter","ASV","95386ab3e65783e770e228a0377c8f91","Type 4",13,0.00153455885564405,1
"no_filter","No additional filter","ASV","5b04edef9b82afc7117ea860c16afc36","Type 5",3,0.000354128966687088,1
"no_filter","No additional filter","ASV","f89333bac73fb076475c957c48bf7be7","Type 2",20,0.00236085977791392,1
"no_filter","No additional filter","ASV","1c5cbc4c70c0adce05dc8d32013fe389","Type 2",15,0.00177064483343544,1
"no_filter","No additional filter","ASV","261dfeeb6c011ef257861b2a0fe3bb7d","Type 4",33,0.00389541863355797,1
"no_filter","No additional filter","ASV","114f5b7e8e105cf4463573379e587a3d","Type 5",12,0.00141651586674835,1
"no_filter","No additional filter","ASV","4bc02855bc9103c3cefe6618e25ac388","Type 4",9,0.00106238690006126,1
"no_filter","No additional filter","ASV","7a11a8eede759e61bc64992e24574c0d","Type 5",1,0.000118042988895696,1
"no_filter","No additional filter","ASV","e6e7238668c9f53d71a928d2f5ec64ea","Type 5",44,0.00519389151141063,1
"no_filter","No additional filter","ASV","27c0f32b9443b430537b7105ac5d2abb","Type 1",43,0.00507584852251493,2
"no_filter","No additional filter","ASV","f58910ce86da8d491a9fd8f316d2d009","Type 2",24,0.0028330317334967,1
"no_filter","No additional filter","ASV","0a7438128275631ea3dca679ef253bd8","Type 4",3,0.000354128966687088,1
"no_filter","No additional filter","ASV","8dcc053ed353d5f57bd69f09ae86f681","Type 2",16,0.00188868782233114,1
"no_filter","No additional filter","ASV","513814ca332d29f7baeeacb394bee500","Type 4",21,0.00247890276680962,1
"no_filter","No additional filter","ASV","2139c54715292f361b7667dd029bbfef","Type 5",9,0.00106238690006126,1
"no_filter","No additional filter","ASV","2b1312d5bdf27bcb4a10a2b0a71ed4ea","Type 4",15,0.00177064483343544,1
"no_filter","No additional filter","ASV","e973c53765ca51a9cf2bd8b4cfe77432","Type 2",38,0.00448563357803645,1
"no_filter","No additional filter","ASV","9a17e6bc287dd490ce1e540c1105c055","Type 5",1,0.000118042988895696,1
"no_filter","No additional filter","ASV","14d41dfdcd208cddb2621b948a385d9b","Type 1",6,0.000708257933374176,1
"no_filter","No additional filter","ASV","fea08f3d3208380d39bd5c9d842dc3a7","Type 3",2,0.000236085977791392,1
"no_filter","No additional filter","ASV","07f823ed91fe424a88e175a9101db80f","Type 3",13,0.00153455885564405,1
"no_filter","No additional filter","ASV","c493d201095c536f779a875aa81eb785","Type 3",19,0.00224281678901822,1
"no_filter","No additional filter","ASV","5047a68b8052130e1c1f7a1393b98b25","Type 2",6,0.000708257933374176,1
"no_filter","No additional filter","ASV","e3208b1a8f4d52124ad74f927bbb47b9","Type 3",1,0.000118042988895696,1
"no_filter","No additional filter","ASV","baf20e75c800bdc6ea7102446cb62004","Type 2",9,0.00106238690006126,1
"no_filter","No additional filter","ASV","2b958f618a93c43c95ed97a27dbf99c1","Type 5",29,0.00342324667797519,1
"no_filter","No additional filter","ASV","33f47e71a6bd90240260dbf02628d005","Type 1",5,0.00059021494447848,1
"no_filter","No additional filter","ASV","1b2a69ff3303682dfb28d1a94ed10422","Type 5",1,0.000118042988895696,1
"no_filter","No additional filter","ASV","25bd1f0337adb3b810bea819517f633d","Type 5",1,0.000118042988895696,1
"no_filter","No additional filter","ASV","728a3416cbccecfa8bc1ba3887e95291","Type 2",5,0.00059021494447848,1
"no_filter","No additional filter","ASV","252e53ae583e13acb3c82cbb37693975","Type 5",52,0.00613823542257619,1
"no_filter","No additional filter","ASV","6dfb3d3d89238d192403129b1d722369","Type 5",7,0.000826300922269872,1
"no_filter","No additional filter","ASV","765efc4daa162f7796da7e9afc482f8d","Type 3",8,0.000944343911165568,1
"no_filter","No additional filter","ASV","970b9035dc044bbada421946a4d1b38f","Type 4",17,0.00200673081122683,1
"no_filter","No additional filter","ASV","e3cf88a0fc4731af23d477c14f7f8de6","Type 2",23,0.00271498874460101,1
"no_filter","No additional filter","ASV","1d8fed6dd05137176cb30c3d1d39b927","Type 4",1,0.000118042988895696,1
"no_filter","No additional filter","ASV","9bab88ebfd3b8feedc0728fa1b783b93","Type 4",1,0.000118042988895696,1
"no_filter","No additional filter","ASV","46b0ba5afe1e2b9268573006c628405a","Type 3",11,0.00129847287785266,1
"no_filter","No additional filter","ASV","bff2858a173d483d7604323d8fc9a6e9","Type 4",55,0.00649236438926328,1
"no_filter","No additional filter","ASV","9ac455d7d7a26fed46036043403628e6","Type 4",34,0.00401346162245367,1
"no_filter","No additional filter","ASV","3a5562c342a4a4f807146f173e3b4913","Type 4",2,0.000236085977791392,1
"no_filter","No additional filter","ASV","61479088ae969146b1c6215012f4516d","Type 4",9,0.00106238690006126,1
"no_filter","No additional filter","ASV","45d5e71e89034244990f9ff6f3d7c6b2","Type 3",7,0.000826300922269872,1
"no_filter","No additional filter","ASV","6833f4ed5654eae9a6d6c4b4de5489b2","Type 4",12,0.00141651586674835,1
"no_filter","No additional filter","ASV","205d71d561e7e3a2870a906fe6fc7cd3","Type 4",21,0.00247890276680962,1
"no_filter","No additional filter","ASV","1915ee9cf12b68e7edf6a6acab0db930","Type 1",30,0.00354128966687088,1
"no_filter","No additional filter","ASV","6d2f7a03aef50fc495630619a382349b","Type 3",13,0.00153455885564405,1
"no_filter","No additional filter","ASV","c48f2a17c433810ec8fb4e5d8ee33f69","Type 3",3,0.000354128966687088,1
"no_filter","No additional filter","ASV","7eb171e8579b3b8ab42f847fa83ce3e6","Type 3",1,0.000118042988895696,1
"no_filter","No additional filter","ASV","42037eaa17824b063355a1c081dec5a9","Type 4",23,0.00271498874460101,1
"no_filter","No additional filter","ASV","bcf42d28214e96c79ad0a1a24ba990d3","Type 3",8,0.000944343911165568,1
"no_filter","No additional filter","ASV","5b5004f1edaf4317043a5cf9b1521fbc","Type 3",3,0.000354128966687088,1
"no_filter","No additional filter","ASV","caa6adce81c3a5954e76fa1b4ed6b79c","Type 3",9,0.00106238690006126,1
"no_filter","No additional filter","ASV","c3a9e38aa7cfaeda712180e3a0d4d409","Type 3",4,0.000472171955582784,1
"no_filter","No additional filter","ASV","ff6c13969bf904d1847a3dcfacbca45b","Type 4",34,0.00401346162245367,1
"no_filter","No additional filter","ASV","e5dae6cee5e6cd3c558af8a949b7f84f","Type 3",2,0.000236085977791392,1
"no_filter","No additional filter","ASV","54033fad6f3e52cd283ee2acbcb08a4a","Type 3",2,0.000236085977791392,1
"no_filter","No additional filter","ASV","20da663dcf44899a4bc0758948c51ced","Type 4",30,0.00354128966687088,1
"no_filter","No additional filter","ASV","8940cf1d849ca98ee38e7835fdf32ddf","Type 2",8,0.000944343911165568,1
"no_filter","No additional filter","ASV","c8f0916f6fd2f533a204b73879084a4f","Type 1",16,0.00188868782233114,1
"no_filter","No additional filter","ASV","2235fb3906484370e48c37388c4cd746","Type 3",100,0.0118042988895696,1
"no_filter","No additional filter","ASV","488029799c26f2d7eaf7df8899ad7c34","Type 2",10,0.00118042988895696,1
"no_filter","No additional filter","ASV","79c2d824228c4d17533d54fa05f593ed","Type 5",20,0.00236085977791392,1
"no_filter","No additional filter","ASV","79efcc373159c11685c8a7343b8e0cd9","Type 5",13,0.00153455885564405,1
"no_filter","No additional filter","ASV","3b7c4353c33312c1da4f2d75073de0f2","Type 5",2,0.000236085977791392,1
"no_filter","No additional filter","ASV","cbb091b5e5b0289d04c52c93172f0400","Type 5",9,0.00106238690006126,1
"no_filter","No additional filter","ASV","8579cd8aedc5e66f7f61066a10427a19","Type 5",5,0.00059021494447848,1
"no_filter","No additional filter","ASV","03007c3b04e8630cb1d7defdc4f86849","Type 3",12,0.00141651586674835,1
"no_filter","No additional filter","ASV","9fb4d1ef56025a3efd044096543a3686","Type 1",8,0.000944343911165568,1
"no_filter","No additional filter","ASV","f17828dfd2e7bc70c218888572121f2d","Type 1",4,0.000472171955582784,1
"no_filter","No additional filter","ASV","867ea09fd0e8bc911475f9097bd2e57d","Type 3",2,0.000236085977791392,1
"no_filter","No additional filter","ASV","5a0cb3cb3df94386cc4e784b806c7b31","Type 5",2,0.000236085977791392,1
"no_filter","No additional filter","ASV","7fdc9b3e5db83685131c1bfe658ba546","Type 4",1,0.000118042988895696,1
"no_filter","No additional filter","ASV","c9719d7b6ee2b4223177b37ae2539af8","Type 5",1,0.000118042988895696,1
"no_filter","No additional filter","ASV","ed75f176ef3a36da1b63ac18f8893b08","Type 5",33,0.00389541863355797,1
"no_filter","No additional filter","ASV","693d7cbdb239aadc175ee647e29bddfb","Type 2",24,0.0028330317334967,1
"no_filter","No additional filter","ASV","041a808460c3e20eb708113a5ae6533d","Type 1",478,0.0564245486921427,1
"no_filter","No additional filter","ASV","d300fc435576f64ba7bdfeef68127764","Type 5",61,0.00720062232263746,1
"no_filter","No additional filter","ASV","d7889727bd45ae5ba27667cf1b4fef8d","Type 1",71,0.00838105221159442,1
"no_filter","No additional filter","ASV","39069292e69646e1707492e13f9afcaa","Type 4",6,0.000708257933374176,1
"no_filter","No additional filter","ASV","061919e0500413f539e74dc52e526690","Type 1",8,0.000944343911165568,1
"no_filter","No additional filter","ASV","4961a9855736776cbb628fcf27ee7f72","Type 5",3,0.000354128966687088,1
"no_filter","No additional filter","ASV","42a737ec9a1e7f58a5917bf94bba2d84","Type 4",31,0.00365933265576658,1
"no_filter","No additional filter","ASV","5a51147364ea7b339eaeabcac1987935","Type 1",4,0.000472171955582784,1
"no_filter","No additional filter","ASV","832aedcbf2437f36f31de8cb5fa5d7e4","Type 3",10,0.00118042988895696,1
"no_filter","No additional filter","ASV","f5962e8ecbacc53879e39e3c720663b7","Type 1",2,0.000236085977791392,1
"no_filter","No additional filter","ASV","c3241e1fde3826e45858fd4cd3f070d5","Type 5",32,0.00377737564466227,1
"no_filter","No additional filter","ASV","f80312dff7be1af70a4ee5966a53edf0","Type 3",19,0.00224281678901822,1
"no_filter","No additional filter","ASV","69163bca9e57b41a6f236660584bbde1","Type 1",12,0.00141651586674835,1
"no_filter","No additional filter","ASV","8d3243f2860964ff8177daf941fb6068","Type 4",8,0.000944343911165568,1
"no_filter","No additional filter","ASV","1a917b265c943f0b7fe898239bb29ed5","Type 5",6,0.000708257933374176,1
"no_filter","No additional filter","ASV","197e56f36102f34e0cc3d08ecf8eb788","Type 1",1,0.000118042988895696,1
"no_filter","No additional filter","ASV","438ca565cc749b79a0e6304fe1a014e9","Type 5",33,0.00389541863355797,2
"no_filter","No additional filter","ASV","c8827998db164736b8734bd3d57c3bb6","Type 3",2,0.000236085977791392,1
"no_filter","No additional filter","ASV","392e7b946a7fcf0542dd68a03992cf87","Type 4",17,0.00200673081122683,1
"no_filter","No additional filter","ASV","3573d917a9a8d04c8bd2b4d1fc5a4583","Type 3",28,0.00330520368907949,1
"no_filter","No additional filter","ASV","0c90653a613ae78a5c66c3cf0d1357e8","Type 3",2,0.000236085977791392,1
"no_filter","No additional filter","ASV","e7dae3ddbaa7236216f2d85fb2360a2d","Type 1",2,0.000236085977791392,1
"no_filter","No additional filter","ASV","79ab60724f24643048b657b079f00b4b","Type 4",29,0.00342324667797519,1
"no_filter","No additional filter","ASV","81cd1ad8b3129853d4b93d589a58bf71","Type 5",3,0.000354128966687088,1
"no_filter","No additional filter","ASV","2090db0b05f31f943b03de34379ddc88","Type 2",8,0.000944343911165568,1
"no_filter","No additional filter","ASV","d53efbaefdb192ae227af8921a237ae0","Type 1",5,0.00059021494447848,1
"no_filter","No additional filter","ASV","3c480d73079ac5a6b775440d5e03d48f","Type 2",9,0.00106238690006126,1
"no_filter","No additional filter","ASV","ebf6d6884f5c267267b55b6f5a80d82b","Type 3",3,0.000354128966687088,1
"no_filter","No additional filter","ASV","db1eed5f4468a43728a2836a815a8c74","Type 3",35,0.00413150461134936,1
"no_filter","No additional filter","ASV","8b1ffe59e74ca2775e9ad9276e27474d","Type 3",10,0.00118042988895696,1
"no_filter","No additional filter","ASV","d80fa7424b67bb3c3c4782b972eb47a9","Type 4",17,0.00200673081122683,1
"no_filter","No additional filter","ASV","60cc5f83c58be9a911d98b9cece063bb","Type 3",10,0.00118042988895696,1
"no_filter","No additional filter","ASV","81367a807dd852ad2b2773da44de5f53","Type 3",12,0.00141651586674835,1
"no_filter","No additional filter","ASV","3ee6d540c94dd48932c569e06e902e95","Type 4",16,0.00188868782233114,1
"no_filter","No additional filter","ASV","c333b4ead34da146d83e5af854f37340","Type 2",13,0.00153455885564405,1
"no_filter","No additional filter","ASV","5bee6c3b392ee80f49cd7dffd55f73b4","Type 2",9,0.00106238690006126,1
"no_filter","No additional filter","ASV","942cb33da7b46a8135de90c240d29894","Type 3",14,0.00165260184453974,1
"no_filter","No additional filter","ASV","f7734641299f704d4883f5df11e8e3ab","Type 2",24,0.0028330317334967,1
"no_filter","No additional filter","ASV","9d388ae42870966dcd11c7e9259bae83","Type 4",27,0.00318716070018379,1
"no_filter","No additional filter","ASV","84cae0263e452705044554c138632cf9","Type 5",6,0.000708257933374176,1
"no_filter","No additional filter","ASV","87f3aa8bb07c74fde7495dd9091ad564","Type 1",9,0.00106238690006126,1
"no_filter","No additional filter","ASV","63c14b6462cea84fa884444d6e615682","Type 4",16,0.00188868782233114,1
"no_filter","No additional filter","ASV","b8dd5f168b77cf3938e7d127da05e267","Type 4",1,0.000118042988895696,1
"no_filter","No additional filter","ASV","5fda651427bb74e5962596d6096008a2","Type 4",1,0.000118042988895696,1
"no_filter","No additional filter","ASV","737f15456d8782456b2d534cf58147d8","Type 4",1,0.000118042988895696,1
"no_filter","No additional filter","ASV","c7cac901fe0724476eb3f489e182793c","Type 3",86,0.0101516970450299,1
"no_filter","No additional filter","ASV","b094b1184aedb2687c38cbbd8efcf4d6","Type 5",11,0.00129847287785266,1
"no_filter","No additional filter","ASV","20c032fd73c325ca9fd5bf4e433479f1","Type 2",66,0.00779083726711594,1
"no_filter","No additional filter","ASV","a90c55d5aa730153ab9a15102189ec67","Type 2",32,0.00377737564466227,1
"no_filter","No additional filter","ASV","328123ac8b27b6acb3cedaa89b2b0156","Type 2",12,0.00141651586674835,1
"no_filter","No additional filter","ASV","2d6211651bac81782276e9c246d6e870","Type 4",34,0.00401346162245367,1
"no_filter","No additional filter","ASV","3feaa348a4888eaf1f0d479b540b88b5","Type 4",17,0.00200673081122683,1
"no_filter","No additional filter","ASV","5e8307af252a951e1a2bb37a2f5db3fd","Type 5",1,0.000118042988895696,1
"no_filter","No additional filter","ASV","a8b3bc25431d9974d2db9499f0ebdf1e","Type 2",6,0.000708257933374176,1
"no_filter","No additional filter","ASV","303fed95dacebfe326c22601533e609a","Type 1",28,0.00330520368907949,1
"no_filter","No additional filter","ASV","28dfd726413f2bb5c6f134755edb5a53","Type 2",35,0.00413150461134936,1
"no_filter","No additional filter","ASV","7e1bc7d60bfc071968f2f3a29adfb3ad","Type 4",13,0.00153455885564405,1
"no_filter","No additional filter","ASV","8a5697dd780d03c6e76c591668969c2e","Type 4",20,0.00236085977791392,1
"no_filter","No additional filter","ASV","8fbaeefd5b553e547dad8ef5a902fc74","Type 1",9,0.00106238690006126,1
"no_filter","No additional filter","ASV","2d987778bfe227e69fa48a830eb88442","Type 2",36,0.00424954760024506,1
"no_filter","No additional filter","ASV","bb54a9e14ffd0b7cd7deb49303b7f181","Type 5",1,0.000118042988895696,1
"no_filter","No additional filter","ASV","028568e36388c5b4f1038ac3a0e5b41a","Type 3",2,0.000236085977791392,1
"no_filter","No additional filter","ASV","5a0a19860364041631fefcc14384dbd0","Type 3",5,0.00059021494447848,1
"no_filter","No additional filter","ASV","b754ef14111a017b70a7f6628679a63a","Type 3",1,0.000118042988895696,1
"no_filter","No additional filter","ASV","f79759b7768e60a8936b98b00b75b012","Type 2",3,0.000354128966687088,1
"no_filter","No additional filter","ASV","396e08b4aed1c91c9d0d09d3af7e285d","Type 3",2,0.000236085977791392,1
"no_filter","No additional filter","ASV","3041383b31ef66edad85399cddbb6b72","Type 1",3,0.000354128966687088,1
"no_filter","No additional filter","ASV","ea35a07daa408792bb78f4144d58cc5a","Type 5",1,0.000118042988895696,1
"no_filter","No additional filter","ASV","03c99fa6ee89916ff46dbf379270d4a9","Type 2",1,0.000118042988895696,1
"no_filter","No additional filter","ASV","00256a69ad6125640f1c1d1cafc75f64","Type 5",1,0.000118042988895696,1
"no_filter","No additional filter","ASV","afe64ebab4490cc2d887aaaa2d56749e","Type 5",1,0.000118042988895696,1
"no_filter","No additional filter","ASV","12e0e422ca85e3f9094f0a1f1fc84202","Type 1",1,0.000118042988895696,1
"no_filter","No additional filter","ASV","58bbd93746f85e46d895f534a1e1c280","Type 2",1,0.000118042988895696,1
"no_filter","No additional filter","ASV","240e2fecf86e39257ba396eb1e54b58d","Type 5",2,0.000236085977791392,1
"no_filter","No additional filter","ASV","e7d8136a34a87fc24701d2adcc3c8841","Type 2",9,0.00106238690006126,1
"no_filter","No additional filter","ASV","907edc601daefe405c3cfc339d4191e7","Type 3",7,0.000826300922269872,1
"no_filter","No additional filter","ASV","56780775e0997dd7164499d8ac2ae196","Type 2",13,0.00153455885564405,1
"no_filter","No additional filter","ASV","59f794c8e02a45d3ed93eb18cf67f109","Type 2",8,0.000944343911165568,1
"no_filter","No additional filter","ASV","e9628b0e86930f97147b644bdcdb852a","Type 4",13,0.00153455885564405,1
"no_filter","No additional filter","ASV","24c9f3fa89464230c405e38207fb7e4a","Type 3",8,0.000944343911165568,1
"no_filter","No additional filter","ASV","e17026a5703195ae1e6c2a131e711da1","Type 4",11,0.00129847287785266,1
"no_filter","No additional filter","ASV","a7d9971933464c058e7ddf37d6fbb983","Type 2",9,0.00106238690006126,1
"no_filter","No additional filter","ASV","48a4d28972bdbd103ebad8d6e2ff59c6","Type 4",40,0.00472171955582784,1
"no_filter","No additional filter","ASV","6e6b82bd14f8062c528ed123df7552b9","Type 3",16,0.00188868782233114,1
"no_filter","No additional filter","ASV","d96f30c5b1cfccd1f824526c93d529c6","Type 1",23,0.00271498874460101,1
"no_filter","No additional filter","ASV","124328b31c5c9882157e107c7351c97c","Type 2",5,0.00059021494447848,1
"no_filter","No additional filter","ASV","27780e3e86b02295e4137a6ec11406cc","Type 3",38,0.00448563357803645,1
"no_filter","No additional filter","ASV","224384c85de463e715399a909c988814","Type 4",34,0.00401346162245367,1
"no_filter","No additional filter","ASV","ac037e552a40bb49dae4dc77882fdefc","Type 4",12,0.00141651586674835,1
"no_filter","No additional filter","ASV","063fa097cb070f3eff4ae0029c835d82","Type 1",30,0.00354128966687088,1
"no_filter","No additional filter","ASV","9d7e2e97d0a55063e270d2fab8e2c473","Type 3",7,0.000826300922269872,1
"no_filter","No additional filter","ASV","68e695ada04f4c53d7694aca07473f93","Type 3",5,0.00059021494447848,1
"no_filter","No additional filter","ASV","b0e74d9adbe8a3059080bf03e65ed7ed","Type 3",14,0.00165260184453974,1
"no_filter","No additional filter","ASV","6212d89a09f592e5b8afd485f390a517","Type 3",11,0.00129847287785266,1
"no_filter","No additional filter","ASV","fe2511ea3e1cfe30c22a8f0c82808f91","Type 5",101,0.0119223418784653,1
"no_filter","No additional filter","ASV","ede29806790ba9151d7521ed8e736adf","Type 3",9,0.00106238690006126,1
"no_filter","No additional filter","ASV","f6ae3a0effeabd5cd200d23678342421","Type 5",38,0.00448563357803645,1
"no_filter","No additional filter","ASV","dbebc4ce8918ea22d191eea699b3646c","Type 3",41,0.00483976254472354,1
"no_filter","No additional filter","ASV","c576fd6e6769c025c51517cda620e3b8","Type 3",9,0.00106238690006126,1
"no_filter","No additional filter","ASV","8e6ef49c3f1dd92702eea457f945ebce","Type 3",1,0.000118042988895696,1
"no_filter","No additional filter","ASV","81bd7f502e6889c4cca8a91a62ea2e01","Type 4",23,0.00271498874460101,1
"no_filter","No additional filter","ASV","c417719a8541d7416a0e030b1133088d","Type 3",1,0.000118042988895696,1
"no_filter","No additional filter","ASV","c260bbd5d1d8a9597fb85e7b58b540e4","Type 2",31,0.00365933265576658,1
"no_filter","No additional filter","ASV","8179e14ffc901e02a8fb5b503377892d","Type 4",16,0.00188868782233114,1
"no_filter","No additional filter","ASV","f1bd466e120acbcefb1c87aff71bbdd6","Type 1",4,0.000472171955582784,1
"no_filter","No additional filter","ASV","577f945fb998727cfdcd0ada622929da","Type 5",14,0.00165260184453974,1
"no_filter","No additional filter","ASV","610569128de2506ec2eaef18e70e6b8b","Type 5",19,0.00224281678901822,1
"no_filter","No additional filter","ASV","d70a7746d155cfcc8137c6c386e721a6","Type 4",399,0.0470991525693827,1
"no_filter","No additional filter","ASV","eaecf374665397d98dd8cc4985d15f53","Type 2",8,0.000944343911165568,1
"no_filter","No additional filter","ASV","aa99c591f8846f63d0e80d48040735ed","Type 2",4,0.000472171955582784,1
"no_filter","No additional filter","ASV","29f59b56409a7eba26d5f94b8a66d312","Type 4",4,0.000472171955582784,1
"no_filter","No additional filter","ASV","eeae8585234714b66602120b3191bc7a","Type 3",1,0.000118042988895696,1
"no_filter","No additional filter","ASV","df92a5ba11df3741e12b85424169f6d7","Type 2",22,0.00259694575570531,1
"no_filter","No additional filter","ASV","5c7e32965db9626f18265be50a2daa92","Type 4",7,0.000826300922269872,1
"no_filter","No additional filter","ASV","1ded7a95822d98cfc2e9255f28fdc9b3","Type 3",23,0.00271498874460101,1
"no_filter","No additional filter","ASV","bc307d78bf0630c7f884bcf44a3fc42f","Type 5",8,0.000944343911165568,1
"no_filter","No additional filter","ASV","6938c2e8f42da1ed9788a2b56c67c847","Type 5",7,0.000826300922269872,1
"no_filter","No additional filter","ASV","09b4d604d624149b680ffb1608aa8f38","Type 5",85,0.0100336540561342,1
"no_filter","No additional filter","ASV","c9c815e4af94c349c90ddd03e0a45ebd","Type 4",69,0.00814496623380303,1
"no_filter","No additional filter","ASV","7cc18d4b688c5c742a37c7cfe064ddbb","Type 4",9,0.00106238690006126,1
"no_filter","No additional filter","ASV","17618d30345af08db47a437155a82f4c","Type 2",1,0.000118042988895696,1
"no_filter","No additional filter","ASV","2e695995cf390a528fef63f17881e82c","Type 2",41,0.00483976254472354,1
"no_filter","No additional filter","ASV","842e03512329c6a9d03d1f232689e0f5","Type 1",5,0.00059021494447848,1
"no_filter","No additional filter","ASV","def2dd3f0408f44c8c2660e67114a2be","Type 1",5,0.00059021494447848,1
"no_filter","No additional filter","ASV","4d211254d47577c8ff39c6b73f6c10b2","Type 3",3,0.000354128966687088,1
"no_filter","No additional filter","ASV","778a29769920b5cb04ac69a565aa87c0","Type 2",3,0.000354128966687088,1
"no_filter","No additional filter","ASV","441bf3233441c2a9cb8c0e90b22d4231","Type 3",4,0.000472171955582784,1
"no_filter","No additional filter","ASV","dce3300089795063e658dff6ea80b645","Type 3",2,0.000236085977791392,1
"no_filter","No additional filter","ASV","c425d5bf259eefaf92ad3aed76084998","Type 2",17,0.00200673081122683,1
"no_filter","No additional filter","ASV","3957ba2fbbbe4fd8f86fc8e07433c37e","Type 4",79,0.00932539612275999,1
"no_filter","No additional filter","ASV","c01cf90758bc9b552a3b24ed1b98b50e","Type 3",12,0.00141651586674835,1
"no_filter","No additional filter","ASV","383a109d96039d9bace81e928fa8ac10","Type 4",30,0.00354128966687088,1
"no_filter","No additional filter","ASV","048b6536cdebd9275a7311708123470a","Type 5",8,0.000944343911165568,1
"no_filter","No additional filter","ASV","e82b6cf2c864f18bc66f9cbcac73720e","Type 1",26,0.0030691177112881,1
"no_filter","No additional filter","ASV","89c0de0b7f79cbb0eea102c260910fff","Type 2",16,0.00188868782233114,1
"no_filter","No additional filter","ASV","cda3a4a423b7db34b0e02a8d8e0b07cc","Type 4",2,0.000236085977791392,1
"no_filter","No additional filter","ASV","4c615cac933761b0c1a53b332493d2c4","Type 1",10,0.00118042988895696,1
"no_filter","No additional filter","ASV","d07f0d43b2a13f3b3e893c9e0c49f59c","Type 2",69,0.00814496623380303,1
"no_filter","No additional filter","ASV","c5f12a0cb4e6ff4059c2fe4a459a96d4","Type 4",12,0.00141651586674835,1
"no_filter","No additional filter","ASV","f005bcab943ae274fc271613b7ec2382","Type 5",6,0.000708257933374176,1
"no_filter","No additional filter","ASV","933f18878e69bdd3967c6a73aed994ba","Type 5",6,0.000708257933374176,1
"no_filter","No additional filter","ASV","09db8218f190e99eebb51aaf3e560b37","Type 4",10,0.00118042988895696,1
"no_filter","No additional filter","ASV","fb9c8dc0b79138f4f0e12330d846bc5a","Type 3",20,0.00236085977791392,1
"no_filter","No additional filter","ASV","de9e979a1298428db785eb79343e299e","Type 2",3,0.000354128966687088,1
"no_filter","No additional filter","ASV","8419a88871f926fceef995f5a8e815c1","Type 5",13,0.00153455885564405,1
"no_filter","No additional filter","ASV","acc9911fe839248d36690c071e2205ea","Type 3",3,0.000354128966687088,1
"no_filter","No additional filter","ASV","8361c3014d08af11b1e17d5c119cd9eb","Type 4",5,0.00059021494447848,1
"no_filter","No additional filter","ASV","6aa949afa61bdacee8839f52591c8bae","Type 2",9,0.00106238690006126,1
"no_filter","No additional filter","ASV","cc9d3d347a8d46ec6afaad77d19076eb","Type 3",26,0.0030691177112881,1
"no_filter","No additional filter","ASV","d04246d077a73749b0ae5807ca712143","Type 2",7,0.000826300922269872,1
"no_filter","No additional filter","ASV","542354e1a9067ae60ee319c941222218","Type 5",14,0.00165260184453974,1
"no_filter","No additional filter","ASV","bf90fe11728549b6d11111a34295fa16","Type 2",8,0.000944343911165568,1
"no_filter","No additional filter","ASV","ee22086e46362752abdb334fce3a7f73","Type 3",22,0.00259694575570531,1
"no_filter","No additional filter","ASV","df12ec2847a04ec123c9aaddf16f84b9","Type 5",6,0.000708257933374176,1
"no_filter","No additional filter","ASV","7c371043b8c07a3a308ea936d37ba410","Type 5",37,0.00436759058914075,1
"no_filter","No additional filter","ASV","e76e276155c467e870d85d40a898ddc7","Type 5",28,0.00330520368907949,1
"no_filter","No additional filter","ASV","5e6d1b5ccc9080fd4746b29078e176bb","Type 4",50,0.0059021494447848,1
"no_filter","No additional filter","ASV","fa8e414578cac779abbca29767cb574a","Type 3",13,0.00153455885564405,1
"no_filter","No additional filter","ASV","047d74b43fee3d83afa5b2da3d802c48","Type 1",53,0.00625627841147189,1
"no_filter","No additional filter","ASV","e8876111e7ef361bab7b84ba06500221","Type 2",1,0.000118042988895696,1
"no_filter","No additional filter","ASV","b50972b7ef08e3ece445d6abf867716b","Type 2",1,0.000118042988895696,1
"no_filter","No additional filter","ASV","9be097816bb26efde17abbb517cb097a","Type 5",5,0.00059021494447848,1
"no_filter","No additional filter","ASV","a04a99ff8d24fcd7a2a216c95b45e72f","Type 4",5,0.00059021494447848,1
"no_filter","No additional filter","ASV","0ebf6d992c01d8d4737d6326d974236b","Type 5",58,0.00684649335595037,1
"no_filter","No additional filter","Genus","ac4224d32dea1c7253ed5070a65a1b3e","Type 1",4,0.000472171955582784,1
"no_filter","No additional filter","Genus","d8e59a58b1954757c26b879a9829c4a7","Type 5",4,0.000472171955582784,1
"no_filter","No additional filter","Genus","c456d3718aa91dcf3ef7d19a8499d593","Type 5",2,0.000236085977791392,1
"no_filter","No additional filter","Genus","5d3f0656e47a33688c5d82c089cee67a","Type 3",37,0.00436759058914075,1
"no_filter","No additional filter","Genus","e523791eca087d243d36477d28789915","Type 2",3,0.000354128966687088,1
"no_filter","No additional filter","Genus","668ddc46cdbec2642f49fddde18308d2","Type 4",4,0.000472171955582784,1
"no_filter","No additional filter","Genus","e8a982d893c071c22434b8c9bdcaa162","Type 2",28,0.00330520368907949,1
"no_filter","No additional filter","Genus","82e8fc4d3afec356107df3637c36de02","Type 5",4,0.000472171955582784,1
"no_filter","No additional filter","Genus","f86053770615e8c2bed9d08c8218914b","Type 3",8,0.000944343911165568,1
"no_filter","No additional filter","Genus","0246880f263e5f9d050691d5c089a905","Type 3",8,0.000944343911165568,1
"no_filter","No additional filter","Genus","2e728bead79d32a1b0788c8f2d3d8420","Type 2",14,0.00165260184453974,1
"no_filter","No additional filter","Genus","963569a5bb9a8b1e06a8096993b64a24","Type 2",8,0.000944343911165568,1
"no_filter","No additional filter","Genus","5cbed13e671ef6879845c96f0efcfcae","Type 3",10,0.00118042988895696,1
"no_filter","No additional filter","Genus","34085f1836e0fbc2e8a1843a65e93757","Type 1",12,0.00141651586674835,1
"no_filter","No additional filter","Genus","92201a0da9fc3ee6db6f359cdc9ae158","Type 2",7,0.000826300922269872,1
"no_filter","No additional filter","Genus","2e9cafa6d587316096144e3d099fb30a","Type 2",17,0.00200673081122683,1
"no_filter","No additional filter","Genus","ca9f4bee4554e862e06ba4c488055776","Type 5",3,0.000354128966687088,1
"no_filter","No additional filter","Genus","7b789ab34a526249c04870ec1e3b14fb","Type 1",7,0.000826300922269872,1
"no_filter","No additional filter","Genus","15287379f901b0787b04f6432a2f8bcf","Type 3",43,0.00507584852251493,1
"no_filter","No additional filter","Genus","c8a6218790712b8c08f605b865c6e497","Type 1",3,0.000354128966687088,1
"no_filter","No additional filter","Genus","ca98c2f71fa7860e8be3b69cc0e6c6c1","Type 3",7,0.000826300922269872,1
"no_filter","No additional filter","Genus","054a3d89b18fe9efb721eae0b64f969b","Type 5",40,0.00472171955582784,1
"no_filter","No additional filter","Genus","6726658e6ed1b518f3cdae63d51007c1","Type 2",14,0.00165260184453974,1
"no_filter","No additional filter","Genus","d5a4ec4339c4955f94811de7690ef425","Type 1",10,0.00118042988895696,1
"no_filter","No additional filter","Genus","9063b20dfbc335a7dd53dd5b67d59597","Type 5",1,0.000118042988895696,1
"no_filter","No additional filter","Genus","73948445c2534487d73c1402eb9ca852","Type 3",45,0.00531193450030632,1
"no_filter","No additional filter","Genus","5de75a73be3109110266de0a2c4b48d4","Type 2",5,0.00059021494447848,1
"no_filter","No additional filter","Genus","d0bbb3cf6f8c4d7a6fdd6a81d94daa81","Type 3",14,0.00165260184453974,1
"no_filter","No additional filter","Genus","33a4b160e1f1411ea02ae36df2dcc388","Type 5",3,0.000354128966687088,1
"no_filter","No additional filter","Genus","f5b86fa349f1d8d5abe6b1f25e437279","Type 3",4,0.000472171955582784,1
"no_filter","No additional filter","Genus","28e82ac50faab22d9428d78c36181743","Type 1",4,0.000472171955582784,1
"no_filter","No additional filter","Genus","e423277f6fcd9bead5bf13ade58d4de5","Type 3",7,0.000826300922269872,1
"no_filter","No additional filter","Genus","caa5248c2660878fac2218b81b13b8e0","Type 5",33,0.00389541863355797,1
"no_filter","No additional filter","Genus","050d46a27980fc3cbc7f1a3d04b66b12","Type 1",5,0.00059021494447848,2
"no_filter","No additional filter","Genus","cca62ce55fa1104839106ebc7d1a7667","Type 5",5,0.00059021494447848,1
"no_filter","No additional filter","Genus","6bee3eeab5d2aed2aab34621e25b49d8","Type 1",6,0.000708257933374176,1
"no_filter","No additional filter","Genus","116562121bfd1151c28e32ea067b1228","Type 1",2,0.000236085977791392,1
"no_filter","No additional filter","Genus","c16345411b2428ad706dd067e17bd77d","Type 1",10,0.00118042988895696,1
"no_filter","No additional filter","Genus","d55204a3baa6083349ce4c5808c71a7d","Type 4",1,0.000118042988895696,1
"no_filter","No additional filter","Genus","9ae36e9a8e7cceb827cfd1fa46652a45","Type 1",15,0.00177064483343544,1
"no_filter","No additional filter","Genus","59ef38dc6b706ebe3087a9c3c12872bd","Type 5",3,0.000354128966687088,1
"no_filter","No additional filter","Genus","f701cbc5da10b2d9cba3b0728f832f73","Type 4",6,0.000708257933374176,1
"no_filter","No additional filter","Genus","0b2fe4fb7db539ff9a4fa9d27c0faa62","Type 1",6,0.000708257933374176,1
"no_filter","No additional filter","Genus","8459d7cb3a2b19a181aa31512f398869","Type 4",15,0.00177064483343544,1
"no_filter","No additional filter","Genus","1dd2d03bf672608a258cb4ef5543cad2","Type 5",10,0.00118042988895696,1
"no_filter","No additional filter","Genus","858b9292b21db7fe07ea3cc766b912dc","Type 3",9,0.00106238690006126,1
"no_filter","No additional filter","Genus","ae7508e0c0f5db07a8e8242c6148c34d","Type 2",5,0.00059021494447848,1
"no_filter","No additional filter","Genus","b4cc697fe846f736906b4d261b088dfd","Type 2",3,0.000354128966687088,1
"no_filter","No additional filter","Genus","35527ffa9f44ebbf586ab787211da1c3","Type 4",7,0.000826300922269872,1
"no_filter","No additional filter","Genus","a67325486802911e948473f4b8b71ebe","Type 4",6,0.000708257933374176,1
"no_filter","No additional filter","Genus","1813a356c899840a7219062a1a3f47b5","Type 4",4,0.000472171955582784,1
"no_filter","No additional filter","Genus","de2b4b14636d09e2d4611f822ab82457","Type 5",69,0.00814496623380303,1
"no_filter","No additional filter","Genus","ad490013f6967a5e303129f81df260cb","Type 4",6,0.000708257933374176,1
"no_filter","No additional filter","Genus","300837fe392a9506546f1970bd365d4b","Type 1",22,0.00259694575570531,2
"no_filter","No additional filter","Genus","88098ab3f8048c851897dbd0bcb5cb7d","Type 4",7,0.000826300922269872,1
"no_filter","No additional filter","Genus","a7d73d00201f5dfac32d5042e3aa7039","Type 4",3,0.000354128966687088,1
"no_filter","No additional filter","Genus","1422aef8849148a9b52ce185862dc22f","Type 2",26,0.0030691177112881,2
"no_filter","No additional filter","Genus","b9879da874f023629c4384ada519ba98","Type 3",21,0.00247890276680962,1
"no_filter","No additional filter","Genus","2f7ab09df42772d54308dfa6e66bdfd0","Type 1",3,0.000354128966687088,1
"no_filter","No additional filter","Genus","c267dc0912cbc6475bb64ff0f47644b0","Type 1",5,0.00059021494447848,1
"no_filter","No additional filter","Genus","dc9e2860e3fa93f9e4bf136144d697d6","Type 5",4,0.000472171955582784,1
"no_filter","No additional filter","Genus","d28702f527ca84119434a5d089dea094","Type 1",143,0.0168801474120845,1
"no_filter","No additional filter","Genus","92981a4f9e607d7f28d045957da39fcf","Type 2",9,0.00106238690006126,1
"no_filter","No additional filter","Genus","0535f4bb8a671a91b7c6080f796b0bc0","Type 3",3,0.000354128966687088,1
"no_filter","No additional filter","Genus","3d321b478b7fd39dc8ac6c68a827a622","Type 4",19,0.00224281678901822,1
"no_filter","No additional filter","Genus","d127837f1b6ab3f7bdad8d8d125f0b08","Type 1",14,0.00165260184453974,1
"no_filter","No additional filter","Genus","7812599613f61f510451b00fa62cf791","Type 4",1,0.000118042988895696,1
"no_filter","No additional filter","Genus","a6a5c75bcf40728c389d91b17e569cb0","Type 3",10,0.00118042988895696,2
"no_filter","No additional filter","Genus","a1e2b28fb788c9542caf556c169bd434","Type 4",102,0.012040384867361,2
"no_filter","No additional filter","Genus","4ed1aaefaefe8f38b7f6a4c1fd82d1ba","Type 3",19,0.00224281678901822,1
"no_filter","No additional filter","Genus","302bf7a5ed63144059d0db8f906a743f","Type 3",27,0.00318716070018379,1
"no_filter","No additional filter","Genus","be765e929e8c9e7845dc8abd26cbda3e","Type 2",22,0.00259694575570531,1
"no_filter","No additional filter","Genus","87a6bbed6ceb02ec381f45db5ed37984","Type 2",27,0.00318716070018379,1
"no_filter","No additional filter","Genus","1c5d6c2c9b4a7166c7cb496fca023c12","Type 1",12,0.00141651586674835,1
"no_filter","No additional filter","Genus","719f736c916092f6d392c5a46e1091ea","Type 5",70,0.00826300922269872,1
"no_filter","No additional filter","Genus","b90d5c735e4f9bea8175e5eabfd3caab","Type 2",46,0.00542997748920202,1
"no_filter","No additional filter","Genus","20f150dfe46c537edc5310399040afb8","Type 4",16,0.00188868782233114,1
"no_filter","No additional filter","Genus","3e50658e9b489006be4573114ca22b59","Type 4",22,0.00259694575570531,1
"no_filter","No additional filter","Genus","54581694fce0637591ea45b0eff658f0","Type 5",4,0.000472171955582784,1
"no_filter","No additional filter","Genus","adcae3f5a43e4dca840c01d62e6416a5","Type 2",47,0.00554802047809771,1
"no_filter","No additional filter","Genus","e9725fc74685ef05a1ba39435294042c","Type 2",16,0.00188868782233114,1
"no_filter","No additional filter","Genus","cea0a6f8b58238977831021560f03baf","Type 2",30,0.00354128966687088,1
"no_filter","No additional filter","Genus","9366c1f1fa59361f62f702f094ae0c21","Type 1",31,0.00365933265576658,1
"no_filter","No additional filter","Genus","35d4cbfddf6c9639a996a7877cd4f0f2","Type 4",55,0.00649236438926328,1
"no_filter","No additional filter","Genus","49bd242006920acb2126ab0ceac5df84","Type 2",14,0.00165260184453974,1
"no_filter","No additional filter","Genus","6d6ea94f2c732bf7767af01e1308cb38","Type 2",4,0.000472171955582784,1
"no_filter","No additional filter","Genus","89080b3c5ba6bf78d58df159a692470f","Type 4",10,0.00118042988895696,1
"no_filter","No additional filter","Genus","abdb10ef959af94d4fc7574d556e3633","Type 4",50,0.0059021494447848,1
"no_filter","No additional filter","Genus","abd0febc117d23cd49b9d4ef431153bc","Type 5",102,0.012040384867361,1
"no_filter","No additional filter","Genus","bc9fce29d86dd59b106f60bd7b227020","Type 1",8,0.000944343911165568,1
"no_filter","No additional filter","Genus","670ff01449495039c6e52f5f0fe307b1","Type 1",24,0.0028330317334967,1
"no_filter","No additional filter","Genus","40b48ec694b884aa93cc33fbfb00d625","Type 4",18,0.00212477380012253,1
"no_filter","No additional filter","Genus","66b7507662a94e6fba998da71404a5b8","Type 2",14,0.00165260184453974,1
"no_filter","No additional filter","Genus","64c6c9854a1938f12b659f40a0f6a954","Type 3",5,0.00059021494447848,1
"no_filter","No additional filter","Genus","342ce74435d2330505ee013a1e0cfe40","Type 2",7,0.000826300922269872,1
"no_filter","No additional filter","Genus","b49c1c742ff9a26c0ce116574c094ea7","Type 2",6,0.000708257933374176,1
"no_filter","No additional filter","Genus","d8b64490de90a224be2172096edcb67b","Type 5",2,0.000236085977791392,1
"no_filter","No additional filter","Genus","ec788ffe7eee824ad4c2d4519f2eb96b","Type 1",2,0.000236085977791392,1
"no_filter","No additional filter","Genus","eca7f723fb8b7b170b6f546b650537f7","Type 2",7,0.000826300922269872,1
"no_filter","No additional filter","Genus","55129a90f08f521cd6bd80a65b8308fc","Type 3",2,0.000236085977791392,1
"no_filter","No additional filter","Genus","a36f517260cdac623044af72be907f03","Type 3",2,0.000236085977791392,1
"no_filter","No additional filter","Genus","abd916b960b81098025c1ca1755c6cc3","Type 3",5,0.00059021494447848,1
"no_filter","No additional filter","Genus","c16bda45083cf985cb674a0320788363","Type 3",2,0.000236085977791392,1
"no_filter","No additional filter","Genus","8d8da6172e2c91f26a13e27dea7fcb95","Type 1",7,0.000826300922269872,1
"no_filter","No additional filter","Genus","f74d3e35b55e74c8e5323eeb0f436f14","Type 5",2,0.000236085977791392,1
"no_filter","No additional filter","Genus","2eb5f39293ce179eff805fa32d12a432","Type 1",2,0.000236085977791392,1
"no_filter","No additional filter","Genus","94d3ada8c73a636337fccb769efa8b28","Type 3",7,0.000826300922269872,1
"no_filter","No additional filter","Genus","e50d17ad0dc1144b6adebdcc150f3b51","Type 5",6,0.000708257933374176,1
"no_filter","No additional filter","Genus","8fa0171ff9cdc7f7e3d869c458a4a73a","Type 2",10,0.00118042988895696,1
"no_filter","No additional filter","Genus","29426558992083b53aba3b5adfb62ebc","Type 2",11,0.00129847287785266,1
"no_filter","No additional filter","Genus","fadf24138f6bd36ac33ba59dafc1be2b","Type 5",4,0.000472171955582784,1
"no_filter","No additional filter","Genus","ed198d2e3e59eb9b4f0cef8d45e05e98","Type 2",10,0.00118042988895696,1
"no_filter","No additional filter","Genus","71ddab1f3aa488f911f2b333353e2f78","Type 3",8,0.000944343911165568,1
"no_filter","No additional filter","Genus","8513c3d7e955e463f8fb4b0e3f8ca6b0","Type 4",5,0.00059021494447848,1
"no_filter","No additional filter","Genus","6e84be0d93bffb85cad87ffe27fc41f9","Type 3",14,0.00165260184453974,1
"no_filter","No additional filter","Genus","b6490793b61729fade75800b9a5746ab","Type 1",6,0.000708257933374176,1
"no_filter","No additional filter","Genus","9b21b487cca15d9243173e6003fe5f67","Type 4",12,0.00141651586674835,1
"no_filter","No additional filter","Genus","f8e719549495b584e09aed57e8d9b853","Type 4",27,0.00318716070018379,1
"no_filter","No additional filter","Genus","db9c46272955268b239e5d89618d7ac1","Type 3",8,0.000944343911165568,1
"no_filter","No additional filter","Genus","aeecfb2e13eb0e176bff7d58e44422f9","Type 1",9,0.00106238690006126,1
"no_filter","No additional filter","Genus","259733dd148441d7853462e466b51c86","Type 2",6,0.000708257933374176,1
"no_filter","No additional filter","Genus","4e9ca07dcaec7e38e8c0689eb78540e3","Type 3",11,0.00129847287785266,1
"no_filter","No additional filter","Genus","21967f8f24338037507b06be0cbaa356","Type 4",39,0.00460367656693215,1
"no_filter","No additional filter","Genus","86d9f851fe319e04da6496f277487456","Type 3",6,0.000708257933374176,1
"no_filter","No additional filter","Genus","d2b0b2aee1af0c2d0b268bbdd47e2924","Type 2",6,0.000708257933374176,1
"no_filter","No additional filter","Genus","d78c7661f8e59acd50c80e8f2fd19582","Type 5",18,0.00212477380012253,1
"no_filter","No additional filter","Genus","c9b3032f54d5eae836e9bbc111d61d57","Type 1",10,0.00118042988895696,1
"no_filter","No additional filter","Genus","c89aa29e55284c3120bbcee0177c18b9","Type 1",11,0.00129847287785266,1
"no_filter","No additional filter","Genus","c0948aae3210c6d223a5b3ac7bc18fb0","Type 2",8,0.000944343911165568,1
"no_filter","No additional filter","Genus","aa746099ad73c67aac56c81536549595","Type 5",6,0.000708257933374176,1
"no_filter","No additional filter","Genus","7515c96cc69c940c2521d2ed4ac90adc","Type 4",25,0.0029510747223924,2
"no_filter","No additional filter","Genus","dcf66aa40723a77eaf2bb42cb2c63f73","Type 5",13,0.00153455885564405,1
"no_filter","No additional filter","Genus","07f823ed91fe424a88e175a9101db80f","Type 3",13,0.00153455885564405,1
"no_filter","No additional filter","Genus","46b0ba5afe1e2b9268573006c628405a","Type 3",11,0.00129847287785266,1
"no_filter","No additional filter","Genus","bff2858a173d483d7604323d8fc9a6e9","Type 4",55,0.00649236438926328,1
"no_filter","No additional filter","Genus","9ac455d7d7a26fed46036043403628e6","Type 4",36,0.00424954760024506,1
"no_filter","No additional filter","Genus","2235fb3906484370e48c37388c4cd746","Type 3",100,0.0118042988895696,1
"no_filter","No additional filter","Genus","488029799c26f2d7eaf7df8899ad7c34","Type 2",10,0.00118042988895696,1
"no_filter","No additional filter","Genus","79c2d824228c4d17533d54fa05f593ed","Type 5",20,0.00236085977791392,1
"no_filter","No additional filter","Genus","79efcc373159c11685c8a7343b8e0cd9","Type 5",13,0.00153455885564405,1
"no_filter","No additional filter","Genus","cbb091b5e5b0289d04c52c93172f0400","Type 5",14,0.00165260184453974,2
"no_filter","No additional filter","Genus","9fb4d1ef56025a3efd044096543a3686","Type 1",12,0.00141651586674835,1
"no_filter","No additional filter","Genus","867ea09fd0e8bc911475f9097bd2e57d","Type 3",2,0.000236085977791392,1
"no_filter","No additional filter","Genus","041a808460c3e20eb708113a5ae6533d","Type 1",478,0.0564245486921427,1
"no_filter","No additional filter","Genus","8d3243f2860964ff8177daf941fb6068","Type 4",8,0.000944343911165568,1
"no_filter","No additional filter","Genus","1a917b265c943f0b7fe898239bb29ed5","Type 5",6,0.000708257933374176,1
"no_filter","No additional filter","Genus","f7734641299f704d4883f5df11e8e3ab","Type 2",24,0.0028330317334967,1
"remove_count_le_1","Remove count <=1","ASV","13f567006e732891e3987347efdbe76d","Type 1",2,0.000236106880862829,1
"remove_count_le_1","Remove count <=1","ASV","2e914ff49c78ff61df377999bbc52463","Type 2",28,0.00330549633207961,1
"remove_count_le_1","Remove count <=1","ASV","1e03fdb868a49592c42413838bb69e55","Type 2",16,0.00188885504690263,1
"remove_count_le_1","Remove count <=1","ASV","ac4224d32dea1c7253ed5070a65a1b3e","Type 1",4,0.000472213761725658,1
"remove_count_le_1","Remove count <=1","ASV","37640dc68ceb2f67423497241ff862f3","Type 5",6,0.000708320642588487,1
"remove_count_le_1","Remove count <=1","ASV","e3eb5fa91441cd8ef5444d1e4b20065b","Type 4",3,0.000354160321294243,1
"remove_count_le_1","Remove count <=1","ASV","3859ddfb4885964844ff7ada513a2597","Type 4",17,0.00200690848733405,1
"remove_count_le_1","Remove count <=1","ASV","e9e0f8afe4d497d9bc919102fefbcbb9","Type 5",7,0.000826374083019901,1
"remove_count_le_1","Remove count <=1","ASV","892feb56530bc24bd758934e83f18b92","Type 3",18,0.00212496192776546,1
"remove_count_le_1","Remove count <=1","ASV","8da656b93b56d27656de7516bf314565","Type 4",13,0.00153469472560839,1
"remove_count_le_1","Remove count <=1","ASV","d8e59a58b1954757c26b879a9829c4a7","Type 5",4,0.000472213761725658,1
"remove_count_le_1","Remove count <=1","ASV","c456d3718aa91dcf3ef7d19a8499d593","Type 5",2,0.000236106880862829,1
"remove_count_le_1","Remove count <=1","ASV","c14e1054ccbbabd5f6ed8a6dab092c54","Type 5",59,0.00696515298545346,1
"remove_count_le_1","Remove count <=1","ASV","f0738a1a5f7ea368f830986c618e4139","Type 3",5,0.000590267202157072,1
"remove_count_le_1","Remove count <=1","ASV","83c49c99a3b99ccc3325d674e7e7947e","Type 5",6,0.000708320642588487,1
"remove_count_le_1","Remove count <=1","ASV","5d3f0656e47a33688c5d82c089cee67a","Type 3",37,0.00436797729596234,1
"remove_count_le_1","Remove count <=1","ASV","e523791eca087d243d36477d28789915","Type 2",3,0.000354160321294243,1
"remove_count_le_1","Remove count <=1","ASV","2e39b1336acf4f37c200d5b9e2f75d51","Type 2",3,0.000354160321294243,1
"remove_count_le_1","Remove count <=1","ASV","bcd0a153d188ac7b99c551d978ed960c","Type 1",11,0.00129858784474556,1
"remove_count_le_1","Remove count <=1","ASV","94fbb4b0771a91a921b26ff604e962c3","Type 2",20,0.00236106880862829,1
"remove_count_le_1","Remove count <=1","ASV","7f57656c2903cc0e4a5413209d4da1af","Type 5",260,0.0306938945121678,1
"remove_count_le_1","Remove count <=1","ASV","3774b70d820efee976a6eed744545424","Type 1",5,0.000590267202157072,1
"remove_count_le_1","Remove count <=1","ASV","163dd3c92e5dd035f7bf7ab3da86f678","Type 4",6,0.000708320642588487,1
"remove_count_le_1","Remove count <=1","ASV","2a330b768030ad0127d78ae9f27732e8","Type 3",3,0.000354160321294243,1
"remove_count_le_1","Remove count <=1","ASV","784dfe428331c049d5a0a20fd7a939fe","Type 5",203,0.0239648484075771,1
"remove_count_le_1","Remove count <=1","ASV","1b5b4ce9f91bd790f3a64a64d5f7729b","Type 1",6,0.000708320642588487,1
"remove_count_le_1","Remove count <=1","ASV","1ae95ce3e36377cc8659e64be3ab084e","Type 1",64,0.00755542018761053,1
"remove_count_le_1","Remove count <=1","ASV","7f8c11f5c31010b6715c3ca9ef6200fa","Type 5",146,0.0172358023029865,1
"remove_count_le_1","Remove count <=1","ASV","94ca7b2b5ab843ab7b0c695d62f39e20","Type 5",4,0.000472213761725658,1
"remove_count_le_1","Remove count <=1","ASV","13ce8e79125adaa98c679516562ef5c1","Type 5",79,0.00932622179408175,1
"remove_count_le_1","Remove count <=1","ASV","2bf330a9022d84769b9614e94b2f538c","Type 1",12,0.00141664128517697,1
"remove_count_le_1","Remove count <=1","ASV","ebd2302aa5ede11e50f02551f053e107","Type 4",74,0.00873595459192467,1
"remove_count_le_1","Remove count <=1","ASV","4255f97aa6e37ce703f23fa0ba17cabf","Type 4",68,0.00802763394933619,1
"remove_count_le_1","Remove count <=1","ASV","5eb228bf1c42062f4a1bb7483a4d7587","Type 5",132,0.0155830541369467,1
"remove_count_le_1","Remove count <=1","ASV","6eaafdb42f2224a2c5efcbfe3bedb458","Type 5",210,0.024791222490597,1
"remove_count_le_1","Remove count <=1","ASV","aa6114f21305efc108a797e0f11b1c6b","Type 2",5,0.000590267202157072,1
"remove_count_le_1","Remove count <=1","ASV","e0149147e75d7ce43fb933adea48ae7d","Type 4",27,0.00318744289164819,1
"remove_count_le_1","Remove count <=1","ASV","12166a5b0d932270f5123713f39afc4f","Type 4",16,0.00188885504690263,1
"remove_count_le_1","Remove count <=1","ASV","4796c398c36fe1a5150f394dacfdc43a","Type 4",21,0.0024791222490597,1
"remove_count_le_1","Remove count <=1","ASV","ac11709ab52cb834e916bfa1567a05cf","Type 5",32,0.00377771009380526,1
"remove_count_le_1","Remove count <=1","ASV","b4b5bc5494038ab50066faf48f1f6c4d","Type 2",24,0.00283328257035395,1
"remove_count_le_1","Remove count <=1","ASV","576f3545195a38de7df860d7da71a63f","Type 1",7,0.000826374083019901,1
"remove_count_le_1","Remove count <=1","ASV","ee974b4d7e49cc84bc2a7503e47d54f0","Type 1",23,0.00271522912992253,1
"remove_count_le_1","Remove count <=1","ASV","4f9310d5cd6c6c183b8879af83ceea5f","Type 1",3,0.000354160321294243,1
"remove_count_le_1","Remove count <=1","ASV","31e27b5dd55ade850670ca96d01f95d9","Type 1",3,0.000354160321294243,1
"remove_count_le_1","Remove count <=1","ASV","074002d52e5c30afc4b32f2ef5a3ce66","Type 1",8,0.000944427523451316,1
"remove_count_le_1","Remove count <=1","ASV","f876aca38d2dbd1e06594034ea45d23b","Type 1",12,0.00141664128517697,1
"remove_count_le_1","Remove count <=1","ASV","3699c22f10bb63d92601b1e33fba4f00","Type 1",3,0.000354160321294243,1
"remove_count_le_1","Remove count <=1","ASV","0381f8bec09746f00964e51bf88c30d6","Type 1",7,0.000826374083019901,1
"remove_count_le_1","Remove count <=1","ASV","34ce2d1fda8aba78d83daa5247f6e2eb","Type 4",15,0.00177080160647122,1
"remove_count_le_1","Remove count <=1","ASV","54b9296ba8ba4237a291fae063ce7d3f","Type 4",4,0.000472213761725658,1
"remove_count_le_1","Remove count <=1","ASV","1e09290bbd9bd8af0fb9974c671ba38c","Type 5",10,0.00118053440431414,1
"remove_count_le_1","Remove count <=1","ASV","2fca689722d227e5d2459fbf09056b96","Type 5",5,0.000590267202157072,1
"remove_count_le_1","Remove count <=1","ASV","9b646d7521c7c35f6fae390cb5064731","Type 1",6,0.000708320642588487,1
"remove_count_le_1","Remove count <=1","ASV","ece73bf9e4f16db15c0adc85d16f5563","Type 2",6,0.000708320642588487,1
"remove_count_le_1","Remove count <=1","ASV","18c0b15858473625cb6d8a3595bb827e","Type 3",9,0.00106248096388273,1
"remove_count_le_1","Remove count <=1","ASV","9ea4485f2cee6635d12db81b107c8ef2","Type 4",12,0.00141664128517697,1
"remove_count_le_1","Remove count <=1","ASV","53fc93dac42e393533fe2e8e0af269be","Type 1",16,0.00188885504690263,1
"remove_count_le_1","Remove count <=1","ASV","aac52aa2242f042516bcf9791bac3769","Type 1",8,0.000944427523451316,1
"remove_count_le_1","Remove count <=1","ASV","46265de60a20696f1c942a807612d0f8","Type 5",5,0.000590267202157072,1
"remove_count_le_1","Remove count <=1","ASV","92ef5aa7f36bb0b9cf750b09c0911286","Type 3",4,0.000472213761725658,1
"remove_count_le_1","Remove count <=1","ASV","10338681707ca5771140ff6bd4937dd3","Type 2",14,0.0016527481660398,1
"remove_count_le_1","Remove count <=1","ASV","668ddc46cdbec2642f49fddde18308d2","Type 4",4,0.000472213761725658,1
"remove_count_le_1","Remove count <=1","ASV","49e813348c65c7235cb09451648467d0","Type 2",21,0.0024791222490597,1
"remove_count_le_1","Remove count <=1","ASV","73a750d3b2a6e91e041ef166875e1804","Type 4",14,0.0016527481660398,1
"remove_count_le_1","Remove count <=1","ASV","1244b52e57b08f9ae61d0b38954e4718","Type 5",14,0.0016527481660398,1
"remove_count_le_1","Remove count <=1","ASV","e9c85a01732ae6a154caec2f4240496f","Type 5",4,0.000472213761725658,1
"remove_count_le_1","Remove count <=1","ASV","a0a860ac77f1ad13600841fef376d52d","Type 5",44,0.00519435137898224,1
"remove_count_le_1","Remove count <=1","ASV","00f6af75fbc30c2fa1f0150a044947e1","Type 5",3,0.000354160321294243,1
"remove_count_le_1","Remove count <=1","ASV","09ed165468f25527338e6090cdb7c162","Type 3",7,0.000826374083019901,1
"remove_count_le_1","Remove count <=1","ASV","afb8acb617b8019f87e7137ec4144de5","Type 1",4,0.000472213761725658,1
"remove_count_le_1","Remove count <=1","ASV","5f7df5fb71b13a2ab5c83c9072ea7f2b","Type 1",2,0.000236106880862829,1
"remove_count_le_1","Remove count <=1","ASV","ffff37bf6e2908190b8b8665d55992c5","Type 3",2,0.000236106880862829,1
"remove_count_le_1","Remove count <=1","ASV","6d14cfb6da0fc9a4e9ea96d08ae0e079","Type 5",94,0.011097023400553,1
"remove_count_le_1","Remove count <=1","ASV","86a06b58ab42d89224e34bbe11e2fa0b","Type 5",88,0.0103887027579645,1
"remove_count_le_1","Remove count <=1","ASV","92b44739c956b7f3946b176b16c3a376","Type 5",52,0.00613877890243355,1
"remove_count_le_1","Remove count <=1","ASV","94037073e80ac57b83c2796d57daf524","Type 4",54,0.00637488578329638,1
"remove_count_le_1","Remove count <=1","ASV","688c187c313cad335eebd97a15430f10","Type 5",17,0.00200690848733405,1
"remove_count_le_1","Remove count <=1","ASV","9c30c44d4987b64b2049eee6b3e27e13","Type 5",14,0.0016527481660398,1
"remove_count_le_1","Remove count <=1","ASV","89b4edcf0f4cada56a400b58769bbb8b","Type 1",38,0.00448603073639375,1
"remove_count_le_1","Remove count <=1","ASV","95d8bfbf6637d3eb960e54e19437af26","Type 1",6,0.000708320642588487,1
"remove_count_le_1","Remove count <=1","ASV","911678ab9aec829de33bc98f1e103a35","Type 1",4,0.000472213761725658,1
"remove_count_le_1","Remove count <=1","ASV","662534e2eabca555beeeeb4da3e5176a","Type 4",6,0.000708320642588487,1
"remove_count_le_1","Remove count <=1","ASV","249890cafb7ca4e895a3f272d0ed04e2","Type 1",4,0.000472213761725658,1
"remove_count_le_1","Remove count <=1","ASV","e8a982d893c071c22434b8c9bdcaa162","Type 2",28,0.00330549633207961,1
"remove_count_le_1","Remove count <=1","ASV","82e8fc4d3afec356107df3637c36de02","Type 5",4,0.000472213761725658,1
"remove_count_le_1","Remove count <=1","ASV","a4ef26785e961b55a96c70380e5cbe6b","Type 4",24,0.00283328257035395,1
"remove_count_le_1","Remove count <=1","ASV","f10b2717caaf5231248ae044349b0927","Type 3",9,0.00106248096388273,1
"remove_count_le_1","Remove count <=1","ASV","f86053770615e8c2bed9d08c8218914b","Type 3",8,0.000944427523451316,1
"remove_count_le_1","Remove count <=1","ASV","0246880f263e5f9d050691d5c089a905","Type 3",8,0.000944427523451316,1
"remove_count_le_1","Remove count <=1","ASV","f56193885befb53daefd2f32fac2fd5a","Type 2",13,0.00153469472560839,1
"remove_count_le_1","Remove count <=1","ASV","fd06b5bd8feab452ba90c4c2eb3729ac","Type 4",108,0.0127497715665928,1
"remove_count_le_1","Remove count <=1","ASV","2e728bead79d32a1b0788c8f2d3d8420","Type 2",14,0.0016527481660398,1
"remove_count_le_1","Remove count <=1","ASV","963569a5bb9a8b1e06a8096993b64a24","Type 2",8,0.000944427523451316,1
"remove_count_le_1","Remove count <=1","ASV","5cbed13e671ef6879845c96f0efcfcae","Type 3",10,0.00118053440431414,1
"remove_count_le_1","Remove count <=1","ASV","0f46f47de67d1eb939d1ff8170884624","Type 3",2,0.000236106880862829,1
"remove_count_le_1","Remove count <=1","ASV","34085f1836e0fbc2e8a1843a65e93757","Type 1",12,0.00141664128517697,1
"remove_count_le_1","Remove count <=1","ASV","c67f047c0ed1a8beade5ac9b982881e5","Type 1",15,0.00177080160647122,1
"remove_count_le_1","Remove count <=1","ASV","92201a0da9fc3ee6db6f359cdc9ae158","Type 2",7,0.000826374083019901,1
"remove_count_le_1","Remove count <=1","ASV","2e9cafa6d587316096144e3d099fb30a","Type 2",17,0.00200690848733405,1
"remove_count_le_1","Remove count <=1","ASV","ca9f4bee4554e862e06ba4c488055776","Type 5",3,0.000354160321294243,1
"remove_count_le_1","Remove count <=1","ASV","a0cd40d7714e666b1d764840b3cdf319","Type 1",18,0.00212496192776546,1
"remove_count_le_1","Remove count <=1","ASV","76f5c1687759e26c693a6f539fe2009d","Type 3",15,0.00177080160647122,1
"remove_count_le_1","Remove count <=1","ASV","f7c6068b3dede3a9d48719319aa5cc1e","Type 5",47,0.00554851170027648,1
"remove_count_le_1","Remove count <=1","ASV","fc754cb1fe3f0d2b6fc08490db74c1b1","Type 2",14,0.0016527481660398,1
"remove_count_le_1","Remove count <=1","ASV","5fcd25c5316edfee6678d51102ad3dcd","Type 2",3,0.000354160321294243,1
"remove_count_le_1","Remove count <=1","ASV","7b789ab34a526249c04870ec1e3b14fb","Type 1",7,0.000826374083019901,1
"remove_count_le_1","Remove count <=1","ASV","45836af8f065528469aed82933281704","Type 5",4,0.000472213761725658,1
"remove_count_le_1","Remove count <=1","ASV","858a3201b3fc82d96e1a176f1914717b","Type 4",11,0.00129858784474556,1
"remove_count_le_1","Remove count <=1","ASV","f3c9c6e5208843a0daef9a69261ee36b","Type 5",24,0.00283328257035395,1
"remove_count_le_1","Remove count <=1","ASV","9a632852f5d6fc1f4b29ba0db706c53a","Type 4",24,0.00283328257035395,1
"remove_count_le_1","Remove count <=1","ASV","ce67fc512d59368dd4f9fcf5161dbc21","Type 2",11,0.00129858784474556,1
"remove_count_le_1","Remove count <=1","ASV","27325c30c47914898ef234447825ab83","Type 1",6,0.000708320642588487,1
"remove_count_le_1","Remove count <=1","ASV","ef2bcbf9385cc59f033ba0052b22402d","Type 2",6,0.000708320642588487,1
"remove_count_le_1","Remove count <=1","ASV","f6114ab5f519271d0cf80490aa5152f6","Type 1",5,0.000590267202157072,1
"remove_count_le_1","Remove count <=1","ASV","4d4a7c0586b32efe9880c752708d6d46","Type 1",5,0.000590267202157072,1
"remove_count_le_1","Remove count <=1","ASV","ba2be28178b8f7de95dd79f3b8bf3119","Type 3",8,0.000944427523451316,1
"remove_count_le_1","Remove count <=1","ASV","9d41acf39c882f577ee77ec6c66796c1","Type 4",5,0.000590267202157072,1
"remove_count_le_1","Remove count <=1","ASV","69ff34f58e584c0b1b02a7bcfdf855fd","Type 2",15,0.00177080160647122,1
"remove_count_le_1","Remove count <=1","ASV","b15df828ee156e7ec0ff6300f38222e0","Type 2",12,0.00141664128517697,1
"remove_count_le_1","Remove count <=1","ASV","ead8debc6cea3253c353ef127ad1118f","Type 2",2,0.000236106880862829,1
"remove_count_le_1","Remove count <=1","ASV","9ed664f530126e46eeb9cc4dfd5b3b84","Type 1",10,0.00118053440431414,1
"remove_count_le_1","Remove count <=1","ASV","a558837bec7a8cc1867e45101b9bc7db","Type 1",4,0.000472213761725658,1
"remove_count_le_1","Remove count <=1","ASV","bbf9701d11f99ba22b59aca793ec3768","Type 3",17,0.00200690848733405,1
"remove_count_le_1","Remove count <=1","ASV","8637f7159567d7bfd9450413bb4179a2","Type 3",18,0.00212496192776546,1
"remove_count_le_1","Remove count <=1","ASV","be102a29264374176f6312d177b6d6cd","Type 2",24,0.00283328257035395,1
"remove_count_le_1","Remove count <=1","ASV","e0d57b1a5e59d57d24560ea8ef310b24","Type 1",11,0.00129858784474556,1
"remove_count_le_1","Remove count <=1","ASV","34e857a3e2f2e0e875729ece39028a4d","Type 1",9,0.00106248096388273,1
"remove_count_le_1","Remove count <=1","ASV","6ecd5dc263a525a429f3ace47e327c8c","Type 3",39,0.00460408417682517,1
"remove_count_le_1","Remove count <=1","ASV","d04774ec0ad626b2f528a513ef76e16e","Type 3",18,0.00212496192776546,1
"remove_count_le_1","Remove count <=1","ASV","08ca9e820f412ea7921f8cff9d4158b5","Type 4",3,0.000354160321294243,1
"remove_count_le_1","Remove count <=1","ASV","352450b2dc617be6678eb4630d543f1f","Type 1",4,0.000472213761725658,1
"remove_count_le_1","Remove count <=1","ASV","6a2d4c10a0058ed3cafcd7694a5a6878","Type 3",2,0.000236106880862829,1
"remove_count_le_1","Remove count <=1","ASV","7b124b5d33ebb82ab9370be8f0af52a9","Type 1",7,0.000826374083019901,1
"remove_count_le_1","Remove count <=1","ASV","105d6cecdd70ebf3ef052b8692ea9774","Type 3",3,0.000354160321294243,1
"remove_count_le_1","Remove count <=1","ASV","7315dea030ebc0c0d2758a3b7aebd3cd","Type 3",11,0.00129858784474556,1
"remove_count_le_1","Remove count <=1","ASV","64f021e37aa9091a78fd76a4289ac54b","Type 1",6,0.000708320642588487,1
"remove_count_le_1","Remove count <=1","ASV","8b6f8757dcb356592ffba81e1e0debfc","Type 1",11,0.00129858784474556,1
"remove_count_le_1","Remove count <=1","ASV","7526a2c95c696fd8ca937ccd68bd2fcd","Type 3",21,0.0024791222490597,1
"remove_count_le_1","Remove count <=1","ASV","f4699a19fdee63d61a6caf46f5ecc390","Type 1",16,0.00188885504690263,1
"remove_count_le_1","Remove count <=1","ASV","89cf28578ed71f28a33336fb3002e0b2","Type 1",3,0.000354160321294243,1
"remove_count_le_1","Remove count <=1","ASV","bb1eb107d0a61c6060bbaf6966cf0f61","Type 4",22,0.00259717568949112,1
"remove_count_le_1","Remove count <=1","ASV","e9d385c8ecf184565a1afbe98be3990a","Type 2",10,0.00118053440431414,1
"remove_count_le_1","Remove count <=1","ASV","263fefc8e16acfee860dfd87afde222a","Type 3",14,0.0016527481660398,1
"remove_count_le_1","Remove count <=1","ASV","54ed0bef0f04b6f1412ad2202e721da9","Type 5",3,0.000354160321294243,1
"remove_count_le_1","Remove count <=1","ASV","ea6e2a0954e19c543f780f4200b9beb0","Type 4",80,0.00944427523451316,1
"remove_count_le_1","Remove count <=1","ASV","1fa99b04da479b99f34a7a79ee840840","Type 3",10,0.00118053440431414,1
"remove_count_le_1","Remove count <=1","ASV","809fe7ebc5cf81685b4d892d4ee81dc4","Type 4",14,0.0016527481660398,1
"remove_count_le_1","Remove count <=1","ASV","be8ca1b65b651c1c2e1bd0342ff2858a","Type 1",33,0.00389576353423668,1
"remove_count_le_1","Remove count <=1","ASV","ca72d1846c3120018243565d958062b1","Type 1",14,0.0016527481660398,1
"remove_count_le_1","Remove count <=1","ASV","8e87521a820f0ca80e3a5539e826fe4d","Type 2",32,0.00377771009380526,1
"remove_count_le_1","Remove count <=1","ASV","e8db59aad496e7ea6f56be95b50561d9","Type 3",28,0.00330549633207961,1
"remove_count_le_1","Remove count <=1","ASV","872a53c26c6e69e1014bcdb6477b32c6","Type 1",6,0.000708320642588487,1
"remove_count_le_1","Remove count <=1","ASV","ea338a832ca95b9fa4af5f51171dfdcd","Type 5",5,0.000590267202157072,1
"remove_count_le_1","Remove count <=1","ASV","ac885b8716416b7e6b222fa583c4d9bc","Type 5",32,0.00377771009380526,1
"remove_count_le_1","Remove count <=1","ASV","43c5eca790dfbfe69c27956cbd913c6e","Type 3",8,0.000944427523451316,1
"remove_count_le_1","Remove count <=1","ASV","6a6612ea89b0909f6c6e962f257c68ee","Type 3",14,0.0016527481660398,1
"remove_count_le_1","Remove count <=1","ASV","60b6e7577b8e4fb1660d73b5f93ec07b","Type 3",3,0.000354160321294243,1
"remove_count_le_1","Remove count <=1","ASV","15287379f901b0787b04f6432a2f8bcf","Type 3",36,0.00424992385553092,1
"remove_count_le_1","Remove count <=1","ASV","d020dc39243a2147b425915929fe6206","Type 3",7,0.000826374083019901,1
"remove_count_le_1","Remove count <=1","ASV","381a3e4feaa515626948da880342e910","Type 5",4,0.000472213761725658,1
"remove_count_le_1","Remove count <=1","ASV","82f63b24bb472e877b421b4d57b0adb7","Type 2",27,0.00318744289164819,1
"remove_count_le_1","Remove count <=1","ASV","d8123e3efcf0d3a797b395b1d7c65d48","Type 1",32,0.00377771009380526,1
"remove_count_le_1","Remove count <=1","ASV","1ee82c805bf01f801b44485c9187ccdf","Type 1",28,0.00330549633207961,1
"remove_count_le_1","Remove count <=1","ASV","ab21968769fce8fd83ac32c4c2d98df3","Type 2",35,0.00413187041509951,1
"remove_count_le_1","Remove count <=1","ASV","48ef97a59348879746a89b80d1593b15","Type 4",11,0.00129858784474556,1
"remove_count_le_1","Remove count <=1","ASV","8e2e8ae0072116b8851d8f784135711c","Type 2",6,0.000708320642588487,1
"remove_count_le_1","Remove count <=1","ASV","bd559716e3bf152a62fbcbfc0a0cc1a2","Type 3",21,0.0024791222490597,1
"remove_count_le_1","Remove count <=1","ASV","1a33ed79a9c8e83630551bde1a575306","Type 3",18,0.00212496192776546,1
"remove_count_le_1","Remove count <=1","ASV","b0fe4620dfa192867543b0391db708e7","Type 1",17,0.00200690848733405,1
"remove_count_le_1","Remove count <=1","ASV","f29663234ac6a84dbb2378af48ad7927","Type 5",7,0.000826374083019901,1
"remove_count_le_1","Remove count <=1","ASV","605498fd33deaba7f4b923afd4d50234","Type 2",30,0.00354160321294243,1
"remove_count_le_1","Remove count <=1","ASV","dee51dc122d97706cd45e35ed0343dcc","Type 2",14,0.0016527481660398,1
"remove_count_le_1","Remove count <=1","ASV","ca64044e47e001388ad364eee1d6c8ac","Type 5",8,0.000944427523451316,1
"remove_count_le_1","Remove count <=1","ASV","32e1fa4e27ea7b63b19d925d4d800cff","Type 4",5,0.000590267202157072,1
"remove_count_le_1","Remove count <=1","ASV","c5b6f5ec238ff5ce6317a8c2e1fec6ef","Type 4",8,0.000944427523451316,1
"remove_count_le_1","Remove count <=1","ASV","17ecb4806fdf95de88a001507b95851b","Type 5",4,0.000472213761725658,1
"remove_count_le_1","Remove count <=1","ASV","545e02d32bf168637a36e7689eb58894","Type 2",17,0.00200690848733405,1
"remove_count_le_1","Remove count <=1","ASV","04dacc0bef145ff51f0678f559c6587f","Type 3",3,0.000354160321294243,1
"remove_count_le_1","Remove count <=1","ASV","029c76efcff7044afc7a4d56e859c483","Type 2",15,0.00177080160647122,1
"remove_count_le_1","Remove count <=1","ASV","60fceb847341fe2d66b66ed77be36cc5","Type 4",8,0.000944427523451316,1
"remove_count_le_1","Remove count <=1","ASV","bcf6e3ac97a45dc8c454f193b6ead055","Type 3",4,0.000472213761725658,1
"remove_count_le_1","Remove count <=1","ASV","704ec5c71a4dcf69af39f440e796b6a7","Type 4",23,0.00271522912992253,1
"remove_count_le_1","Remove count <=1","ASV","9a8c1d47b27b348d020dba894d2fadc4","Type 3",33,0.00389576353423668,1
"remove_count_le_1","Remove count <=1","ASV","05fca37ecccd748bbd5f890e103fe064","Type 3",15,0.00177080160647122,1
"remove_count_le_1","Remove count <=1","ASV","18905163f64e0e1b72929d15301400a9","Type 1",38,0.00448603073639375,1
"remove_count_le_1","Remove count <=1","ASV","c86620f71264f85026aec7d80edfdfa3","Type 5",13,0.00153469472560839,1
"remove_count_le_1","Remove count <=1","ASV","e4fe773517284737f6ea24d33053eca9","Type 3",37,0.00436797729596234,1
"remove_count_le_1","Remove count <=1","ASV","df44111a770b5aff2adb4b6a4ad4d970","Type 4",21,0.0024791222490597,1
"remove_count_le_1","Remove count <=1","ASV","9116466c11ca60f87d14d9bad38e5fbc","Type 2",2,0.000236106880862829,1
"remove_count_le_1","Remove count <=1","ASV","ff9905ba584cbb2d6b227068c564774b","Type 1",4,0.000472213761725658,1
"remove_count_le_1","Remove count <=1","ASV","e4c40c43c5710d384a07c987ab71574e","Type 1",17,0.00200690848733405,1
"remove_count_le_1","Remove count <=1","ASV","2a1c8e1b3ea9419b4c896b257a26f73a","Type 1",27,0.00318744289164819,1
"remove_count_le_1","Remove count <=1","ASV","414bfae9378a1bfc0d79b16b675a5f37","Type 3",26,0.00306938945121678,1
"remove_count_le_1","Remove count <=1","ASV","fba3b67040499f2ea408dacb0f4127b8","Type 4",5,0.000590267202157072,1
"remove_count_le_1","Remove count <=1","ASV","cbf7363f07bf1590bed3e57d18c59c8f","Type 1",12,0.00141664128517697,1
"remove_count_le_1","Remove count <=1","ASV","5df9b67d322be2837d4404a3550a9464","Type 3",7,0.000826374083019901,1
"remove_count_le_1","Remove count <=1","ASV","cd6818519b8738b569438b0337fc5fcb","Type 1",4,0.000472213761725658,1
"remove_count_le_1","Remove count <=1","ASV","e783f62298db39dafd6395113d1a1aac","Type 2",6,0.000708320642588487,1
"remove_count_le_1","Remove count <=1","ASV","d5ee8fb237c3ac979986e551500506f4","Type 2",35,0.00413187041509951,1
"remove_count_le_1","Remove count <=1","ASV","be9a3278a031cf9255e4bcb5e014dd27","Type 3",9,0.00106248096388273,1
"remove_count_le_1","Remove count <=1","ASV","61e8c9aa8af06abe1ba4bd8e16b2c0cd","Type 3",18,0.00212496192776546,1
"remove_count_le_1","Remove count <=1","ASV","653031199ed0ae5648c816429d97b622","Type 2",13,0.00153469472560839,1
"remove_count_le_1","Remove count <=1","ASV","6a50b2c0029ed28caf25313960e5befa","Type 3",8,0.000944427523451316,1
"remove_count_le_1","Remove count <=1","ASV","048f4634b52d147dc183cae3a575e29c","Type 1",23,0.00271522912992253,1
"remove_count_le_1","Remove count <=1","ASV","796955b548bf9d0c0bbd355466a48568","Type 1",3,0.000354160321294243,1
"remove_count_le_1","Remove count <=1","ASV","cd75e2e81b81e0d4619b75a844c93946","Type 4",30,0.00354160321294243,1
"remove_count_le_1","Remove count <=1","ASV","bb18bc9335c48da9de43074e613edc9f","Type 2",7,0.000826374083019901,1
"remove_count_le_1","Remove count <=1","ASV","20d75890ee83f1dc28af464610366daf","Type 5",25,0.00295133601078536,1
"remove_count_le_1","Remove count <=1","ASV","bd70ff86d44ce073392ba44cc682ed77","Type 1",9,0.00106248096388273,1
"remove_count_le_1","Remove count <=1","ASV","25b44bf5f82a916683e7f381a2acad4d","Type 3",3,0.000354160321294243,1
"remove_count_le_1","Remove count <=1","ASV","406d362cac872c8bd9619cf741368304","Type 1",6,0.000708320642588487,1
"remove_count_le_1","Remove count <=1","ASV","6bb612d313062e2f1f0ef2b5f6ca5478","Type 1",8,0.000944427523451316,1
"remove_count_le_1","Remove count <=1","ASV","c8a6218790712b8c08f605b865c6e497","Type 1",3,0.000354160321294243,1
"remove_count_le_1","Remove count <=1","ASV","58dee1d98d22c2f622c9d3fa586c2e4e","Type 3",9,0.00106248096388273,1
"remove_count_le_1","Remove count <=1","ASV","451395a98eafed02c6a24f3dafbaa13d","Type 2",8,0.000944427523451316,1
"remove_count_le_1","Remove count <=1","ASV","a13dce895add088f18d0e430280854b1","Type 4",81,0.00956232867494457,1
"remove_count_le_1","Remove count <=1","ASV","b8f3a13c9cc30a48a4a180b2652d7da5","Type 3",12,0.00141664128517697,1
"remove_count_le_1","Remove count <=1","ASV","ca98c2f71fa7860e8be3b69cc0e6c6c1","Type 3",7,0.000826374083019901,1
"remove_count_le_1","Remove count <=1","ASV","054a3d89b18fe9efb721eae0b64f969b","Type 5",20,0.00236106880862829,1
"remove_count_le_1","Remove count <=1","ASV","7eec12da6222538ec66ac1a2888d6aa8","Type 5",20,0.00236106880862829,1
"remove_count_le_1","Remove count <=1","ASV","6726658e6ed1b518f3cdae63d51007c1","Type 2",14,0.0016527481660398,1
"remove_count_le_1","Remove count <=1","ASV","18ceb20f4a0682ada2a5849583d8a6eb","Type 1",31,0.00365965665337385,1
"remove_count_le_1","Remove count <=1","ASV","8b9e29f5765766ac33b2527c18d32b7c","Type 3",17,0.00200690848733405,1
"remove_count_le_1","Remove count <=1","ASV","5209b834a95dfd74256ec5c407d9db7f","Type 1",9,0.00106248096388273,1
"remove_count_le_1","Remove count <=1","ASV","b55b0efc0da8f7009505a40d6b04c82f","Type 3",27,0.00318744289164819,1
"remove_count_le_1","Remove count <=1","ASV","26d0a0cd5158b1bd403a1da61b616ec3","Type 3",5,0.000590267202157072,1
"remove_count_le_1","Remove count <=1","ASV","d5a4ec4339c4955f94811de7690ef425","Type 1",10,0.00118053440431414,1
"remove_count_le_1","Remove count <=1","ASV","71c05ef4f89bfda417762c6a3a199da5","Type 2",13,0.00153469472560839,1
"remove_count_le_1","Remove count <=1","ASV","c70da99b564b8891f929a4eae3dd9a8c","Type 1",12,0.00141664128517697,1
"remove_count_le_1","Remove count <=1","ASV","e6859f59dc65a27e30f6a546676c36cc","Type 5",6,0.000708320642588487,1
"remove_count_le_1","Remove count <=1","ASV","fa687d1012e19841b62a4679e2a437e5","Type 3",3,0.000354160321294243,1
"remove_count_le_1","Remove count <=1","ASV","75db1f48ddfc533dd67d12d70f3a5beb","Type 3",6,0.000708320642588487,1
"remove_count_le_1","Remove count <=1","ASV","35a00bfbab576eb2b19f3b0a044f41f2","Type 5",5,0.000590267202157072,1
"remove_count_le_1","Remove count <=1","ASV","73948445c2534487d73c1402eb9ca852","Type 3",45,0.00531240481941365,1
"remove_count_le_1","Remove count <=1","ASV","247d602f05f66004cc0ed1b3836024b1","Type 4",11,0.00129858784474556,1
"remove_count_le_1","Remove count <=1","ASV","777af065fba986b3744a73d72c79c51d","Type 4",21,0.0024791222490597,1
"remove_count_le_1","Remove count <=1","ASV","d4fba5d04794b4e6f50942386dd560c9","Type 5",7,0.000826374083019901,1
"remove_count_le_1","Remove count <=1","ASV","e7b34c409013003481efa65b7f7e3b93","Type 1",12,0.00141664128517697,1
"remove_count_le_1","Remove count <=1","ASV","5de75a73be3109110266de0a2c4b48d4","Type 2",5,0.000590267202157072,1
"remove_count_le_1","Remove count <=1","ASV","4ccb80d22b44ab5e9b9046f98977d7bc","Type 2",2,0.000236106880862829,1
"remove_count_le_1","Remove count <=1","ASV","a7b28cd50c535e8ead66ba31640df40c","Type 4",3,0.000354160321294243,1
"remove_count_le_1","Remove count <=1","ASV","99b77eecdf7d4aa8c432468a2ab4dd0e","Type 4",3,0.000354160321294243,1
"remove_count_le_1","Remove count <=1","ASV","e80281414450308eb353c9d4ba26b564","Type 3",3,0.000354160321294243,1
"remove_count_le_1","Remove count <=1","ASV","45d4b81dcdf10f08e2fbe0a21cec2106","Type 4",9,0.00106248096388273,1
"remove_count_le_1","Remove count <=1","ASV","7831ded805f91b30c7b978a266c866e4","Type 1",7,0.000826374083019901,1
"remove_count_le_1","Remove count <=1","ASV","97a96f227b5f9223f5a8a4d5ffedfec1","Type 5",59,0.00696515298545346,1
"remove_count_le_1","Remove count <=1","ASV","23d171acc6abd7a3b01835aa1586b272","Type 5",44,0.00519435137898224,1
"remove_count_le_1","Remove count <=1","ASV","beb20ef494d6232af88af5f79dea8650","Type 1",42,0.00495824449811941,1
"remove_count_le_1","Remove count <=1","ASV","9073ab0471335f19d68073228d0d8fa4","Type 5",34,0.00401381697466809,1
"remove_count_le_1","Remove count <=1","ASV","a426da67f474e95bd6883cb451d2556b","Type 1",14,0.0016527481660398,1
"remove_count_le_1","Remove count <=1","ASV","37b4c0a646eae759abc52f351da357fb","Type 5",4,0.000472213761725658,1
"remove_count_le_1","Remove count <=1","ASV","e075d7d3b6ae899ef1e8ccba4cd5114e","Type 4",28,0.00330549633207961,1
"remove_count_le_1","Remove count <=1","ASV","832bc5df53bf691d3ee5f68124f2e3e0","Type 3",7,0.000826374083019901,1
"remove_count_le_1","Remove count <=1","ASV","3c4244cc9a4ac8c05c6605547bbd2895","Type 1",15,0.00177080160647122,1
"remove_count_le_1","Remove count <=1","ASV","b7172f5577a9d4583fd459d1ce1384c3","Type 1",13,0.00153469472560839,1
"remove_count_le_1","Remove count <=1","ASV","3d9bab20ff7fa14c79580dc7911db354","Type 5",136,0.0160552678986724,1
"remove_count_le_1","Remove count <=1","ASV","57794dda7db6c9ef4758685f4030ca8d","Type 4",16,0.00188885504690263,1
"remove_count_le_1","Remove count <=1","ASV","73b545f60c0496028b21e24410709666","Type 4",5,0.000590267202157072,1
"remove_count_le_1","Remove count <=1","ASV","b5d60bd7014477b7bc29e87698e8a142","Type 2",5,0.000590267202157072,1
"remove_count_le_1","Remove count <=1","ASV","b1a45085ee40694347d1b5aa84bd36fe","Type 4",5,0.000590267202157072,1
"remove_count_le_1","Remove count <=1","ASV","abfb047cf4c9d4f6ae00cc3dd8bb3350","Type 4",9,0.00106248096388273,1
"remove_count_le_1","Remove count <=1","ASV","0d937c7e22f6689614265bc3ba6f7d1a","Type 3",7,0.000826374083019901,1
"remove_count_le_1","Remove count <=1","ASV","4c89ba9e18b32fa33d430e2a5f3eba7a","Type 5",26,0.00306938945121678,1
"remove_count_le_1","Remove count <=1","ASV","95c01b2cfdf98cd12b61f06d1d021ca0","Type 3",16,0.00188885504690263,1
"remove_count_le_1","Remove count <=1","ASV","080266a49210198ced78b29bcbf641fa","Type 3",12,0.00141664128517697,1
"remove_count_le_1","Remove count <=1","ASV","6032d514eaf334940a2eade17e9a63a3","Type 2",4,0.000472213761725658,1
"remove_count_le_1","Remove count <=1","ASV","e4555707f5c921e1c0706ad4ac021e81","Type 5",7,0.000826374083019901,1
"remove_count_le_1","Remove count <=1","ASV","1be251cfbaf5464193f94e92930cfe5c","Type 3",3,0.000354160321294243,1
"remove_count_le_1","Remove count <=1","ASV","41e63bd7158ff566d251fe250d877125","Type 4",9,0.00106248096388273,1
"remove_count_le_1","Remove count <=1","ASV","66457a5338a928780549ae32bc828a3b","Type 3",20,0.00236106880862829,1
"remove_count_le_1","Remove count <=1","ASV","a26d974dd6312398121659ff2ba0e2bf","Type 4",24,0.00283328257035395,2
"remove_count_le_1","Remove count <=1","ASV","a62f2ed69f644b4c05318e044b51a3d0","Type 3",11,0.00129858784474556,1
"remove_count_le_1","Remove count <=1","ASV","5519cf66820a84698c557cfc18a75f97","Type 4",13,0.00153469472560839,1
"remove_count_le_1","Remove count <=1","ASV","1aaf8e1a512d4db4526b71318a422752","Type 2",6,0.000708320642588487,1
"remove_count_le_1","Remove count <=1","ASV","b0181ac04e30f5a0bfb77bb6460d90cc","Type 1",3,0.000354160321294243,1
"remove_count_le_1","Remove count <=1","ASV","3cfc284a366fcbf3cfbefd9e65622026","Type 4",13,0.00153469472560839,1
"remove_count_le_1","Remove count <=1","ASV","3dd3a546bb917a7e3f7735244cb7a72b","Type 5",14,0.0016527481660398,1
"remove_count_le_1","Remove count <=1","ASV","e41d1fadd13c2115f985e88c98cfa1b8","Type 1",23,0.00271522912992253,1
"remove_count_le_1","Remove count <=1","ASV","192c931fcd56daaadfc0f9974b9167c9","Type 3",36,0.00424992385553092,1
"remove_count_le_1","Remove count <=1","ASV","56e07ad9980241f14da48c67494de950","Type 3",21,0.0024791222490597,1
"remove_count_le_1","Remove count <=1","ASV","fce79baf85493a6bc3974462e6ac7b66","Type 5",7,0.000826374083019901,1
"remove_count_le_1","Remove count <=1","ASV","67b023fe48c51fec88eb40e90ba63358","Type 3",2,0.000236106880862829,1
"remove_count_le_1","Remove count <=1","ASV","76f46bcf57d437557d85b51ea885902e","Type 1",3,0.000354160321294243,1
"remove_count_le_1","Remove count <=1","ASV","a4b0c67b9aaa0550c3aad8ceccac4c17","Type 4",100,0.0118053440431414,1
"remove_count_le_1","Remove count <=1","ASV","cfec99201fc68be2d0488bcc76a12890","Type 3",22,0.00259717568949112,1
"remove_count_le_1","Remove count <=1","ASV","b26039fd832570f925c58f2e6a003f6a","Type 1",8,0.000944427523451316,1
"remove_count_le_1","Remove count <=1","ASV","4830c51860ccb164f6cfb9862597fcd9","Type 1",7,0.000826374083019901,1
"remove_count_le_1","Remove count <=1","ASV","2bbf31764c85261ddd17b0ff809fbfd3","Type 5",14,0.0016527481660398,1
"remove_count_le_1","Remove count <=1","ASV","e3d2f2c2950cd53b31c42e65a07effeb","Type 2",8,0.000944427523451316,1
"remove_count_le_1","Remove count <=1","ASV","4b66566c95ccf63f5ed4f16168619155","Type 2",17,0.00200690848733405,2
"remove_count_le_1","Remove count <=1","ASV","24a92adf5b79c4a8990caa63936088bc","Type 2",19,0.00224301536819688,1
"remove_count_le_1","Remove count <=1","ASV","67bc39ee3c3274e7d82f196f84a8d25a","Type 4",10,0.00118053440431414,1
"remove_count_le_1","Remove count <=1","ASV","24d7a9c74a9bcf90d92d108d5a6df77b","Type 2",5,0.000590267202157072,1
"remove_count_le_1","Remove count <=1","ASV","b67df1bbc58659fa8ff135cd3c018255","Type 1",7,0.000826374083019901,1
"remove_count_le_1","Remove count <=1","ASV","47a81270e3ab23f92ad6164b8dd6bfbf","Type 2",13,0.00153469472560839,1
"remove_count_le_1","Remove count <=1","ASV","826aea9b9348e45bf0798f0e3caa8bab","Type 3",22,0.00259717568949112,1
"remove_count_le_1","Remove count <=1","ASV","9dccc11f81d739fc004341835bf66f59","Type 3",17,0.00200690848733405,1
"remove_count_le_1","Remove count <=1","ASV","a5e9eb32cf464264d9c16d6a85d7889e","Type 1",7,0.000826374083019901,1
"remove_count_le_1","Remove count <=1","ASV","d231cb98c71c340f2b3b49773c386ef2","Type 4",15,0.00177080160647122,1
"remove_count_le_1","Remove count <=1","ASV","9943b6aa3ea852ac004ba815b6a169ef","Type 4",60,0.00708320642588487,1
"remove_count_le_1","Remove count <=1","ASV","e2c7b64622a6b88d3869feac53491890","Type 5",16,0.00188885504690263,1
"remove_count_le_1","Remove count <=1","ASV","dfdda03ad1026d959e6b4971644512b6","Type 2",25,0.00295133601078536,1
"remove_count_le_1","Remove count <=1","ASV","bfa5941e75f86644e661471e582b1658","Type 1",17,0.00200690848733405,1
"remove_count_le_1","Remove count <=1","ASV","492041d34f2eea4453c112bd8bcc68fa","Type 3",11,0.00129858784474556,1
"remove_count_le_1","Remove count <=1","ASV","b6fa7b35ad9ee525987bd0682c7e2614","Type 5",10,0.00118053440431414,1
"remove_count_le_1","Remove count <=1","ASV","18815ed70a4f67feb48fb20a33f8368b","Type 4",70,0.00826374083019901,1
"remove_count_le_1","Remove count <=1","ASV","15086b11aba21e987d754ecbb4fd1158","Type 1",11,0.00129858784474556,1
"remove_count_le_1","Remove count <=1","ASV","c9b3b792c6074f60117206d8c37507cd","Type 2",8,0.000944427523451316,1
"remove_count_le_1","Remove count <=1","ASV","d626b422d9fb47d6ce1a07c1698e7255","Type 5",9,0.00106248096388273,1
"remove_count_le_1","Remove count <=1","ASV","a086f8d50efa91aad9d659c7c00ef41b","Type 5",3,0.000354160321294243,1
"remove_count_le_1","Remove count <=1","ASV","6d3cdc8832c35a5521d653dbb22f6f3a","Type 4",8,0.000944427523451316,1
"remove_count_le_1","Remove count <=1","ASV","442f2cd92425da3998c8d1630aefc80b","Type 4",53,0.00625683234286497,1
"remove_count_le_1","Remove count <=1","ASV","07233d1bdcd3aac125eced8f3255d444","Type 3",11,0.00129858784474556,1
"remove_count_le_1","Remove count <=1","ASV","052cda784f9a932ae3cee9f6d0d4128d","Type 4",2,0.000236106880862829,1
"remove_count_le_1","Remove count <=1","ASV","04a5b91f99436935e3522af66a4dc184","Type 4",26,0.00306938945121678,1
"remove_count_le_1","Remove count <=1","ASV","744b63f71e024e1181b32c7403466a5c","Type 1",6,0.000708320642588487,1
"remove_count_le_1","Remove count <=1","ASV","edb41708317b577142243a9418d79fb0","Type 5",56,0.00661099266415921,1
"remove_count_le_1","Remove count <=1","ASV","75edbfa5120612d564c4caae4aaa4033","Type 4",26,0.00306938945121678,1
"remove_count_le_1","Remove count <=1","ASV","523795f8f08737aec2ac4128f3b6d502","Type 2",13,0.00153469472560839,1
"remove_count_le_1","Remove count <=1","ASV","520711e285a51c13c12f1990c707e88e","Type 4",26,0.00306938945121678,1
"remove_count_le_1","Remove count <=1","ASV","8502c427f848df77383072ae00cf0e89","Type 5",359,0.0423811851148778,1
"remove_count_le_1","Remove count <=1","ASV","74c659635cb5843be90981a8a72d12aa","Type 1",5,0.000590267202157072,1
"remove_count_le_1","Remove count <=1","ASV","29fbb6c4bfe1ccc74f563199c2090905","Type 5",42,0.00495824449811941,1
"remove_count_le_1","Remove count <=1","ASV","ae082604d1ad207a83f4bd7179d830b3","Type 4",14,0.0016527481660398,1
"remove_count_le_1","Remove count <=1","ASV","8e19fc791dfb2124a469b31cfac9be97","Type 1",6,0.000708320642588487,1
"remove_count_le_1","Remove count <=1","ASV","ada3d973d82727d51c943107b7f91625","Type 3",4,0.000472213761725658,1
"remove_count_le_1","Remove count <=1","ASV","2267b53717a9642daf04458ec7648cfb","Type 3",4,0.000472213761725658,1
"remove_count_le_1","Remove count <=1","ASV","d63bb9cfd1695be99945784ad3ddeaf9","Type 3",4,0.000472213761725658,1
"remove_count_le_1","Remove count <=1","ASV","7e906aac4bfefe0d9a86ccf8fd2b23e8","Type 4",37,0.00436797729596234,1
"remove_count_le_1","Remove count <=1","ASV","a1bb2027b0704d6f3d2a5917c0b26c4e","Type 1",18,0.00212496192776546,2
"remove_count_le_1","Remove count <=1","ASV","9a701a558b0a6e1ec13815123ec0d62a","Type 5",5,0.000590267202157072,1
"remove_count_le_1","Remove count <=1","ASV","bef3ef64b8ed7d9a552d3ccf8ee6ab9c","Type 3",7,0.000826374083019901,1
"remove_count_le_1","Remove count <=1","ASV","ba7bfae0573fb44549ae5d4d4cf2d9f6","Type 4",5,0.000590267202157072,1
"remove_count_le_1","Remove count <=1","ASV","68dd96ed48888354c0248741aad60f31","Type 4",18,0.00212496192776546,1
"remove_count_le_1","Remove count <=1","ASV","424d265622fba0f34bc3454727c5574b","Type 1",14,0.0016527481660398,1
"remove_count_le_1","Remove count <=1","ASV","580a39907171df295e0591c85c328c1a","Type 4",10,0.00118053440431414,1
"remove_count_le_1","Remove count <=1","ASV","9012307e7fed70268e9f462e52238100","Type 4",10,0.00118053440431414,1
"remove_count_le_1","Remove count <=1","ASV","ee5be990233f99eded70433e365148ee","Type 1",45,0.00531240481941365,1
"remove_count_le_1","Remove count <=1","ASV","b8e63b8dd1f7290c3f1dd2c42eac5ce6","Type 2",9,0.00106248096388273,1
"remove_count_le_1","Remove count <=1","ASV","cd996ce9a2e22ac638f602422d6163ae","Type 3",16,0.00188885504690263,1
"remove_count_le_1","Remove count <=1","ASV","d0bbb3cf6f8c4d7a6fdd6a81d94daa81","Type 3",14,0.0016527481660398,1
"remove_count_le_1","Remove count <=1","ASV","33a4b160e1f1411ea02ae36df2dcc388","Type 5",3,0.000354160321294243,1
"remove_count_le_1","Remove count <=1","ASV","a2a551a8acf3b2c03d2d9c874bf2d3d6","Type 5",2,0.000236106880862829,1
"remove_count_le_1","Remove count <=1","ASV","0ffe8c3708edd90a3777487c68d40b90","Type 1",29,0.00342354977251102,1
"remove_count_le_1","Remove count <=1","ASV","657bd2c689f54713d1b237b655dd8480","Type 1",16,0.00188885504690263,1
"remove_count_le_1","Remove count <=1","ASV","d419db02c125e2d7f91319e8fa284390","Type 1",16,0.00188885504690263,1
"remove_count_le_1","Remove count <=1","ASV","af8133e97ee588af0c1c9004bb87600a","Type 4",9,0.00106248096388273,1
"remove_count_le_1","Remove count <=1","ASV","3f23ceb1ef108f7ce9cc7e5665c1f6af","Type 2",46,0.00543045825984507,1
"remove_count_le_1","Remove count <=1","ASV","4039487debd817f408340b43ac5e273b","Type 5",5,0.000590267202157072,1
"remove_count_le_1","Remove count <=1","ASV","7cd8a53a94d8ffa75abb0ad63ef3c2c8","Type 4",31,0.00365965665337385,1
"remove_count_le_1","Remove count <=1","ASV","38324513da609b6e73a048510d1fa90d","Type 2",3,0.000354160321294243,1
"remove_count_le_1","Remove count <=1","ASV","e20ac1fb04e443f0fc86017cec0b25cc","Type 3",2,0.000236106880862829,1
"remove_count_le_1","Remove count <=1","ASV","f5b86fa349f1d8d5abe6b1f25e437279","Type 3",4,0.000472213761725658,1
"remove_count_le_1","Remove count <=1","ASV","f72abff20162a869f7fb14c9b9468835","Type 4",36,0.00424992385553092,1
"remove_count_le_1","Remove count <=1","ASV","3b82f9cf834e33bae5a6dc636906dd06","Type 1",6,0.000708320642588487,1
"remove_count_le_1","Remove count <=1","ASV","aaf92cf9533f858977c37d2fc2715775","Type 3",3,0.000354160321294243,1
"remove_count_le_1","Remove count <=1","ASV","4a61a2b4a61e16813fe4d51ff38dd8bd","Type 4",32,0.00377771009380526,1
"remove_count_le_1","Remove count <=1","ASV","bcdb82d673e7f6e7447e7512e846dcf7","Type 2",31,0.00365965665337385,1
"remove_count_le_1","Remove count <=1","ASV","7f592e98ad366477c8022b26133d0091","Type 4",46,0.00543045825984507,1
"remove_count_le_1","Remove count <=1","ASV","e50b139105cb4064eb6373e614fed20a","Type 2",22,0.00259717568949112,1
"remove_count_le_1","Remove count <=1","ASV","cd82c9bd767109b3ca7c8e86c03ec444","Type 5",95,0.0112150768409844,1
"remove_count_le_1","Remove count <=1","ASV","0618cf9c34ee4df6b087853875912d28","Type 1",35,0.00413187041509951,1
"remove_count_le_1","Remove count <=1","ASV","6b6f04347d8385126935c22e8414ddb0","Type 1",40,0.00472213761725658,1
"remove_count_le_1","Remove count <=1","ASV","7b6b658ea8035ee681dbf66dab76c00c","Type 5",47,0.00554851170027648,1
"remove_count_le_1","Remove count <=1","ASV","28fcecdd4f13c2afa6fe633ae8c3b25a","Type 3",26,0.00306938945121678,1
"remove_count_le_1","Remove count <=1","ASV","e193284193d0555199648d6fe8ab413e","Type 2",15,0.00177080160647122,1
"remove_count_le_1","Remove count <=1","ASV","bae61bbffd0eedfe800a2cc439ce9ce4","Type 2",37,0.00436797729596234,1
"remove_count_le_1","Remove count <=1","ASV","8f88d3ea5e28a765eb4aa889beb40002","Type 4",25,0.00295133601078536,1
"remove_count_le_1","Remove count <=1","ASV","fdd6eb14382579bbadaa8aa8d8fd5bb2","Type 5",99,0.01168729060271,1
"remove_count_le_1","Remove count <=1","ASV","311f82d4fd5b43235054aee6289fe9a4","Type 1",14,0.0016527481660398,1
"remove_count_le_1","Remove count <=1","ASV","04151147f511f49cfecc16af42fca5d2","Type 4",31,0.00365965665337385,1
"remove_count_le_1","Remove count <=1","ASV","23d9592a5e4e37ac56b5de57300671c8","Type 1",13,0.00153469472560839,1
"remove_count_le_1","Remove count <=1","ASV","faffd6579ada0f49419f3d55a299be07","Type 5",4,0.000472213761725658,1
"remove_count_le_1","Remove count <=1","ASV","7fe69b1f61a3e8fb752148ac8affd5dd","Type 5",3,0.000354160321294243,1
"remove_count_le_1","Remove count <=1","ASV","dda061028004d41f250f025ec9667d05","Type 1",37,0.00436797729596234,1
"remove_count_le_1","Remove count <=1","ASV","fba4c80b618869514d4a310cd8bb88d7","Type 3",5,0.000590267202157072,1
"remove_count_le_1","Remove count <=1","ASV","6d34dcebdeae80eb707798ed8bc9e6e3","Type 1",2,0.000236106880862829,1
"remove_count_le_1","Remove count <=1","ASV","de877977144ecd92e3e03fd7f2edd632","Type 3",10,0.00118053440431414,1
"remove_count_le_1","Remove count <=1","ASV","51afe6f25ec5be5d9c5aeddcb4e66131","Type 4",28,0.00330549633207961,1
"remove_count_le_1","Remove count <=1","ASV","cfbd8f5af4a8eaf8629d5121f245d3ba","Type 2",14,0.0016527481660398,1
"remove_count_le_1","Remove count <=1","ASV","238ed3a0d258e7fbd0ef5f5d69467a12","Type 5",106,0.0125136646857299,1
"remove_count_le_1","Remove count <=1","ASV","220e2a2b77903f1acc66366fbbb22ac1","Type 5",65,0.00767347362804194,1
"remove_count_le_1","Remove count <=1","ASV","ad058722cc7080d62b46b086572cb3b9","Type 4",12,0.00141664128517697,1
"remove_count_le_1","Remove count <=1","ASV","64ba83c26d7ba4305f1d13a770f7a5be","Type 1",80,0.00944427523451316,1
"remove_count_le_1","Remove count <=1","ASV","9bd91ee96646f24bad3b414c7f7a67dd","Type 1",9,0.00106248096388273,1
"remove_count_le_1","Remove count <=1","ASV","05d6e52f43d7282a75681384ad5ff6d8","Type 2",15,0.00177080160647122,1
"remove_count_le_1","Remove count <=1","ASV","1bbda1bd1ed2497f117db89ae37adc90","Type 4",30,0.00354160321294243,1
"remove_count_le_1","Remove count <=1","ASV","96cbbc1380a2fef582d73b372e485e62","Type 2",14,0.0016527481660398,1
"remove_count_le_1","Remove count <=1","ASV","fb0ad60ced49855048379742780e2529","Type 1",21,0.0024791222490597,1
"remove_count_le_1","Remove count <=1","ASV","f502ab3ec6263cd75a3609a76c6b0c44","Type 1",18,0.00212496192776546,1
"remove_count_le_1","Remove count <=1","ASV","3e8d09c7f1cbfb4fabd9d69f8119e60a","Type 1",21,0.0024791222490597,1
"remove_count_le_1","Remove count <=1","ASV","f9631fc9ac60a726ce57f64f6bbed3d9","Type 2",34,0.00401381697466809,1
"remove_count_le_1","Remove count <=1","ASV","8b045de6f7dd2a63ed4a4d4ac04d7a19","Type 4",17,0.00200690848733405,1
"remove_count_le_1","Remove count <=1","ASV","85eda76aff096e0b6fac26742776c12f","Type 4",36,0.00424992385553092,1
"remove_count_le_1","Remove count <=1","ASV","d77aff99f894706a2a1f9cdb8316f687","Type 1",80,0.00944427523451316,1
"remove_count_le_1","Remove count <=1","ASV","7b24d5249c9f4032572ab3c8307ea7b5","Type 5",3,0.000354160321294243,1
"remove_count_le_1","Remove count <=1","ASV","356ffd020a9e8bb3646e2809ae2187f9","Type 3",16,0.00188885504690263,1
"remove_count_le_1","Remove count <=1","ASV","f436e8c0a679f4ac07269f8f755ce58a","Type 5",15,0.00177080160647122,1
"remove_count_le_1","Remove count <=1","ASV","f687ad0122d17e879ef838e74fbeebcb","Type 2",27,0.00318744289164819,1
"remove_count_le_1","Remove count <=1","ASV","f9f901ece633ba981d92e738c875a484","Type 3",15,0.00177080160647122,1
"remove_count_le_1","Remove count <=1","ASV","7e571da0a9eeba30fcd37d56e243a2db","Type 4",18,0.00212496192776546,1
"remove_count_le_1","Remove count <=1","ASV","70421744fbd2b3c5b82e03abd916163f","Type 2",5,0.000590267202157072,1
"remove_count_le_1","Remove count <=1","ASV","d5e9ebc22ca9b62b1fffe7782e365747","Type 2",30,0.00354160321294243,2
"remove_count_le_1","Remove count <=1","ASV","6999d84161d029ba477c475e91cd00e9","Type 4",10,0.00118053440431414,1
"remove_count_le_1","Remove count <=1","ASV","363727d90392e18e776aed1f3a71e89f","Type 2",12,0.00141664128517697,1
"remove_count_le_1","Remove count <=1","ASV","bb22e6d2b4e7939ff1edc50cab5c9130","Type 1",23,0.00271522912992253,1
"remove_count_le_1","Remove count <=1","ASV","717960ead6da1dc6ee42dea884f67347","Type 5",7,0.000826374083019901,1
"remove_count_le_1","Remove count <=1","ASV","3dd4409bdc87be1e492b2082b76e4ba9","Type 4",13,0.00153469472560839,1
"remove_count_le_1","Remove count <=1","ASV","cd4f3f0bd65c7f3521456adc8dc8fb55","Type 3",10,0.00118053440431414,1
"remove_count_le_1","Remove count <=1","ASV","6f91497606fe421fc1ff59d7d55e1186","Type 3",12,0.00141664128517697,1
"remove_count_le_1","Remove count <=1","ASV","a40ba395486eeb9dd80f5f633c82c0f7","Type 1",6,0.000708320642588487,1
"remove_count_le_1","Remove count <=1","ASV","a9beb237681b965e9dcae776517a4c96","Type 2",7,0.000826374083019901,1
"remove_count_le_1","Remove count <=1","ASV","9f206718d953b614552b9cf79902e3dd","Type 2",5,0.000590267202157072,1
"remove_count_le_1","Remove count <=1","ASV","ec838891faa3317f3afcd2d38b4e1923","Type 2",13,0.00153469472560839,1
"remove_count_le_1","Remove count <=1","ASV","670c1354afc6609d91dfc4184546ea58","Type 1",13,0.00153469472560839,1
"remove_count_le_1","Remove count <=1","ASV","14a716abf25aaae2d739db29fcf0ea3f","Type 2",4,0.000472213761725658,1
"remove_count_le_1","Remove count <=1","ASV","a7ffb15524e3ef43b0311b3cd60f8156","Type 2",11,0.00129858784474556,1
"remove_count_le_1","Remove count <=1","ASV","6b01118053f04df98945512d83984062","Type 1",4,0.000472213761725658,1
"remove_count_le_1","Remove count <=1","ASV","28e82ac50faab22d9428d78c36181743","Type 1",4,0.000472213761725658,1
"remove_count_le_1","Remove count <=1","ASV","e423277f6fcd9bead5bf13ade58d4de5","Type 3",7,0.000826374083019901,1
"remove_count_le_1","Remove count <=1","ASV","caa5248c2660878fac2218b81b13b8e0","Type 5",33,0.00389576353423668,1
"remove_count_le_1","Remove count <=1","ASV","050d46a27980fc3cbc7f1a3d04b66b12","Type 1",4,0.000472213761725658,1
"remove_count_le_1","Remove count <=1","ASV","126f3c073f21d6632d9d256142537db3","Type 2",13,0.00153469472560839,1
"remove_count_le_1","Remove count <=1","ASV","f6f0cea509375aec271736a0f70ad05b","Type 3",10,0.00118053440431414,1
"remove_count_le_1","Remove count <=1","ASV","cdd9e0b6ebfedae692db465b04f93178","Type 4",12,0.00141664128517697,1
"remove_count_le_1","Remove count <=1","ASV","7b644e38c03068c5ad4d11c00eaae9d5","Type 4",9,0.00106248096388273,1
"remove_count_le_1","Remove count <=1","ASV","90de1181eca5cec92ab80d159f177ef2","Type 3",4,0.000472213761725658,1
"remove_count_le_1","Remove count <=1","ASV","63d7f0cb46d16f7a3dbf13748ed52f3d","Type 2",3,0.000354160321294243,1
"remove_count_le_1","Remove count <=1","ASV","b237acb7c9ea317b7038f24d96d5d302","Type 1",13,0.00153469472560839,1
"remove_count_le_1","Remove count <=1","ASV","455bc63de8cb4c9b308f9ba69f3af0b2","Type 3",12,0.00141664128517697,1
"remove_count_le_1","Remove count <=1","ASV","03f9daed1f6d540da2aec105d0ea75bb","Type 4",4,0.000472213761725658,1
"remove_count_le_1","Remove count <=1","ASV","57dd84d72eac483f7f5ddc23191faa4d","Type 2",8,0.000944427523451316,1
"remove_count_le_1","Remove count <=1","ASV","cca62ce55fa1104839106ebc7d1a7667","Type 5",5,0.000590267202157072,1
"remove_count_le_1","Remove count <=1","ASV","2513f9843a703a7416099a3fa5c07d4c","Type 2",11,0.00129858784474556,1
"remove_count_le_1","Remove count <=1","ASV","c95694f9e5f84f0518ab08af3e4811ec","Type 1",11,0.00129858784474556,1
"remove_count_le_1","Remove count <=1","ASV","6bee3eeab5d2aed2aab34621e25b49d8","Type 1",6,0.000708320642588487,1
"remove_count_le_1","Remove count <=1","ASV","116562121bfd1151c28e32ea067b1228","Type 1",2,0.000236106880862829,1
"remove_count_le_1","Remove count <=1","ASV","c16345411b2428ad706dd067e17bd77d","Type 1",10,0.00118053440431414,1
"remove_count_le_1","Remove count <=1","ASV","6225582ef176595ad844c81e5d2e9711","Type 3",3,0.000354160321294243,1
"remove_count_le_1","Remove count <=1","ASV","09b4ff28606040c8d6c94dd2600ace0a","Type 4",2,0.000236106880862829,1
"remove_count_le_1","Remove count <=1","ASV","ccc78d11e1b5f0b68a4b8888ed3cbde2","Type 5",2,0.000236106880862829,1
"remove_count_le_1","Remove count <=1","ASV","46c24e45f710f0f13e9229d57673ca5a","Type 3",4,0.000472213761725658,1
"remove_count_le_1","Remove count <=1","ASV","d95d43e2d4490c088650670de3bfcd49","Type 2",4,0.000472213761725658,1
"remove_count_le_1","Remove count <=1","ASV","7ed627ea6d0ae56973f6c4d8f9944c8e","Type 5",2,0.000236106880862829,1
"remove_count_le_1","Remove count <=1","ASV","20c71ebbcfbabf45f16036be051b7769","Type 5",6,0.000708320642588487,1
"remove_count_le_1","Remove count <=1","ASV","f0a2510f876ac61a2018bf5abf3db6a2","Type 4",10,0.00118053440431414,1
"remove_count_le_1","Remove count <=1","ASV","be031cd7dd25c300e968887ed36d24e0","Type 1",7,0.000826374083019901,1
"remove_count_le_1","Remove count <=1","ASV","9ae36e9a8e7cceb827cfd1fa46652a45","Type 1",6,0.000708320642588487,1
"remove_count_le_1","Remove count <=1","ASV","e01d66fa265c6446a42f01dab36fabd0","Type 1",3,0.000354160321294243,1
"remove_count_le_1","Remove count <=1","ASV","c2345a31a7153e34bfc11ef94009f16a","Type 1",5,0.000590267202157072,1
"remove_count_le_1","Remove count <=1","ASV","59ef38dc6b706ebe3087a9c3c12872bd","Type 5",3,0.000354160321294243,1
"remove_count_le_1","Remove count <=1","ASV","ef450da5be9984b81fc7876638035fe8","Type 3",2,0.000236106880862829,1
"remove_count_le_1","Remove count <=1","ASV","f701cbc5da10b2d9cba3b0728f832f73","Type 4",6,0.000708320642588487,1
"remove_count_le_1","Remove count <=1","ASV","45989ee2ecdda9c0a99f22237962ffaf","Type 2",8,0.000944427523451316,1
"remove_count_le_1","Remove count <=1","ASV","1791749033c033469311c89113bf3622","Type 4",22,0.00259717568949112,1
"remove_count_le_1","Remove count <=1","ASV","108a4977d68123dfb038a844e0914e68","Type 2",41,0.00484019105768799,1
"remove_count_le_1","Remove count <=1","ASV","4d93bab217f59fc60b09e72013e8e539","Type 2",8,0.000944427523451316,1
"remove_count_le_1","Remove count <=1","ASV","e96014e013ca5861bc7ffac5f0a38cc7","Type 3",5,0.000590267202157072,1
"remove_count_le_1","Remove count <=1","ASV","89cd28241634943bbf76d4563cca4e89","Type 1",6,0.000708320642588487,1
"remove_count_le_1","Remove count <=1","ASV","1d40e2571405372e4e88e78c04fdb0c1","Type 3",3,0.000354160321294243,1
"remove_count_le_1","Remove count <=1","ASV","d8a6468c46a1b3781b1e15064c39a8bf","Type 5",5,0.000590267202157072,1
"remove_count_le_1","Remove count <=1","ASV","23bc539806048f958b057d2fc92bf2b4","Type 2",6,0.000708320642588487,1
"remove_count_le_1","Remove count <=1","ASV","e2e7a1e7395d82f92ddfe03057973b76","Type 3",6,0.000708320642588487,1
"remove_count_le_1","Remove count <=1","ASV","54d1a63ede45b20a5e728db9d0c720a9","Type 2",4,0.000472213761725658,1
"remove_count_le_1","Remove count <=1","ASV","337be288743ffa9aa68952dde1198dda","Type 2",10,0.00118053440431414,1
"remove_count_le_1","Remove count <=1","ASV","0e20328b120953d3676920681b77ab49","Type 5",8,0.000944427523451316,1
"remove_count_le_1","Remove count <=1","ASV","72099d904e500a58c0d01db18eeb0f41","Type 1",9,0.00106248096388273,1
"remove_count_le_1","Remove count <=1","ASV","ffaeff97aa0b024482f8d0b32a127885","Type 4",6,0.000708320642588487,1
"remove_count_le_1","Remove count <=1","ASV","810184c56057af36b8df164e03101b86","Type 4",7,0.000826374083019901,1
"remove_count_le_1","Remove count <=1","ASV","d023c6190da06c1d2d1f1477046cc3e3","Type 4",26,0.00306938945121678,1
"remove_count_le_1","Remove count <=1","ASV","d9a49f47c3835a42553e8e6bfd808773","Type 4",15,0.00177080160647122,1
"remove_count_le_1","Remove count <=1","ASV","0b2fe4fb7db539ff9a4fa9d27c0faa62","Type 1",6,0.000708320642588487,1
"remove_count_le_1","Remove count <=1","ASV","8459d7cb3a2b19a181aa31512f398869","Type 4",15,0.00177080160647122,1
"remove_count_le_1","Remove count <=1","ASV","45e3f3f280507375f3d96c07e56be4c3","Type 4",182,0.0214857261585174,1
"remove_count_le_1","Remove count <=1","ASV","6ebb40ceb1600b1f876520bc4fc5497b","Type 3",7,0.000826374083019901,1
"remove_count_le_1","Remove count <=1","ASV","8c4d4bf4728b84e9a3f5c81a5bbcb20e","Type 5",29,0.00342354977251102,1
"remove_count_le_1","Remove count <=1","ASV","59e9209bb9de2d2ed76c4419a5d696dd","Type 5",20,0.00236106880862829,1
"remove_count_le_1","Remove count <=1","ASV","52cfd1fd329851e99853eca8f37aa050","Type 3",8,0.000944427523451316,1
"remove_count_le_1","Remove count <=1","ASV","1dd2d03bf672608a258cb4ef5543cad2","Type 5",10,0.00118053440431414,1
"remove_count_le_1","Remove count <=1","ASV","47197ee817bb57421f861e8b877e0588","Type 4",572,0.0675265679267691,1
"remove_count_le_1","Remove count <=1","ASV","16c63bbdf90bb1ded0a26d5fa70c0036","Type 4",16,0.00188885504690263,1
"remove_count_le_1","Remove count <=1","ASV","e863f60c2b404781ce435283c0b37574","Type 4",22,0.00259717568949112,1
"remove_count_le_1","Remove count <=1","ASV","ad35a9c3a94767e53f68fcd1bdacc1fc","Type 3",3,0.000354160321294243,1
"remove_count_le_1","Remove count <=1","ASV","858b9292b21db7fe07ea3cc766b912dc","Type 3",9,0.00106248096388273,1
"remove_count_le_1","Remove count <=1","ASV","ae7508e0c0f5db07a8e8242c6148c34d","Type 2",5,0.000590267202157072,1
"remove_count_le_1","Remove count <=1","ASV","b4cc697fe846f736906b4d261b088dfd","Type 2",3,0.000354160321294243,1
"remove_count_le_1","Remove count <=1","ASV","35527ffa9f44ebbf586ab787211da1c3","Type 4",7,0.000826374083019901,1
"remove_count_le_1","Remove count <=1","ASV","a67325486802911e948473f4b8b71ebe","Type 4",6,0.000708320642588487,1
"remove_count_le_1","Remove count <=1","ASV","1813a356c899840a7219062a1a3f47b5","Type 4",4,0.000472213761725658,1
"remove_count_le_1","Remove count <=1","ASV","de2b4b14636d09e2d4611f822ab82457","Type 5",69,0.0081456873897676,1
"remove_count_le_1","Remove count <=1","ASV","8330e416f5e9763da505ceb4330ea51d","Type 2",23,0.00271522912992253,1
"remove_count_le_1","Remove count <=1","ASV","c8f2f61d52781e18cc8ac65f9f89fcd1","Type 1",12,0.00141664128517697,1
"remove_count_le_1","Remove count <=1","ASV","b230581a663e0797c9116d2661cab125","Type 3",38,0.00448603073639375,1
"remove_count_le_1","Remove count <=1","ASV","9fcd44e35ec88e39d7c5b5f611f81911","Type 1",10,0.00118053440431414,1
"remove_count_le_1","Remove count <=1","ASV","f95472ff5305d00c44f2c7e516452737","Type 3",6,0.000708320642588487,1
"remove_count_le_1","Remove count <=1","ASV","4ca87931296e46e2741cdfd5d76d51e4","Type 4",11,0.00129858784474556,1
"remove_count_le_1","Remove count <=1","ASV","e14904089516747736b06bee3675402e","Type 4",6,0.000708320642588487,1
"remove_count_le_1","Remove count <=1","ASV","ad490013f6967a5e303129f81df260cb","Type 4",6,0.000708320642588487,1
"remove_count_le_1","Remove count <=1","ASV","2c006b1016329ed90476ea009bf4606e","Type 2",25,0.00295133601078536,1
"remove_count_le_1","Remove count <=1","ASV","94388351f1fe8cd33aa9ddf1962f04c1","Type 2",10,0.00118053440431414,1
"remove_count_le_1","Remove count <=1","ASV","fe278eabfc85664fcf6e9acd8162be2d","Type 2",31,0.00365965665337385,1
"remove_count_le_1","Remove count <=1","ASV","a85cbd6cdbe21b8a481bd62661cdbb17","Type 1",21,0.0024791222490597,1
"remove_count_le_1","Remove count <=1","ASV","d69b34a41f5aa24c90f7d564311da27f","Type 1",20,0.00236106880862829,1
"remove_count_le_1","Remove count <=1","ASV","e44a352ce6fd903864f5e6d7b0d9048e","Type 1",12,0.00141664128517697,1
"remove_count_le_1","Remove count <=1","ASV","39da947d17b83a970fd2e6f749f1f83c","Type 1",20,0.00236106880862829,1
"remove_count_le_1","Remove count <=1","ASV","0a22045d1af57188e792411f56c7816d","Type 1",15,0.00177080160647122,1
"remove_count_le_1","Remove count <=1","ASV","630098d7056f6b23cb94fa1e04c7339c","Type 3",16,0.00188885504690263,1
"remove_count_le_1","Remove count <=1","ASV","c424e25d38598a304a88f865cc220714","Type 1",30,0.00354160321294243,1
"remove_count_le_1","Remove count <=1","ASV","69027924f03686cd59516ccbd7e0a120","Type 1",10,0.00118053440431414,1
"remove_count_le_1","Remove count <=1","ASV","40789c2114ba86642e3567cf4c9f17d2","Type 2",12,0.00141664128517697,1
"remove_count_le_1","Remove count <=1","ASV","31af8dda7b9b660c2d50aef9c50f0e4e","Type 4",3,0.000354160321294243,1
"remove_count_le_1","Remove count <=1","ASV","50a12e0b6a6399f107bdfcadc93a8cc4","Type 4",22,0.00259717568949112,1
"remove_count_le_1","Remove count <=1","ASV","b31213c4220f5864ef9922595fe9f855","Type 5",3,0.000354160321294243,1
"remove_count_le_1","Remove count <=1","ASV","300837fe392a9506546f1970bd365d4b","Type 1",15,0.00177080160647122,1
"remove_count_le_1","Remove count <=1","ASV","f09f3bfabd5f786a95e8202990352551","Type 1",7,0.000826374083019901,1
"remove_count_le_1","Remove count <=1","ASV","87936a4ca2983a1e808424dbce5aab65","Type 3",8,0.000944427523451316,1
"remove_count_le_1","Remove count <=1","ASV","84adb19ad7fdf9bab6c55f7527da26f8","Type 2",5,0.000590267202157072,1
"remove_count_le_1","Remove count <=1","ASV","b10310466c3f849345358aed50009bfd","Type 2",22,0.00259717568949112,1
"remove_count_le_1","Remove count <=1","ASV","88098ab3f8048c851897dbd0bcb5cb7d","Type 4",7,0.000826374083019901,1
"remove_count_le_1","Remove count <=1","ASV","359ecad657c87d48177d81d15298e080","Type 4",17,0.00200690848733405,1
"remove_count_le_1","Remove count <=1","ASV","05fcdbf22abe66e94b0ede4dfd85ca1e","Type 1",22,0.00259717568949112,2
"remove_count_le_1","Remove count <=1","ASV","7aada437a689b290462ad3d8da6d6550","Type 1",6,0.000708320642588487,1
"remove_count_le_1","Remove count <=1","ASV","f44f6ed70dbe0b08a8c404615bafd5d7","Type 1",4,0.000472213761725658,1
"remove_count_le_1","Remove count <=1","ASV","a741a4e976ff31ef8f1e8126b7332efd","Type 1",8,0.000944427523451316,1
"remove_count_le_1","Remove count <=1","ASV","5040868dccc4bffac80996af0a7edc83","Type 3",4,0.000472213761725658,1
"remove_count_le_1","Remove count <=1","ASV","67b916caef6efb59d8255dbf58b35007","Type 2",12,0.00141664128517697,1
"remove_count_le_1","Remove count <=1","ASV","92266a78cdeba7ec0545d53521fd333b","Type 3",7,0.000826374083019901,1
"remove_count_le_1","Remove count <=1","ASV","f8aa742619b4c6579bfc953b7fda01b7","Type 1",4,0.000472213761725658,1
"remove_count_le_1","Remove count <=1","ASV","02a0a4856c7072fb58497808935c6fe1","Type 1",9,0.00106248096388273,1
"remove_count_le_1","Remove count <=1","ASV","18b0c9ebe534c105ee27dec86a0fc43e","Type 1",8,0.000944427523451316,1
"remove_count_le_1","Remove count <=1","ASV","b765346d065e508c6263c505decbb3f2","Type 5",54,0.00637488578329638,1
"remove_count_le_1","Remove count <=1","ASV","a7d73d00201f5dfac32d5042e3aa7039","Type 4",3,0.000354160321294243,1
"remove_count_le_1","Remove count <=1","ASV","b723944ca7a77c9a7a36b0b233b77802","Type 1",13,0.00153469472560839,1
"remove_count_le_1","Remove count <=1","ASV","a72722a44c240ad69ea6f73ff6879650","Type 4",4,0.000472213761725658,1
"remove_count_le_1","Remove count <=1","ASV","13fb1106cb988b93d742c82bb067cd7c","Type 1",36,0.00424992385553092,1
"remove_count_le_1","Remove count <=1","ASV","f5c922a9f7776182bf02bf9b23b4d3e2","Type 4",4,0.000472213761725658,1
"remove_count_le_1","Remove count <=1","ASV","1422aef8849148a9b52ce185862dc22f","Type 2",19,0.00224301536819688,1
"remove_count_le_1","Remove count <=1","ASV","ca2961e3b7858496c79c57b08146de5a","Type 2",7,0.000826374083019901,1
"remove_count_le_1","Remove count <=1","ASV","495e8dea6a5432de3202ffe99922c1c5","Type 1",4,0.000472213761725658,1
"remove_count_le_1","Remove count <=1","ASV","1a7e4f61cb855f1cf44b93f02d1e46e3","Type 3",12,0.00141664128517697,1
"remove_count_le_1","Remove count <=1","ASV","b9879da874f023629c4384ada519ba98","Type 3",21,0.0024791222490597,1
"remove_count_le_1","Remove count <=1","ASV","2f7ab09df42772d54308dfa6e66bdfd0","Type 1",3,0.000354160321294243,1
"remove_count_le_1","Remove count <=1","ASV","c267dc0912cbc6475bb64ff0f47644b0","Type 1",5,0.000590267202157072,1
"remove_count_le_1","Remove count <=1","ASV","9e4e0a14e344ddd228e170b5273c0367","Type 2",3,0.000354160321294243,1
"remove_count_le_1","Remove count <=1","ASV","0becb2d1042a22958ef89519c21b1afb","Type 2",7,0.000826374083019901,1
"remove_count_le_1","Remove count <=1","ASV","dc9e2860e3fa93f9e4bf136144d697d6","Type 5",4,0.000472213761725658,1
"remove_count_le_1","Remove count <=1","ASV","349bbba3e453a6a521f1a9eac332dd98","Type 3",31,0.00365965665337385,1
"remove_count_le_1","Remove count <=1","ASV","58a55ef675959feb2e051cb105b26bac","Type 2",4,0.000472213761725658,1
"remove_count_le_1","Remove count <=1","ASV","54a80672245a59bdc29b07c6aaa92aed","Type 3",7,0.000826374083019901,1
"remove_count_le_1","Remove count <=1","ASV","12f656f851ff61d7549078ac1377ba9a","Type 3",6,0.000708320642588487,1
"remove_count_le_1","Remove count <=1","ASV","b0b7970982147410d319dcd559def94c","Type 4",9,0.00106248096388273,1
"remove_count_le_1","Remove count <=1","ASV","5717d67a168720c02bf93002d63744cb","Type 4",11,0.00129858784474556,1
"remove_count_le_1","Remove count <=1","ASV","a487653a8a4441c589dd56a3eab9f3be","Type 3",2,0.000236106880862829,1
"remove_count_le_1","Remove count <=1","ASV","e3fdc525c94cd77c1eaf6c42eeca5099","Type 1",7,0.000826374083019901,1
"remove_count_le_1","Remove count <=1","ASV","08f8fc5189cd6ed0162bccde0be02367","Type 2",13,0.00153469472560839,1
"remove_count_le_1","Remove count <=1","ASV","003d7eb21c0f6ac43dbd72da67ffeccf","Type 3",6,0.000708320642588487,1
"remove_count_le_1","Remove count <=1","ASV","fe00e9dc2b0d57671c5d87b12972291f","Type 2",18,0.00212496192776546,1
"remove_count_le_1","Remove count <=1","ASV","b75243ba24dd1bca83a696c6c58c9428","Type 2",13,0.00153469472560839,1
"remove_count_le_1","Remove count <=1","ASV","d6a90cae54cff1a9311f1b52054c02e0","Type 5",8,0.000944427523451316,1
"remove_count_le_1","Remove count <=1","ASV","205b8ebbe28117767c6974e1c4e05f03","Type 3",78,0.00920816835365033,1
"remove_count_le_1","Remove count <=1","ASV","f72d6015da6fdde7e9c38529a0e7b1d5","Type 4",10,0.00118053440431414,1
"remove_count_le_1","Remove count <=1","ASV","3b7a478c888beccea889f21d007fecb7","Type 5",6,0.000708320642588487,1
"remove_count_le_1","Remove count <=1","ASV","3d0b7ef791c9da681208357df760c2bf","Type 5",24,0.00283328257035395,1
"remove_count_le_1","Remove count <=1","ASV","e6843182569b9397a41f35044a4b80f1","Type 4",4,0.000472213761725658,1
"remove_count_le_1","Remove count <=1","ASV","19785a61e475edf88799b91f3a11a027","Type 4",3,0.000354160321294243,1
"remove_count_le_1","Remove count <=1","ASV","1b572d1a5d309b0c223612f94c9291d0","Type 3",21,0.0024791222490597,1
"remove_count_le_1","Remove count <=1","ASV","afcdea6419fba2836648ad9a6ade9ac5","Type 5",5,0.000590267202157072,1
"remove_count_le_1","Remove count <=1","ASV","836fee70ce21fe78e499b1aa854638e1","Type 4",7,0.000826374083019901,1
"remove_count_le_1","Remove count <=1","ASV","55f4680484871fcda4400deafa7fb33b","Type 3",60,0.00708320642588487,1
"remove_count_le_1","Remove count <=1","ASV","3fce0a9c241df3116bb98f0603ea523c","Type 4",3,0.000354160321294243,1
"remove_count_le_1","Remove count <=1","ASV","7ed7688307301cb442dac65301957d05","Type 3",2,0.000236106880862829,1
"remove_count_le_1","Remove count <=1","ASV","b35eed087e60c3827eb224f4e4922e14","Type 3",2,0.000236106880862829,1
"remove_count_le_1","Remove count <=1","ASV","696db1c0427aa5a7996d4c3a73306172","Type 4",46,0.00543045825984507,1
"remove_count_le_1","Remove count <=1","ASV","d28702f527ca84119434a5d089dea094","Type 1",143,0.0168816419816923,1
"remove_count_le_1","Remove count <=1","ASV","92981a4f9e607d7f28d045957da39fcf","Type 2",9,0.00106248096388273,1
"remove_count_le_1","Remove count <=1","ASV","bc87377e8fbfd147983eebf52cd6973e","Type 5",3,0.000354160321294243,1
"remove_count_le_1","Remove count <=1","ASV","d4841fd1d61b4703cdd6ce863db17fea","Type 1",34,0.00401381697466809,1
"remove_count_le_1","Remove count <=1","ASV","7753656d7df0e072687007326872c341","Type 4",2,0.000236106880862829,1
"remove_count_le_1","Remove count <=1","ASV","0284a191bcee8c9f60a648f93ef001a6","Type 3",22,0.00259717568949112,1
"remove_count_le_1","Remove count <=1","ASV","00cfc29ac04e18cd07d7304660e727e6","Type 4",30,0.00354160321294243,1
"remove_count_le_1","Remove count <=1","ASV","dc390144e9abffd1f6d1acb507cbfc5e","Type 3",39,0.00460408417682517,1
"remove_count_le_1","Remove count <=1","ASV","87035d920420b74c23302e3b282b26e6","Type 1",13,0.00153469472560839,1
"remove_count_le_1","Remove count <=1","ASV","c55ca5a484eb8da50b59f3827aac2cc2","Type 3",13,0.00153469472560839,1
"remove_count_le_1","Remove count <=1","ASV","6ca13e87115a05cbc0f31f65b759b3d3","Type 5",11,0.00129858784474556,1
"remove_count_le_1","Remove count <=1","ASV","641c06a91741e70e0b4041534ed602fa","Type 1",21,0.0024791222490597,1
"remove_count_le_1","Remove count <=1","ASV","051d5187a1ef3b3c38a46f56d9448a99","Type 3",12,0.00141664128517697,1
"remove_count_le_1","Remove count <=1","ASV","8b9723d34d870fd0bc3d0f84877810e3","Type 1",5,0.000590267202157072,1
"remove_count_le_1","Remove count <=1","ASV","a433a2d87737d2dbf73ad13321f67911","Type 4",14,0.0016527481660398,1
"remove_count_le_1","Remove count <=1","ASV","fc0d2222112ba5d85a953f7fee8e7550","Type 4",5,0.000590267202157072,1
"remove_count_le_1","Remove count <=1","ASV","edc3f4c080a446d2a05df00be9af9689","Type 5",2,0.000236106880862829,1
"remove_count_le_1","Remove count <=1","ASV","0535f4bb8a671a91b7c6080f796b0bc0","Type 3",3,0.000354160321294243,1
"remove_count_le_1","Remove count <=1","ASV","3d321b478b7fd39dc8ac6c68a827a622","Type 4",19,0.00224301536819688,1
"remove_count_le_1","Remove count <=1","ASV","d127837f1b6ab3f7bdad8d8d125f0b08","Type 1",14,0.0016527481660398,1
"remove_count_le_1","Remove count <=1","ASV","06923050b2a5b3f62a80aa7dc57d2748","Type 2",15,0.00177080160647122,1
"remove_count_le_1","Remove count <=1","ASV","8565dacf1db3e048ac63f478454923c7","Type 2",30,0.00354160321294243,1
"remove_count_le_1","Remove count <=1","ASV","a213a5f3747bba461dc81e089783a63c","Type 4",9,0.00106248096388273,1
"remove_count_le_1","Remove count <=1","ASV","a6a5c75bcf40728c389d91b17e569cb0","Type 3",5,0.000590267202157072,1
"remove_count_le_1","Remove count <=1","ASV","9be358b525c083e9b0e67426c63d4926","Type 3",5,0.000590267202157072,1
"remove_count_le_1","Remove count <=1","ASV","a1e2b28fb788c9542caf556c169bd434","Type 4",102,0.0120414509240043,2
"remove_count_le_1","Remove count <=1","ASV","1e216575eb4926e560e35d9817b49f48","Type 3",9,0.00106248096388273,1
"remove_count_le_1","Remove count <=1","ASV","5fc221d85bad4b52cb2c8f848f78200f","Type 3",8,0.000944427523451316,1
"remove_count_le_1","Remove count <=1","ASV","5798c3ce95dd924b01da7e7bb88de5c4","Type 4",26,0.00306938945121678,1
"remove_count_le_1","Remove count <=1","ASV","48a6357a325aff1f554259eb32174362","Type 2",11,0.00129858784474556,1
"remove_count_le_1","Remove count <=1","ASV","a47b8216f72af411c683bfe0846aa555","Type 2",29,0.00342354977251102,1
"remove_count_le_1","Remove count <=1","ASV","4ed1aaefaefe8f38b7f6a4c1fd82d1ba","Type 3",19,0.00224301536819688,1
"remove_count_le_1","Remove count <=1","ASV","31f58e24b1887b84bae983cb91ec62f0","Type 1",14,0.0016527481660398,1
"remove_count_le_1","Remove count <=1","ASV","b733b3851a774a99efd0dd4c1d92054c","Type 4",27,0.00318744289164819,1
"remove_count_le_1","Remove count <=1","ASV","302bf7a5ed63144059d0db8f906a743f","Type 3",27,0.00318744289164819,1
"remove_count_le_1","Remove count <=1","ASV","00517aa95de700c3f4ba437927f91b67","Type 5",4,0.000472213761725658,1
"remove_count_le_1","Remove count <=1","ASV","8ada8a5b8f21a7dc546f16c295fd64f4","Type 1",27,0.00318744289164819,1
"remove_count_le_1","Remove count <=1","ASV","94c7ec8370890fe34121a543865065b2","Type 1",26,0.00306938945121678,1
"remove_count_le_1","Remove count <=1","ASV","e9a5c982ac193caeef238cb8f19f17ed","Type 2",18,0.00212496192776546,1
"remove_count_le_1","Remove count <=1","ASV","0d2e525a8a95346e442ef5d0211cf2fb","Type 2",8,0.000944427523451316,1
"remove_count_le_1","Remove count <=1","ASV","e563960345dadf433f5917fc5c4d7468","Type 1",21,0.0024791222490597,1
"remove_count_le_1","Remove count <=1","ASV","56fea6c1941d9474e57c9876ed0a066b","Type 5",7,0.000826374083019901,1
"remove_count_le_1","Remove count <=1","ASV","be765e929e8c9e7845dc8abd26cbda3e","Type 2",22,0.00259717568949112,1
"remove_count_le_1","Remove count <=1","ASV","5618bfb6e050dba2c43d0f395fb3f460","Type 2",91,0.0107428630792587,1
"remove_count_le_1","Remove count <=1","ASV","b66b3e7d5986ed8721f7bd4f6538105c","Type 5",13,0.00153469472560839,1
"remove_count_le_1","Remove count <=1","ASV","62e5c906ad9715bb8f950546d1dc51ae","Type 2",5,0.000590267202157072,1
"remove_count_le_1","Remove count <=1","ASV","bc4840149ea95a9dda84b36dea2bd7e1","Type 5",8,0.000944427523451316,1
"remove_count_le_1","Remove count <=1","ASV","2b25b87a1770631f88b5af0331e8a4f9","Type 1",5,0.000590267202157072,1
"remove_count_le_1","Remove count <=1","ASV","7fe8ffcd13c28d9c2d3a19a8c0a3f278","Type 2",80,0.00944427523451316,1
"remove_count_le_1","Remove count <=1","ASV","eebcd0d2ff780ea666da3bcde1a4efcd","Type 3",7,0.000826374083019901,1
"remove_count_le_1","Remove count <=1","ASV","d7208e0c7d049f549d0efd21aa3db055","Type 3",12,0.00141664128517697,1
"remove_count_le_1","Remove count <=1","ASV","c1d09c6dc27be51625c78d4c2e112af6","Type 1",39,0.00460408417682517,1
"remove_count_le_1","Remove count <=1","ASV","b4ba143526e0fa11c5a583122941a32a","Type 1",14,0.0016527481660398,1
"remove_count_le_1","Remove count <=1","ASV","bf8d8ea01aed4df108bbe47abdfce0b8","Type 2",23,0.00271522912992253,1
"remove_count_le_1","Remove count <=1","ASV","a903e90a0e27f596809dce31639a5cde","Type 3",16,0.00188885504690263,1
"remove_count_le_1","Remove count <=1","ASV","6df48c8a82fc59cef263a60322dfd5ed","Type 1",11,0.00129858784474556,1
"remove_count_le_1","Remove count <=1","ASV","38503c18a7280248bdf5ae9fc87bb0bf","Type 5",13,0.00153469472560839,1
"remove_count_le_1","Remove count <=1","ASV","3900788b7b84bd7fa2032124971a2365","Type 2",125,0.0147566800539268,1
"remove_count_le_1","Remove count <=1","ASV","0d7f3b8104652d6c4142f8bf5be5a1b3","Type 4",57,0.00672904610459063,1
"remove_count_le_1","Remove count <=1","ASV","187a90e1cd9dbe06946570ea904a10af","Type 3",23,0.00271522912992253,1
"remove_count_le_1","Remove count <=1","ASV","2eb110a5c2d77785c1a83c456a6b293f","Type 3",17,0.00200690848733405,1
"remove_count_le_1","Remove count <=1","ASV","10f0c27ef0406b085cb21cc3b5d5a072","Type 5",13,0.00153469472560839,1
"remove_count_le_1","Remove count <=1","ASV","020a8a0635b569b6cc23caeb158c7d76","Type 4",31,0.00365965665337385,1
"remove_count_le_1","Remove count <=1","ASV","bf02f0971786b11fc196cfa5d7ea64f2","Type 2",96,0.0113331302814158,1
"remove_count_le_1","Remove count <=1","ASV","4da622854f8aaa39907bbcb62502b53d","Type 4",2,0.000236106880862829,1
"remove_count_le_1","Remove count <=1","ASV","df6cada9f6db0bcb5d29ce046701b42c","Type 1",17,0.00200690848733405,1
"remove_count_le_1","Remove count <=1","ASV","fd446e99694b50303ff580b0ad551915","Type 5",11,0.00129858784474556,1
"remove_count_le_1","Remove count <=1","ASV","9289336fcab7014e9a8de2f6c4bd8da7","Type 4",5,0.000590267202157072,1
"remove_count_le_1","Remove count <=1","ASV","8b785aa3309abaf00340534771e6cdb6","Type 5",18,0.00212496192776546,1
"remove_count_le_1","Remove count <=1","ASV","1cc0a353b682bc024884178612bcfa61","Type 3",4,0.000472213761725658,1
"remove_count_le_1","Remove count <=1","ASV","a8f1f675dc40132c56446417a5bbe00e","Type 4",11,0.00129858784474556,1
"remove_count_le_1","Remove count <=1","ASV","fc1273e8f972f9d78c2ea945f2622790","Type 4",33,0.00389576353423668,1
"remove_count_le_1","Remove count <=1","ASV","be839ee45d3e88dcc6313eaffe650de0","Type 5",72,0.00849984771106184,1
"remove_count_le_1","Remove count <=1","ASV","0dd85b618dc30ae6611a03503ba66b1b","Type 3",35,0.00413187041509951,1
"remove_count_le_1","Remove count <=1","ASV","948599c8068fa6ec2aaee5c1b78485ae","Type 1",20,0.00236106880862829,1
"remove_count_le_1","Remove count <=1","ASV","5d8997aa5bcaddfdd0e0e3e3977ec87e","Type 2",5,0.000590267202157072,1
"remove_count_le_1","Remove count <=1","ASV","5414b3db0779eedac69c48841f50f261","Type 5",96,0.0113331302814158,1
"remove_count_le_1","Remove count <=1","ASV","b08756a44ede85aa4d6f7f3c913e76ce","Type 4",11,0.00129858784474556,1
"remove_count_le_1","Remove count <=1","ASV","5ca8ce8173ac6e336ff0fc63c430cec1","Type 4",20,0.00236106880862829,1
"remove_count_le_1","Remove count <=1","ASV","f9743a6c833cce380ae8e7e83190ebc1","Type 3",20,0.00236106880862829,1
"remove_count_le_1","Remove count <=1","ASV","e3cf1bbfceb034df2365bbe39e9b323a","Type 3",20,0.00236106880862829,1
"remove_count_le_1","Remove count <=1","ASV","c9ee99652ecaf389d4b3063cf6b8b48b","Type 5",6,0.000708320642588487,1
"remove_count_le_1","Remove count <=1","ASV","bb94ef603832a0c10583ed335c88c3b5","Type 5",6,0.000708320642588487,1
"remove_count_le_1","Remove count <=1","ASV","539869c80f1953ffa410a09326827371","Type 5",900,0.106248096388273,1
"remove_count_le_1","Remove count <=1","ASV","b7da7f8eeca4712a739c4e8a6bdfa5c1","Type 5",51,0.00602072546200214,1
"remove_count_le_1","Remove count <=1","ASV","1d2b8d1af41f8d7257bf8116e16a2021","Type 2",16,0.00188885504690263,1
"remove_count_le_1","Remove count <=1","ASV","935e07dc946259f9d2b56cfa2bd06423","Type 5",9,0.00106248096388273,1
"remove_count_le_1","Remove count <=1","ASV","9dbd6155585814a9d251b8b0185e12fc","Type 5",93,0.0109789699601215,1
"remove_count_le_1","Remove count <=1","ASV","01c728c77d15ca1c25dc5b15031a84ef","Type 4",2,0.000236106880862829,1
"remove_count_le_1","Remove count <=1","ASV","4402525cd64982c967d2e6580b8e6df2","Type 2",24,0.00283328257035395,1
"remove_count_le_1","Remove count <=1","ASV","4fb252ecf3ef16aae851798c3d5c3171","Type 5",22,0.00259717568949112,1
"remove_count_le_1","Remove count <=1","ASV","45433de5522d46f06f1fe6787f0d4d4a","Type 5",8,0.000944427523451316,1
"remove_count_le_1","Remove count <=1","ASV","e892f48906516e0d82ccee04f62fdf4d","Type 1",3,0.000354160321294243,1
"remove_count_le_1","Remove count <=1","ASV","dc6fb269f7a88149b5926c1b7e56b458","Type 5",15,0.00177080160647122,1
"remove_count_le_1","Remove count <=1","ASV","417eff005643739dced1b953daaef36a","Type 4",11,0.00129858784474556,1
"remove_count_le_1","Remove count <=1","ASV","6c21129697cf5ff63c00f1015369f55a","Type 1",32,0.00377771009380526,1
"remove_count_le_1","Remove count <=1","ASV","51fdf8e8b47aab185af98c58f8c47316","Type 3",33,0.00389576353423668,1
"remove_count_le_1","Remove count <=1","ASV","78687aa4bee3344c547b97df8ca2d00f","Type 5",20,0.00236106880862829,1
"remove_count_le_1","Remove count <=1","ASV","87a6bbed6ceb02ec381f45db5ed37984","Type 2",27,0.00318744289164819,1
"remove_count_le_1","Remove count <=1","ASV","75867d7a16d9647ce25057cc21524cd3","Type 5",103,0.0121595043644357,1
"remove_count_le_1","Remove count <=1","ASV","b47e0dfb9983366b0ec2b9f75de6ec4c","Type 4",13,0.00153469472560839,1
"remove_count_le_1","Remove count <=1","ASV","2cce0f7944a0c4c2ba4a9a42f773cf7a","Type 4",51,0.00602072546200214,1
"remove_count_le_1","Remove count <=1","ASV","9daf263a5d7432597582d813c95b17ec","Type 1",6,0.000708320642588487,1
"remove_count_le_1","Remove count <=1","ASV","1c5d6c2c9b4a7166c7cb496fca023c12","Type 1",12,0.00141664128517697,1
"remove_count_le_1","Remove count <=1","ASV","82163021706823633bac88eb5b5206ff","Type 4",9,0.00106248096388273,1
"remove_count_le_1","Remove count <=1","ASV","92347014e872acd514c01ea7c56ce729","Type 5",6,0.000708320642588487,1
"remove_count_le_1","Remove count <=1","ASV","dabc056db5cf680af3e3d098fd799e52","Type 4",15,0.00177080160647122,1
"remove_count_le_1","Remove count <=1","ASV","1af53834b3c891d18d96f7c96b1cd602","Type 4",10,0.00118053440431414,1
"remove_count_le_1","Remove count <=1","ASV","56af2b73e9c0109ec8c0cf2dc20f88ae","Type 2",3,0.000354160321294243,1
"remove_count_le_1","Remove count <=1","ASV","b7efbc42c9ff68fc2a12b5046976cfe6","Type 4",49,0.00578461858113931,1
"remove_count_le_1","Remove count <=1","ASV","e8f164ebbf18e0a918f35016783880e0","Type 1",13,0.00153469472560839,1
"remove_count_le_1","Remove count <=1","ASV","805df43deeabd7ff5fca548c90dd715f","Type 4",13,0.00153469472560839,1
"remove_count_le_1","Remove count <=1","ASV","719f736c916092f6d392c5a46e1091ea","Type 5",70,0.00826374083019901,1
"remove_count_le_1","Remove count <=1","ASV","e08d4237c94e6a9eecf3cd2f12b50362","Type 5",65,0.00767347362804194,1
"remove_count_le_1","Remove count <=1","ASV","b072272267230396c009815c123cb89c","Type 3",17,0.00200690848733405,1
"remove_count_le_1","Remove count <=1","ASV","db8f3b36bcda0d5ec49f794537a71a5c","Type 2",18,0.00212496192776546,1
"remove_count_le_1","Remove count <=1","ASV","cf3736bcdd43405975b099beb4735167","Type 2",8,0.000944427523451316,1
"remove_count_le_1","Remove count <=1","ASV","b90d5c735e4f9bea8175e5eabfd3caab","Type 2",20,0.00236106880862829,1
"remove_count_le_1","Remove count <=1","ASV","4335b413ca00991080607b81f22a332f","Type 4",9,0.00106248096388273,1
"remove_count_le_1","Remove count <=1","ASV","20f150dfe46c537edc5310399040afb8","Type 4",16,0.00188885504690263,1
"remove_count_le_1","Remove count <=1","ASV","0adf67a3e396926259316a14f66e7ca1","Type 3",21,0.0024791222490597,1
"remove_count_le_1","Remove count <=1","ASV","8030ddc086f5359a9bd1686b4cfa4839","Type 2",26,0.00306938945121678,1
"remove_count_le_1","Remove count <=1","ASV","abf116271a6c3009b04616999b80c2a2","Type 4",9,0.00106248096388273,1
"remove_count_le_1","Remove count <=1","ASV","d72cb1e3c102b23e31315a86d2814b30","Type 5",7,0.000826374083019901,1
"remove_count_le_1","Remove count <=1","ASV","bd3541f017489d1e1e2abf7d30173f58","Type 3",7,0.000826374083019901,1
"remove_count_le_1","Remove count <=1","ASV","d31a407f8ea48b0ffb218c273e96aca7","Type 1",24,0.00283328257035395,1
"remove_count_le_1","Remove count <=1","ASV","6ff62b2f9b3b37ddac65890858affc59","Type 2",17,0.00200690848733405,1
"remove_count_le_1","Remove count <=1","ASV","3e50658e9b489006be4573114ca22b59","Type 4",14,0.0016527481660398,1
"remove_count_le_1","Remove count <=1","ASV","f7ac7981e245102dab0a2c637e678bdc","Type 4",8,0.000944427523451316,1
"remove_count_le_1","Remove count <=1","ASV","54581694fce0637591ea45b0eff658f0","Type 5",4,0.000472213761725658,1
"remove_count_le_1","Remove count <=1","ASV","a1ce7dfb58f79aae626a833e08cec34e","Type 4",5,0.000590267202157072,1
"remove_count_le_1","Remove count <=1","ASV","3e40912777b69502473bead5d31f868e","Type 4",30,0.00354160321294243,1
"remove_count_le_1","Remove count <=1","ASV","f858d88439d9e4c6c051ba75054211df","Type 4",130,0.0153469472560839,1
"remove_count_le_1","Remove count <=1","ASV","e2d0a4f1129bec2ba3a8508177be7d67","Type 1",46,0.00543045825984507,1
"remove_count_le_1","Remove count <=1","ASV","9260b142986548518cddb6e2a48fe424","Type 4",11,0.00129858784474556,1
"remove_count_le_1","Remove count <=1","ASV","09c7deab9ed1cd0e31f151b14eef8642","Type 3",113,0.0133400387687498,1
"remove_count_le_1","Remove count <=1","ASV","8fc07f2b160eb939ef6e5515e2cc84e5","Type 4",6,0.000708320642588487,1
"remove_count_le_1","Remove count <=1","ASV","ad405d59ee0f79d0ee5e6f0fbd0c1b31","Type 3",6,0.000708320642588487,1
"remove_count_le_1","Remove count <=1","ASV","a20eaf9c049be7bb8d61ac35403a3f9b","Type 5",35,0.00413187041509951,1
"remove_count_le_1","Remove count <=1","ASV","78d7bb90ead26fa02bdffb25f2541e57","Type 4",14,0.0016527481660398,1
"remove_count_le_1","Remove count <=1","ASV","1f5bf9c38e421dd69aca79a714646874","Type 1",6,0.000708320642588487,1
"remove_count_le_1","Remove count <=1","ASV","e05c20956cd13f21cb6ab1b281b551c5","Type 5",67,0.00790958050890477,1
"remove_count_le_1","Remove count <=1","ASV","0744c822daa560b81f10253cc08b19b2","Type 4",16,0.00188885504690263,1
"remove_count_le_1","Remove count <=1","ASV","adcae3f5a43e4dca840c01d62e6416a5","Type 2",47,0.00554851170027648,1
"remove_count_le_1","Remove count <=1","ASV","e9725fc74685ef05a1ba39435294042c","Type 2",16,0.00188885504690263,1
"remove_count_le_1","Remove count <=1","ASV","cea0a6f8b58238977831021560f03baf","Type 2",30,0.00354160321294243,1
"remove_count_le_1","Remove count <=1","ASV","faa040c810a1991fde363c213d493da8","Type 5",48,0.0056665651407079,1
"remove_count_le_1","Remove count <=1","ASV","535a343e6d1a2613487b8be887eafa91","Type 4",25,0.00295133601078536,1
"remove_count_le_1","Remove count <=1","ASV","3ae3506da5e58225245676cc245d0300","Type 3",14,0.0016527481660398,1
"remove_count_le_1","Remove count <=1","ASV","9366c1f1fa59361f62f702f094ae0c21","Type 1",31,0.00365965665337385,1
"remove_count_le_1","Remove count <=1","ASV","2b3b798b5635941bb0cb310e0892ccce","Type 4",57,0.00672904610459063,1
"remove_count_le_1","Remove count <=1","ASV","35d4cbfddf6c9639a996a7877cd4f0f2","Type 4",55,0.0064929392237278,1
"remove_count_le_1","Remove count <=1","ASV","32167f781e8fefa652b6cc4ebcb481c1","Type 2",23,0.00271522912992253,1
"remove_count_le_1","Remove count <=1","ASV","c7089bd4161401741f025290ba11378c","Type 2",30,0.00354160321294243,1
"remove_count_le_1","Remove count <=1","ASV","7242943cc0985a97e0b15b71a0cb950c","Type 5",14,0.0016527481660398,1
"remove_count_le_1","Remove count <=1","ASV","cb87c4f867a6bf086284e61be0ec2f63","Type 1",300,0.0354160321294243,1
"remove_count_le_1","Remove count <=1","ASV","091871133f6759b698437cfa0b72adf3","Type 3",22,0.00259717568949112,1
"remove_count_le_1","Remove count <=1","ASV","5a69c24d65989db7832ef51a91cdc5c8","Type 3",5,0.000590267202157072,1
"remove_count_le_1","Remove count <=1","ASV","708fee58e8a7acab50750c129c423e88","Type 1",4,0.000472213761725658,1
"remove_count_le_1","Remove count <=1","ASV","0ffa38dcc1e581e2c5a1b6a261ea056d","Type 1",4,0.000472213761725658,1
"remove_count_le_1","Remove count <=1","ASV","74486d7dbfbb993360030db0f597b479","Type 5",23,0.00271522912992253,1
"remove_count_le_1","Remove count <=1","ASV","ec7469c79534d7b5c5eec4753c7c6929","Type 1",12,0.00141664128517697,1
"remove_count_le_1","Remove count <=1","ASV","b6de3c1190ba6d474d00cd0e66ff4770","Type 3",7,0.000826374083019901,1
"remove_count_le_1","Remove count <=1","ASV","7f35074fbbf189f80f1f74c6f95367df","Type 1",6,0.000708320642588487,1
"remove_count_le_1","Remove count <=1","ASV","49bd242006920acb2126ab0ceac5df84","Type 2",14,0.0016527481660398,1
"remove_count_le_1","Remove count <=1","ASV","959c0e4929c91e8c8b6172b5ffc0970f","Type 4",22,0.00259717568949112,1
"remove_count_le_1","Remove count <=1","ASV","20d107dde9ca302ebbdbd52154dac2a8","Type 5",18,0.00212496192776546,1
"remove_count_le_1","Remove count <=1","ASV","a92b3929c9b3f884c38dcc1c67c45279","Type 4",26,0.00306938945121678,1
"remove_count_le_1","Remove count <=1","ASV","7e7e11e24680c5b7e947d49c9d044d0e","Type 4",54,0.00637488578329638,1
"remove_count_le_1","Remove count <=1","ASV","1e143504935212a1de58af7db86e9075","Type 4",3,0.000354160321294243,1
"remove_count_le_1","Remove count <=1","ASV","d826288a4c89ac4ed869f9fad6f6158b","Type 3",13,0.00153469472560839,1
"remove_count_le_1","Remove count <=1","ASV","f3984c845c4d39ed3470255184a815b5","Type 1",76,0.0089720614727875,1
"remove_count_le_1","Remove count <=1","ASV","f31ffb82c5a12486d6b4b90f352659f1","Type 2",10,0.00118053440431414,1
"remove_count_le_1","Remove count <=1","ASV","a3ae5f3ed32910263c54e6445a741c30","Type 3",34,0.00401381697466809,1
"remove_count_le_1","Remove count <=1","ASV","2c425f37607995524371352bb8ba8f17","Type 3",23,0.00271522912992253,1
"remove_count_le_1","Remove count <=1","ASV","6491d40531f324071bd90f65bbf0a4f5","Type 1",20,0.00236106880862829,1
"remove_count_le_1","Remove count <=1","ASV","e93f71384da01343c3b6eaf029f0ee41","Type 2",47,0.00554851170027648,1
"remove_count_le_1","Remove count <=1","ASV","97279ec030db98f66998a40c8d6b44a0","Type 2",17,0.00200690848733405,1
"remove_count_le_1","Remove count <=1","ASV","6d6ea94f2c732bf7767af01e1308cb38","Type 2",4,0.000472213761725658,1
"remove_count_le_1","Remove count <=1","ASV","847a1ea3551399927eddf0e2c5f9523b","Type 4",27,0.00318744289164819,1
"remove_count_le_1","Remove count <=1","ASV","1f13e5b10f4b0890e04fc67a720372c6","Type 5",6,0.000708320642588487,1
"remove_count_le_1","Remove count <=1","ASV","f2d5594d42b10cf823709df714b605ad","Type 2",26,0.00306938945121678,1
"remove_count_le_1","Remove count <=1","ASV","f46b250f940b7496642783a9e8307994","Type 2",20,0.00236106880862829,1
"remove_count_le_1","Remove count <=1","ASV","51dbd3d93881ce8448e4f5adc5289eb3","Type 5",31,0.00365965665337385,1
"remove_count_le_1","Remove count <=1","ASV","0ea650bc01b369df5467645d66293370","Type 4",30,0.00354160321294243,1
"remove_count_le_1","Remove count <=1","ASV","03ac4be8840dedf24d600004348bf7ca","Type 1",17,0.00200690848733405,1
"remove_count_le_1","Remove count <=1","ASV","ea1f67ebb6bdc861007272edf50c5fe0","Type 1",26,0.00306938945121678,1
"remove_count_le_1","Remove count <=1","ASV","e2d8dd9ebb898c22f8d0d74572b11034","Type 2",13,0.00153469472560839,1
"remove_count_le_1","Remove count <=1","ASV","be98dab1e400c5a0b31efa465aee505d","Type 1",5,0.000590267202157072,1
"remove_count_le_1","Remove count <=1","ASV","f47c2f8d048b14cf81d7a3fcaf21f300","Type 4",46,0.00543045825984507,1
"remove_count_le_1","Remove count <=1","ASV","89080b3c5ba6bf78d58df159a692470f","Type 4",10,0.00118053440431414,1
"remove_count_le_1","Remove count <=1","ASV","3295cde5ceda11c4ec2e859c72bbcda1","Type 2",6,0.000708320642588487,1
"remove_count_le_1","Remove count <=1","ASV","6859a8d53d59d2aa7193210fc46505c7","Type 2",4,0.000472213761725658,1
"remove_count_le_1","Remove count <=1","ASV","82e0cb6098de4a07a7eea6e50f27ef1f","Type 5",10,0.00118053440431414,1
"remove_count_le_1","Remove count <=1","ASV","84739218645d09374bcecea50306c590","Type 5",333,0.039311795663661,1
"remove_count_le_1","Remove count <=1","ASV","9fb6d9c0f4d1a95500c8790bcbacfb2c","Type 1",9,0.00106248096388273,1
"remove_count_le_1","Remove count <=1","ASV","75cc2f81358ae3535dabf08bd863b930","Type 3",14,0.0016527481660398,1
"remove_count_le_1","Remove count <=1","ASV","d292922206673e50c24b34363f8827a7","Type 5",20,0.00236106880862829,1
"remove_count_le_1","Remove count <=1","ASV","491b45eedb1019a950560a7794082c76","Type 5",30,0.00354160321294243,1
"remove_count_le_1","Remove count <=1","ASV","a6b93f88aab1c7a0eedd4f3f020ad9bc","Type 5",8,0.000944427523451316,1
"remove_count_le_1","Remove count <=1","ASV","aaae5c8942a79fc41dc341c9903b04cf","Type 4",18,0.00212496192776546,1
"remove_count_le_1","Remove count <=1","ASV","f07604a27a11dd42a2ff89eec91350ed","Type 4",40,0.00472213761725658,1
"remove_count_le_1","Remove count <=1","ASV","e27295c54d0c6153155d209342831b58","Type 5",31,0.00365965665337385,1
"remove_count_le_1","Remove count <=1","ASV","16983e5c822f6bf6eac99c4541bfa982","Type 2",19,0.00224301536819688,1
"remove_count_le_1","Remove count <=1","ASV","11cdaecfb23fe5eae59870556db2372d","Type 2",9,0.00106248096388273,1
"remove_count_le_1","Remove count <=1","ASV","8e739521c1e024378dc253b59456f668","Type 3",39,0.00460408417682517,1
"remove_count_le_1","Remove count <=1","ASV","c25c933a077c8f1489487077ae49d897","Type 3",1143,0.134935082413107,1
"remove_count_le_1","Remove count <=1","ASV","e9103692f4d9d61faf5cdd01f302727f","Type 3",392,0.0462769486491145,1
"remove_count_le_1","Remove count <=1","ASV","bdc66ad1626658f3c46bb95b3b3ad6fa","Type 3",194,0.0229023674436944,1
"remove_count_le_1","Remove count <=1","ASV","5ef41547298fd3cb4f9668307b4459a5","Type 3",39,0.00460408417682517,1
"remove_count_le_1","Remove count <=1","ASV","41c857dad328fd9c4bcc06471369aaf6","Type 3",13,0.00153469472560839,1
"remove_count_le_1","Remove count <=1","ASV","6c84b28399d78e62fc69c48b030d0e7b","Type 3",3,0.000354160321294243,1
"remove_count_le_1","Remove count <=1","ASV","08321f8653dd594963ea37734a659629","Type 4",15,0.00177080160647122,1
"remove_count_le_1","Remove count <=1","ASV","8b68c969cc3062defea62a2c38336714","Type 3",24,0.00283328257035395,1
"remove_count_le_1","Remove count <=1","ASV","84f932f291b157ef5aaf93a5ea82ebb2","Type 4",28,0.00330549633207961,1
"remove_count_le_1","Remove count <=1","ASV","9ccd7d666382101cff3486dcfbe61a98","Type 5",11,0.00129858784474556,1
"remove_count_le_1","Remove count <=1","ASV","9c354fbd197a974b0f9700425c161a91","Type 1",450,0.0531240481941365,1
"remove_count_le_1","Remove count <=1","ASV","aa57923408765fc46bc15cbeaa7491a6","Type 1",1041,0.122893631489102,1
"remove_count_le_1","Remove count <=1","ASV","abdb10ef959af94d4fc7574d556e3633","Type 4",50,0.00590267202157072,1
"remove_count_le_1","Remove count <=1","ASV","6537d1859060158a23dcdbc64c76922e","Type 4",5,0.000590267202157072,1
"remove_count_le_1","Remove count <=1","ASV","49bf16e6c356ce0fafd1a644e47ce762","Type 5",31,0.00365965665337385,1
"remove_count_le_1","Remove count <=1","ASV","76c7175da051546f4e9a9e16b80491d0","Type 3",12,0.00141664128517697,1
"remove_count_le_1","Remove count <=1","ASV","b19d62335a9c13a59403d9d288ebc34c","Type 1",6,0.000708320642588487,1
"remove_count_le_1","Remove count <=1","ASV","503dba32073ba6a69c867b7ee613a246","Type 5",106,0.0125136646857299,1
"remove_count_le_1","Remove count <=1","ASV","026a3a0dafa92325e18315a4e4b24397","Type 4",36,0.00424992385553092,1
"remove_count_le_1","Remove count <=1","ASV","d56451c0d7590e629d00923607967d28","Type 5",4,0.000472213761725658,1
"remove_count_le_1","Remove count <=1","ASV","0a3f70cfd4b3128f631493c1237c0a67","Type 3",22,0.00259717568949112,1
"remove_count_le_1","Remove count <=1","ASV","139c947668f8f3cacd1f8da52ce27c49","Type 1",7,0.000826374083019901,1
"remove_count_le_1","Remove count <=1","ASV","000e46c287a00bb452eb62426b163ac3","Type 3",89,0.0105067561983959,1
"remove_count_le_1","Remove count <=1","ASV","79ee9a7d5e918fa191f69a645a5837c7","Type 5",20,0.00236106880862829,1
"remove_count_le_1","Remove count <=1","ASV","fe80a71a587cd704427de3d3c840e206","Type 3",22,0.00259717568949112,1
"remove_count_le_1","Remove count <=1","ASV","bdfb3f6014357e36d2e3e62674bed999","Type 1",180,0.0212496192776546,1
"remove_count_le_1","Remove count <=1","ASV","abd0febc117d23cd49b9d4ef431153bc","Type 5",62,0.0073193133067477,1
"remove_count_le_1","Remove count <=1","ASV","bd44746f20b88918f977fb45831b0979","Type 5",40,0.00472213761725658,1
"remove_count_le_1","Remove count <=1","ASV","bc9fce29d86dd59b106f60bd7b227020","Type 1",8,0.000944427523451316,1
"remove_count_le_1","Remove count <=1","ASV","670ff01449495039c6e52f5f0fe307b1","Type 1",24,0.00283328257035395,1
"remove_count_le_1","Remove count <=1","ASV","74379e099bf1c7e9f15ba2044c26bfad","Type 3",3,0.000354160321294243,1
"remove_count_le_1","Remove count <=1","ASV","1ebdd24efe5f1bdfc157a85babd1e2aa","Type 2",11,0.00129858784474556,1
"remove_count_le_1","Remove count <=1","ASV","4bde5c57e152f7c5e2fdee6a2dfd5b06","Type 1",8,0.000944427523451316,1
"remove_count_le_1","Remove count <=1","ASV","ab13428f69e593a15a0a574466bb2ca4","Type 1",15,0.00177080160647122,1
"remove_count_le_1","Remove count <=1","ASV","40b48ec694b884aa93cc33fbfb00d625","Type 4",18,0.00212496192776546,1
"remove_count_le_1","Remove count <=1","ASV","93aa2400cce135d0997ee20005ac85c4","Type 2",5,0.000590267202157072,1
"remove_count_le_1","Remove count <=1","ASV","67ea33e6e92c2b3175cf2c5bd905476b","Type 4",67,0.00790958050890477,2
"remove_count_le_1","Remove count <=1","ASV","9bafba648bb0930181f957e5ba40de0a","Type 1",15,0.00177080160647122,1
"remove_count_le_1","Remove count <=1","ASV","66b7507662a94e6fba998da71404a5b8","Type 2",14,0.0016527481660398,1
"remove_count_le_1","Remove count <=1","ASV","64c6c9854a1938f12b659f40a0f6a954","Type 3",5,0.000590267202157072,1
"remove_count_le_1","Remove count <=1","ASV","39081e105396492463a050e6cd2a16e6","Type 3",3,0.000354160321294243,1
"remove_count_le_1","Remove count <=1","ASV","4190cb19d7dcaa1b900c5916f5c97130","Type 3",26,0.00306938945121678,1
"remove_count_le_1","Remove count <=1","ASV","f705e4d165dec3c5ba3e66524c38bd97","Type 4",5,0.000590267202157072,1
"remove_count_le_1","Remove count <=1","ASV","342ce74435d2330505ee013a1e0cfe40","Type 2",7,0.000826374083019901,1
"remove_count_le_1","Remove count <=1","ASV","58eb82260a9cf04183552f4c539e2fac","Type 2",29,0.00342354977251102,1
"remove_count_le_1","Remove count <=1","ASV","182f08a5f8b3df2f908bf09e19f52fd3","Type 4",6,0.000708320642588487,1
"remove_count_le_1","Remove count <=1","ASV","89da98e026f95be0d0882136a8a62273","Type 2",2,0.000236106880862829,1
"remove_count_le_1","Remove count <=1","ASV","b49c1c742ff9a26c0ce116574c094ea7","Type 2",6,0.000708320642588487,1
"remove_count_le_1","Remove count <=1","ASV","d8b64490de90a224be2172096edcb67b","Type 5",2,0.000236106880862829,1
"remove_count_le_1","Remove count <=1","ASV","a7382b45b4ef915003f6e6983632974f","Type 4",9,0.00106248096388273,1
"remove_count_le_1","Remove count <=1","ASV","c2daa0b5c2a7317f56dfaa76be32ed31","Type 4",4,0.000472213761725658,1
"remove_count_le_1","Remove count <=1","ASV","ec788ffe7eee824ad4c2d4519f2eb96b","Type 1",2,0.000236106880862829,1
"remove_count_le_1","Remove count <=1","ASV","eca7f723fb8b7b170b6f546b650537f7","Type 2",7,0.000826374083019901,1
"remove_count_le_1","Remove count <=1","ASV","dbeffb7f82ee18eb1ceb8b1498e6d41c","Type 1",2,0.000236106880862829,1
"remove_count_le_1","Remove count <=1","ASV","192b5f46669331a33a4e69968f0347fe","Type 3",10,0.00118053440431414,1
"remove_count_le_1","Remove count <=1","ASV","05d37805b3730a3c9ac6b618b86a83a9","Type 1",5,0.000590267202157072,1
"remove_count_le_1","Remove count <=1","ASV","e2d4f45d3899f6f32d4766e47a9fa6bc","Type 4",3,0.000354160321294243,1
"remove_count_le_1","Remove count <=1","ASV","0853eac5c72d1cc6dda46ba0adc6702d","Type 2",3,0.000354160321294243,1
"remove_count_le_1","Remove count <=1","ASV","4867aa6bdd47923accdfd2879b0264b0","Type 2",18,0.00212496192776546,1
"remove_count_le_1","Remove count <=1","ASV","f5f21d2e22ad9f2596f71e4ff8ff221f","Type 1",13,0.00153469472560839,1
"remove_count_le_1","Remove count <=1","ASV","4578c81fea983e84f02acc8211922cf8","Type 1",7,0.000826374083019901,1
"remove_count_le_1","Remove count <=1","ASV","aef4021e76e607ebdd9d8d5b45ffa697","Type 5",2,0.000236106880862829,1
"remove_count_le_1","Remove count <=1","ASV","1a5d61cad42594043813504f07efa89b","Type 4",17,0.00200690848733405,1
"remove_count_le_1","Remove count <=1","ASV","2421c9984878354728785f734e831028","Type 2",10,0.00118053440431414,1
"remove_count_le_1","Remove count <=1","ASV","4950417cc10ada1b2513b508df59b1b7","Type 2",12,0.00141664128517697,1
"remove_count_le_1","Remove count <=1","ASV","b04b180fd74953401dc4f4f1e98497f2","Type 1",8,0.000944427523451316,1
"remove_count_le_1","Remove count <=1","ASV","6899a05aba1c79bb03f4b1df326b5884","Type 5",30,0.00354160321294243,1
"remove_count_le_1","Remove count <=1","ASV","b124769ff447213394e6b4c63b75643e","Type 2",6,0.000708320642588487,1
"remove_count_le_1","Remove count <=1","ASV","e0997687f441eb085c74026b3511c538","Type 5",4,0.000472213761725658,1
"remove_count_le_1","Remove count <=1","ASV","a235118c70582a793ff410702e286e4f","Type 3",9,0.00106248096388273,1
"remove_count_le_1","Remove count <=1","ASV","55129a90f08f521cd6bd80a65b8308fc","Type 3",2,0.000236106880862829,1
"remove_count_le_1","Remove count <=1","ASV","e4b53fcbab16efdab6bd1b083bdf4ad4","Type 1",2,0.000236106880862829,1
"remove_count_le_1","Remove count <=1","ASV","6da736775dbc119507f43d374d2141b7","Type 4",5,0.000590267202157072,1
"remove_count_le_1","Remove count <=1","ASV","1fe1d90a93ffe8b8c2b7b32be0e750ea","Type 2",16,0.00188885504690263,1
"remove_count_le_1","Remove count <=1","ASV","c42c55f29154e1d0bb607e59184c0bd9","Type 1",8,0.000944427523451316,1
"remove_count_le_1","Remove count <=1","ASV","b1633e72c2f662762747a3d0631568fa","Type 2",9,0.00106248096388273,1
"remove_count_le_1","Remove count <=1","ASV","171ce4c4e555daa02f9385c328fa0cc0","Type 4",10,0.00118053440431414,1
"remove_count_le_1","Remove count <=1","ASV","78d0ea93b8c18aa675140f67c25942b8","Type 2",2,0.000236106880862829,1
"remove_count_le_1","Remove count <=1","ASV","806198a51c28a0e3cbb56fd6251ea18e","Type 2",237,0.0279786653822452,1
"remove_count_le_1","Remove count <=1","ASV","30d17b384b5e354005c2cb37d6aaf069","Type 3",20,0.00236106880862829,1
"remove_count_le_1","Remove count <=1","ASV","a36f517260cdac623044af72be907f03","Type 3",2,0.000236106880862829,1
"remove_count_le_1","Remove count <=1","ASV","4476b09b35077aaa3b41063d7674459c","Type 3",10,0.00118053440431414,1
"remove_count_le_1","Remove count <=1","ASV","abd916b960b81098025c1ca1755c6cc3","Type 3",5,0.000590267202157072,1
"remove_count_le_1","Remove count <=1","ASV","cc100181c853066f709adec38d43513f","Type 2",15,0.00177080160647122,1
"remove_count_le_1","Remove count <=1","ASV","b510eab43bc2ae3ce44ca3332afb6774","Type 5",40,0.00472213761725658,1
"remove_count_le_1","Remove count <=1","ASV","559106b3bbd8c2d297d6d5f711a844f3","Type 1",32,0.00377771009380526,1
"remove_count_le_1","Remove count <=1","ASV","52339211dcff0e2aad6ec943d7a6f42f","Type 2",3,0.000354160321294243,1
"remove_count_le_1","Remove count <=1","ASV","88d80123ff7536d4ae6a4e8fac6a8cbf","Type 1",4,0.000472213761725658,1
"remove_count_le_1","Remove count <=1","ASV","361e78ec8281b8b5778658feb2c35c73","Type 2",9,0.00106248096388273,1
"remove_count_le_1","Remove count <=1","ASV","a4bfcc56025d3266ec1c86c82e266e12","Type 2",13,0.00153469472560839,1
"remove_count_le_1","Remove count <=1","ASV","f93d5a2f3dd8a56a443bd171cd4baaa3","Type 4",6,0.000708320642588487,1
"remove_count_le_1","Remove count <=1","ASV","c16bda45083cf985cb674a0320788363","Type 3",2,0.000236106880862829,1
"remove_count_le_1","Remove count <=1","ASV","394b62243678d5f00cbfb8f1c4a6ee6d","Type 4",10,0.00118053440431414,1
"remove_count_le_1","Remove count <=1","ASV","27d89d9a727c3d0dc8eac7c9cee27753","Type 2",7,0.000826374083019901,1
"remove_count_le_1","Remove count <=1","ASV","f738f7392a415c4784cb337b46b5d6e7","Type 4",10,0.00118053440431414,1
"remove_count_le_1","Remove count <=1","ASV","2a3de43855767f6bbbfa179beae0cc3d","Type 4",15,0.00177080160647122,1
"remove_count_le_1","Remove count <=1","ASV","b5fa06fa3818be841d6dda8e2646337a","Type 5",9,0.00106248096388273,1
"remove_count_le_1","Remove count <=1","ASV","f7bb18a499d6fa02052d3be412895eb9","Type 1",2,0.000236106880862829,1
"remove_count_le_1","Remove count <=1","ASV","da903c8d827a0808b8325dd9585b5c08","Type 4",36,0.00424992385553092,2
"remove_count_le_1","Remove count <=1","ASV","8d8da6172e2c91f26a13e27dea7fcb95","Type 1",7,0.000826374083019901,1
"remove_count_le_1","Remove count <=1","ASV","1b11d7cc43f8639ae26a26f3469fb146","Type 4",4,0.000472213761725658,1
"remove_count_le_1","Remove count <=1","ASV","69bfb00d2a0c99b8f2daaf794398dc59","Type 3",5,0.000590267202157072,1
"remove_count_le_1","Remove count <=1","ASV","962f8dece2578f428c36f1a1fca2e116","Type 1",2,0.000236106880862829,1
"remove_count_le_1","Remove count <=1","ASV","6886135f924791346798da0fbe91c142","Type 1",2,0.000236106880862829,1
"remove_count_le_1","Remove count <=1","ASV","f74d3e35b55e74c8e5323eeb0f436f14","Type 5",2,0.000236106880862829,1
"remove_count_le_1","Remove count <=1","ASV","2eb5f39293ce179eff805fa32d12a432","Type 1",2,0.000236106880862829,1
"remove_count_le_1","Remove count <=1","ASV","34a73770962c02eda009df864d6349fe","Type 2",6,0.000708320642588487,1
"remove_count_le_1","Remove count <=1","ASV","94d3ada8c73a636337fccb769efa8b28","Type 3",7,0.000826374083019901,1
"remove_count_le_1","Remove count <=1","ASV","a2e29f5d7001469edc6a394262a51f75","Type 3",38,0.00448603073639375,1
"remove_count_le_1","Remove count <=1","ASV","3dfd0c705bd5232574b4a80d24624ca0","Type 1",9,0.00106248096388273,1
"remove_count_le_1","Remove count <=1","ASV","5e28fbbd337c610b6bc1e4b000c0342f","Type 3",14,0.0016527481660398,1
"remove_count_le_1","Remove count <=1","ASV","e50d17ad0dc1144b6adebdcc150f3b51","Type 5",6,0.000708320642588487,1
"remove_count_le_1","Remove count <=1","ASV","4dfbc855197fc7dfd8ce844507289950","Type 1",3,0.000354160321294243,1
"remove_count_le_1","Remove count <=1","ASV","159fc3b4063577ebdb18df214074e23d","Type 2",5,0.000590267202157072,1
"remove_count_le_1","Remove count <=1","ASV","8fa0171ff9cdc7f7e3d869c458a4a73a","Type 2",10,0.00118053440431414,1
"remove_count_le_1","Remove count <=1","ASV","5194d3d73493e349a90f8f90bcb90879","Type 4",13,0.00153469472560839,1
"remove_count_le_1","Remove count <=1","ASV","dc00c946e2dfb293b7d4c811398e4777","Type 4",23,0.00271522912992253,1
"remove_count_le_1","Remove count <=1","ASV","5c36b8f6dcdc559b68089f02b2522b58","Type 2",3,0.000354160321294243,1
"remove_count_le_1","Remove count <=1","ASV","e88a286330aceb3edb1a2174a9df7a76","Type 2",5,0.000590267202157072,1
"remove_count_le_1","Remove count <=1","ASV","2e7f99bf312559b90fd98bacce5842bb","Type 3",5,0.000590267202157072,1
"remove_count_le_1","Remove count <=1","ASV","7f5b8b74181f33975882d209091026fe","Type 4",7,0.000826374083019901,1
"remove_count_le_1","Remove count <=1","ASV","d4e3659f46c760f33a596b58a6a5fe92","Type 2",2,0.000236106880862829,1
"remove_count_le_1","Remove count <=1","ASV","2405876d8029ed6a0a56977efe809b10","Type 2",9,0.00106248096388273,1
"remove_count_le_1","Remove count <=1","ASV","ba31ef9f8a7bc0dfde7a5ea18b708b1b","Type 1",5,0.000590267202157072,1
"remove_count_le_1","Remove count <=1","ASV","c87dd6cb7414c19c293b06583c1a1fcf","Type 4",146,0.0172358023029865,2
"remove_count_le_1","Remove count <=1","ASV","d04eef70fe35854da85cc28a1e5841e7","Type 3",4,0.000472213761725658,1
"remove_count_le_1","Remove count <=1","ASV","d5aefd28a1cf55f766255eb8f137bb12","Type 1",5,0.000590267202157072,1
"remove_count_le_1","Remove count <=1","ASV","2f0e2baeebc3ec599da9affa4c3d4fa4","Type 4",6,0.000708320642588487,1
"remove_count_le_1","Remove count <=1","ASV","197708c5fa1f4f192f2e8ff6b62b7c56","Type 1",18,0.00212496192776546,1
"remove_count_le_1","Remove count <=1","ASV","a071ebd6c6a14e6b5e2ba76450b03426","Type 4",10,0.00118053440431414,1
"remove_count_le_1","Remove count <=1","ASV","8e924f645755507164e5f2c96faef2c7","Type 5",46,0.00543045825984507,1
"remove_count_le_1","Remove count <=1","ASV","2e604485d6fc45854513aafe2cf04de7","Type 1",14,0.0016527481660398,1
"remove_count_le_1","Remove count <=1","ASV","0dc806f76606ad108e0ad08c8beab95c","Type 3",9,0.00106248096388273,1
"remove_count_le_1","Remove count <=1","ASV","38bf850b309af2adf65528b91700e4e0","Type 1",10,0.00118053440431414,1
"remove_count_le_1","Remove count <=1","ASV","7f4dc360d64f42e122762c04a6711467","Type 4",35,0.00413187041509951,1
"remove_count_le_1","Remove count <=1","ASV","44cfe91f634ac6e94fda13eb917a8fa8","Type 3",7,0.000826374083019901,1
"remove_count_le_1","Remove count <=1","ASV","91f4d3bc4699112b7d614f6eaa8fc319","Type 4",10,0.00118053440431414,1
"remove_count_le_1","Remove count <=1","ASV","54a9e65e451cf74b38f68f5f9df57a90","Type 2",10,0.00118053440431414,1
"remove_count_le_1","Remove count <=1","ASV","a9480a90349bc089cd23be35e79ede4d","Type 1",4,0.000472213761725658,1
"remove_count_le_1","Remove count <=1","ASV","6619ef37ec6c8b9c228dece9742958e7","Type 3",5,0.000590267202157072,1
"remove_count_le_1","Remove count <=1","ASV","d715f64c7e64478d3ac7e282faa5b71a","Type 3",5,0.000590267202157072,1
"remove_count_le_1","Remove count <=1","ASV","d911e2b4ec6b2b8316a6b3f38ad7c4e1","Type 3",4,0.000472213761725658,1
"remove_count_le_1","Remove count <=1","ASV","9baa68fb1309a4162d6683ed8301bc83","Type 1",4,0.000472213761725658,1
"remove_count_le_1","Remove count <=1","ASV","2317d8ffaae93dd8bffab9cc47517b22","Type 3",2,0.000236106880862829,1
"remove_count_le_1","Remove count <=1","ASV","dc882ed973b3d22fe5cea9e0ed3d6149","Type 2",6,0.000708320642588487,1
"remove_count_le_1","Remove count <=1","ASV","bf9bcaa5c4113026df93c63bfa952e2e","Type 1",8,0.000944427523451316,1
"remove_count_le_1","Remove count <=1","ASV","9ba7d7dbe0a97e4eae7f5fa4d7a37a92","Type 4",26,0.00306938945121678,1
"remove_count_le_1","Remove count <=1","ASV","0390e2d2331cc4447e292976cdda44c6","Type 3",5,0.000590267202157072,1
"remove_count_le_1","Remove count <=1","ASV","29426558992083b53aba3b5adfb62ebc","Type 2",11,0.00129858784474556,1
"remove_count_le_1","Remove count <=1","ASV","465f576335459b7e85eb4d884f3c21a6","Type 1",10,0.00118053440431414,1
"remove_count_le_1","Remove count <=1","ASV","ba8701786dd5145e1e78aa9462e90ea5","Type 2",2,0.000236106880862829,1
"remove_count_le_1","Remove count <=1","ASV","d67af5c15f2b9b9021e18ee618d94621","Type 1",2,0.000236106880862829,1
"remove_count_le_1","Remove count <=1","ASV","6edd81961b737887dc6ee37dab7b0c78","Type 2",3,0.000354160321294243,1
"remove_count_le_1","Remove count <=1","ASV","fadf24138f6bd36ac33ba59dafc1be2b","Type 5",4,0.000472213761725658,1
"remove_count_le_1","Remove count <=1","ASV","ed198d2e3e59eb9b4f0cef8d45e05e98","Type 2",10,0.00118053440431414,1
"remove_count_le_1","Remove count <=1","ASV","6d578884c58364aaef611bbe7f47db98","Type 2",4,0.000472213761725658,1
"remove_count_le_1","Remove count <=1","ASV","38ce145ffdcca956e2be1b6f332f8afb","Type 4",17,0.00200690848733405,1
"remove_count_le_1","Remove count <=1","ASV","95b27d25da821a02c5c28e123bcf27ee","Type 4",6,0.000708320642588487,1
"remove_count_le_1","Remove count <=1","ASV","71ddab1f3aa488f911f2b333353e2f78","Type 3",8,0.000944427523451316,1
"remove_count_le_1","Remove count <=1","ASV","8513c3d7e955e463f8fb4b0e3f8ca6b0","Type 4",5,0.000590267202157072,1
"remove_count_le_1","Remove count <=1","ASV","6d43d9b2005cd5026897e1fdf62de5e0","Type 4",2,0.000236106880862829,1
"remove_count_le_1","Remove count <=1","ASV","6e84be0d93bffb85cad87ffe27fc41f9","Type 3",14,0.0016527481660398,1
"remove_count_le_1","Remove count <=1","ASV","524d029de09846e4fa256406afc349fb","Type 4",23,0.00271522912992253,1
"remove_count_le_1","Remove count <=1","ASV","80d12d55b69a7148a1c604c708497cf5","Type 3",12,0.00141664128517697,1
"remove_count_le_1","Remove count <=1","ASV","064808b3bdc66e68a5042f86de1c828b","Type 1",8,0.000944427523451316,1
"remove_count_le_1","Remove count <=1","ASV","b6490793b61729fade75800b9a5746ab","Type 1",6,0.000708320642588487,1
"remove_count_le_1","Remove count <=1","ASV","9b21b487cca15d9243173e6003fe5f67","Type 4",12,0.00141664128517697,1
"remove_count_le_1","Remove count <=1","ASV","f8e719549495b584e09aed57e8d9b853","Type 4",27,0.00318744289164819,1
"remove_count_le_1","Remove count <=1","ASV","db9c46272955268b239e5d89618d7ac1","Type 3",8,0.000944427523451316,1
"remove_count_le_1","Remove count <=1","ASV","aeecfb2e13eb0e176bff7d58e44422f9","Type 1",9,0.00106248096388273,1
"remove_count_le_1","Remove count <=1","ASV","259733dd148441d7853462e466b51c86","Type 2",6,0.000708320642588487,1
"remove_count_le_1","Remove count <=1","ASV","4e9ca07dcaec7e38e8c0689eb78540e3","Type 3",11,0.00129858784474556,1
"remove_count_le_1","Remove count <=1","ASV","3ad295c6211d7d1d4a2801931ee6bf10","Type 1",2,0.000236106880862829,1
"remove_count_le_1","Remove count <=1","ASV","21967f8f24338037507b06be0cbaa356","Type 4",27,0.00318744289164819,1
"remove_count_le_1","Remove count <=1","ASV","25883ae34f8f54c40b34e0cad04a3d79","Type 4",12,0.00141664128517697,1
"remove_count_le_1","Remove count <=1","ASV","77e8be75de6bea05ba46fb76b7851b3e","Type 3",2,0.000236106880862829,1
"remove_count_le_1","Remove count <=1","ASV","86d9f851fe319e04da6496f277487456","Type 3",4,0.000472213761725658,1
"remove_count_le_1","Remove count <=1","ASV","7755f9e403c33124da42862820e8c679","Type 3",12,0.00141664128517697,1
"remove_count_le_1","Remove count <=1","ASV","713362abd8c4912d6c7d4caa1e766625","Type 3",14,0.0016527481660398,1
"remove_count_le_1","Remove count <=1","ASV","24c6238a8c6c4f5aa2132d8eed897c49","Type 4",8,0.000944427523451316,1
"remove_count_le_1","Remove count <=1","ASV","d2b0b2aee1af0c2d0b268bbdd47e2924","Type 2",6,0.000708320642588487,1
"remove_count_le_1","Remove count <=1","ASV","d78c7661f8e59acd50c80e8f2fd19582","Type 5",18,0.00212496192776546,1
"remove_count_le_1","Remove count <=1","ASV","c9b3032f54d5eae836e9bbc111d61d57","Type 1",10,0.00118053440431414,1
"remove_count_le_1","Remove count <=1","ASV","c89aa29e55284c3120bbcee0177c18b9","Type 1",11,0.00129858784474556,1
"remove_count_le_1","Remove count <=1","ASV","c0948aae3210c6d223a5b3ac7bc18fb0","Type 2",8,0.000944427523451316,1
"remove_count_le_1","Remove count <=1","ASV","aa746099ad73c67aac56c81536549595","Type 5",6,0.000708320642588487,1
"remove_count_le_1","Remove count <=1","ASV","0292fe4fc7ceb111535dbc8e5481e4ef","Type 4",2,0.000236106880862829,1
"remove_count_le_1","Remove count <=1","ASV","6b7efa0e9316c73a761ce50072e793e0","Type 4",6,0.000708320642588487,1
"remove_count_le_1","Remove count <=1","ASV","7515c96cc69c940c2521d2ed4ac90adc","Type 4",11,0.00129858784474556,1
"remove_count_le_1","Remove count <=1","ASV","4518e5b3f462a669d90839f07bd8c881","Type 2",11,0.00129858784474556,1
"remove_count_le_1","Remove count <=1","ASV","ffde2e127ee19520b21b0f14960a04ff","Type 3",5,0.000590267202157072,1
"remove_count_le_1","Remove count <=1","ASV","88c12dc6783f8e3d4f70915ccea5afa2","Type 4",6,0.000708320642588487,1
"remove_count_le_1","Remove count <=1","ASV","dcf66aa40723a77eaf2bb42cb2c63f73","Type 5",13,0.00153469472560839,1
"remove_count_le_1","Remove count <=1","ASV","365d57bb9aef35d31fbdb8e8f2befa2c","Type 1",8,0.000944427523451316,1
"remove_count_le_1","Remove count <=1","ASV","2401c1b266c99cda06bc79fb6687921f","Type 4",6,0.000708320642588487,1
"remove_count_le_1","Remove count <=1","ASV","292254d46addbc010ae77b2aad22c07b","Type 5",3,0.000354160321294243,1
"remove_count_le_1","Remove count <=1","ASV","5d1abae0ddf6cad89306c550da27be60","Type 4",3,0.000354160321294243,1
"remove_count_le_1","Remove count <=1","ASV","a0e8eab23d890bdb4d706245cbda0a99","Type 4",10,0.00118053440431414,1
"remove_count_le_1","Remove count <=1","ASV","571796b579f51b838556444d4599a8c0","Type 3",45,0.00531240481941365,1
"remove_count_le_1","Remove count <=1","ASV","4258c6c64aca78ba88e04777b085006b","Type 3",113,0.0133400387687498,1
"remove_count_le_1","Remove count <=1","ASV","7a29274b08e0c86257462279e0fded28","Type 2",22,0.00259717568949112,1
"remove_count_le_1","Remove count <=1","ASV","18beac96a738809dd3343f116a7fc6af","Type 3",25,0.00295133601078536,1
"remove_count_le_1","Remove count <=1","ASV","5790e1e15de07d485fae866bfee8fda1","Type 4",38,0.00448603073639375,1
"remove_count_le_1","Remove count <=1","ASV","2f898db914a4f4668a6709c060ebb17d","Type 1",9,0.00106248096388273,1
"remove_count_le_1","Remove count <=1","ASV","a6f840179ecb06b192f20dee0ce94dcb","Type 3",2,0.000236106880862829,1
"remove_count_le_1","Remove count <=1","ASV","95386ab3e65783e770e228a0377c8f91","Type 4",13,0.00153469472560839,1
"remove_count_le_1","Remove count <=1","ASV","5b04edef9b82afc7117ea860c16afc36","Type 5",3,0.000354160321294243,1
"remove_count_le_1","Remove count <=1","ASV","f89333bac73fb076475c957c48bf7be7","Type 2",20,0.00236106880862829,1
"remove_count_le_1","Remove count <=1","ASV","1c5cbc4c70c0adce05dc8d32013fe389","Type 2",15,0.00177080160647122,1
"remove_count_le_1","Remove count <=1","ASV","261dfeeb6c011ef257861b2a0fe3bb7d","Type 4",33,0.00389576353423668,1
"remove_count_le_1","Remove count <=1","ASV","114f5b7e8e105cf4463573379e587a3d","Type 5",12,0.00141664128517697,1
"remove_count_le_1","Remove count <=1","ASV","4bc02855bc9103c3cefe6618e25ac388","Type 4",9,0.00106248096388273,1
"remove_count_le_1","Remove count <=1","ASV","e6e7238668c9f53d71a928d2f5ec64ea","Type 5",44,0.00519435137898224,1
"remove_count_le_1","Remove count <=1","ASV","27c0f32b9443b430537b7105ac5d2abb","Type 1",43,0.00507629793855082,2
"remove_count_le_1","Remove count <=1","ASV","f58910ce86da8d491a9fd8f316d2d009","Type 2",24,0.00283328257035395,1
"remove_count_le_1","Remove count <=1","ASV","0a7438128275631ea3dca679ef253bd8","Type 4",3,0.000354160321294243,1
"remove_count_le_1","Remove count <=1","ASV","8dcc053ed353d5f57bd69f09ae86f681","Type 2",16,0.00188885504690263,1
"remove_count_le_1","Remove count <=1","ASV","513814ca332d29f7baeeacb394bee500","Type 4",21,0.0024791222490597,1
"remove_count_le_1","Remove count <=1","ASV","2139c54715292f361b7667dd029bbfef","Type 5",9,0.00106248096388273,1
"remove_count_le_1","Remove count <=1","ASV","2b1312d5bdf27bcb4a10a2b0a71ed4ea","Type 4",15,0.00177080160647122,1
"remove_count_le_1","Remove count <=1","ASV","e973c53765ca51a9cf2bd8b4cfe77432","Type 2",38,0.00448603073639375,1
"remove_count_le_1","Remove count <=1","ASV","14d41dfdcd208cddb2621b948a385d9b","Type 1",6,0.000708320642588487,1
"remove_count_le_1","Remove count <=1","ASV","fea08f3d3208380d39bd5c9d842dc3a7","Type 3",2,0.000236106880862829,1
"remove_count_le_1","Remove count <=1","ASV","07f823ed91fe424a88e175a9101db80f","Type 3",13,0.00153469472560839,1
"remove_count_le_1","Remove count <=1","ASV","c493d201095c536f779a875aa81eb785","Type 3",19,0.00224301536819688,1
"remove_count_le_1","Remove count <=1","ASV","5047a68b8052130e1c1f7a1393b98b25","Type 2",6,0.000708320642588487,1
"remove_count_le_1","Remove count <=1","ASV","baf20e75c800bdc6ea7102446cb62004","Type 2",9,0.00106248096388273,1
"remove_count_le_1","Remove count <=1","ASV","2b958f618a93c43c95ed97a27dbf99c1","Type 5",29,0.00342354977251102,1
"remove_count_le_1","Remove count <=1","ASV","33f47e71a6bd90240260dbf02628d005","Type 1",5,0.000590267202157072,1
"remove_count_le_1","Remove count <=1","ASV","728a3416cbccecfa8bc1ba3887e95291","Type 2",5,0.000590267202157072,1
"remove_count_le_1","Remove count <=1","ASV","252e53ae583e13acb3c82cbb37693975","Type 5",52,0.00613877890243355,1
"remove_count_le_1","Remove count <=1","ASV","6dfb3d3d89238d192403129b1d722369","Type 5",7,0.000826374083019901,1
"remove_count_le_1","Remove count <=1","ASV","765efc4daa162f7796da7e9afc482f8d","Type 3",8,0.000944427523451316,1
"remove_count_le_1","Remove count <=1","ASV","970b9035dc044bbada421946a4d1b38f","Type 4",17,0.00200690848733405,1
"remove_count_le_1","Remove count <=1","ASV","e3cf88a0fc4731af23d477c14f7f8de6","Type 2",23,0.00271522912992253,1
"remove_count_le_1","Remove count <=1","ASV","46b0ba5afe1e2b9268573006c628405a","Type 3",11,0.00129858784474556,1
"remove_count_le_1","Remove count <=1","ASV","bff2858a173d483d7604323d8fc9a6e9","Type 4",55,0.0064929392237278,1
"remove_count_le_1","Remove count <=1","ASV","9ac455d7d7a26fed46036043403628e6","Type 4",34,0.00401381697466809,1
"remove_count_le_1","Remove count <=1","ASV","3a5562c342a4a4f807146f173e3b4913","Type 4",2,0.000236106880862829,1
"remove_count_le_1","Remove count <=1","ASV","61479088ae969146b1c6215012f4516d","Type 4",9,0.00106248096388273,1
"remove_count_le_1","Remove count <=1","ASV","45d5e71e89034244990f9ff6f3d7c6b2","Type 3",7,0.000826374083019901,1
"remove_count_le_1","Remove count <=1","ASV","6833f4ed5654eae9a6d6c4b4de5489b2","Type 4",12,0.00141664128517697,1
"remove_count_le_1","Remove count <=1","ASV","205d71d561e7e3a2870a906fe6fc7cd3","Type 4",21,0.0024791222490597,1
"remove_count_le_1","Remove count <=1","ASV","1915ee9cf12b68e7edf6a6acab0db930","Type 1",30,0.00354160321294243,1
"remove_count_le_1","Remove count <=1","ASV","6d2f7a03aef50fc495630619a382349b","Type 3",13,0.00153469472560839,1
"remove_count_le_1","Remove count <=1","ASV","c48f2a17c433810ec8fb4e5d8ee33f69","Type 3",3,0.000354160321294243,1
"remove_count_le_1","Remove count <=1","ASV","42037eaa17824b063355a1c081dec5a9","Type 4",23,0.00271522912992253,1
"remove_count_le_1","Remove count <=1","ASV","bcf42d28214e96c79ad0a1a24ba990d3","Type 3",8,0.000944427523451316,1
"remove_count_le_1","Remove count <=1","ASV","5b5004f1edaf4317043a5cf9b1521fbc","Type 3",3,0.000354160321294243,1
"remove_count_le_1","Remove count <=1","ASV","caa6adce81c3a5954e76fa1b4ed6b79c","Type 3",9,0.00106248096388273,1
"remove_count_le_1","Remove count <=1","ASV","c3a9e38aa7cfaeda712180e3a0d4d409","Type 3",4,0.000472213761725658,1
"remove_count_le_1","Remove count <=1","ASV","ff6c13969bf904d1847a3dcfacbca45b","Type 4",34,0.00401381697466809,1
"remove_count_le_1","Remove count <=1","ASV","e5dae6cee5e6cd3c558af8a949b7f84f","Type 3",2,0.000236106880862829,1
"remove_count_le_1","Remove count <=1","ASV","54033fad6f3e52cd283ee2acbcb08a4a","Type 3",2,0.000236106880862829,1
"remove_count_le_1","Remove count <=1","ASV","20da663dcf44899a4bc0758948c51ced","Type 4",30,0.00354160321294243,1
"remove_count_le_1","Remove count <=1","ASV","8940cf1d849ca98ee38e7835fdf32ddf","Type 2",8,0.000944427523451316,1
"remove_count_le_1","Remove count <=1","ASV","c8f0916f6fd2f533a204b73879084a4f","Type 1",16,0.00188885504690263,1
"remove_count_le_1","Remove count <=1","ASV","2235fb3906484370e48c37388c4cd746","Type 3",100,0.0118053440431414,1
"remove_count_le_1","Remove count <=1","ASV","488029799c26f2d7eaf7df8899ad7c34","Type 2",10,0.00118053440431414,1
"remove_count_le_1","Remove count <=1","ASV","79c2d824228c4d17533d54fa05f593ed","Type 5",20,0.00236106880862829,1
"remove_count_le_1","Remove count <=1","ASV","79efcc373159c11685c8a7343b8e0cd9","Type 5",13,0.00153469472560839,1
"remove_count_le_1","Remove count <=1","ASV","3b7c4353c33312c1da4f2d75073de0f2","Type 5",2,0.000236106880862829,1
"remove_count_le_1","Remove count <=1","ASV","cbb091b5e5b0289d04c52c93172f0400","Type 5",9,0.00106248096388273,1
"remove_count_le_1","Remove count <=1","ASV","8579cd8aedc5e66f7f61066a10427a19","Type 5",5,0.000590267202157072,1
"remove_count_le_1","Remove count <=1","ASV","03007c3b04e8630cb1d7defdc4f86849","Type 3",12,0.00141664128517697,1
"remove_count_le_1","Remove count <=1","ASV","9fb4d1ef56025a3efd044096543a3686","Type 1",8,0.000944427523451316,1
"remove_count_le_1","Remove count <=1","ASV","f17828dfd2e7bc70c218888572121f2d","Type 1",4,0.000472213761725658,1
"remove_count_le_1","Remove count <=1","ASV","867ea09fd0e8bc911475f9097bd2e57d","Type 3",2,0.000236106880862829,1
"remove_count_le_1","Remove count <=1","ASV","5a0cb3cb3df94386cc4e784b806c7b31","Type 5",2,0.000236106880862829,1
"remove_count_le_1","Remove count <=1","ASV","ed75f176ef3a36da1b63ac18f8893b08","Type 5",33,0.00389576353423668,1
"remove_count_le_1","Remove count <=1","ASV","693d7cbdb239aadc175ee647e29bddfb","Type 2",24,0.00283328257035395,1
"remove_count_le_1","Remove count <=1","ASV","041a808460c3e20eb708113a5ae6533d","Type 1",478,0.0564295445262161,1
"remove_count_le_1","Remove count <=1","ASV","d300fc435576f64ba7bdfeef68127764","Type 5",61,0.00720125986631628,1
"remove_count_le_1","Remove count <=1","ASV","d7889727bd45ae5ba27667cf1b4fef8d","Type 1",71,0.00838179427063043,1
"remove_count_le_1","Remove count <=1","ASV","39069292e69646e1707492e13f9afcaa","Type 4",6,0.000708320642588487,1
"remove_count_le_1","Remove count <=1","ASV","061919e0500413f539e74dc52e526690","Type 1",8,0.000944427523451316,1
"remove_count_le_1","Remove count <=1","ASV","4961a9855736776cbb628fcf27ee7f72","Type 5",3,0.000354160321294243,1
"remove_count_le_1","Remove count <=1","ASV","42a737ec9a1e7f58a5917bf94bba2d84","Type 4",31,0.00365965665337385,1
"remove_count_le_1","Remove count <=1","ASV","5a51147364ea7b339eaeabcac1987935","Type 1",4,0.000472213761725658,1
"remove_count_le_1","Remove count <=1","ASV","832aedcbf2437f36f31de8cb5fa5d7e4","Type 3",10,0.00118053440431414,1
"remove_count_le_1","Remove count <=1","ASV","f5962e8ecbacc53879e39e3c720663b7","Type 1",2,0.000236106880862829,1
"remove_count_le_1","Remove count <=1","ASV","c3241e1fde3826e45858fd4cd3f070d5","Type 5",32,0.00377771009380526,1
"remove_count_le_1","Remove count <=1","ASV","f80312dff7be1af70a4ee5966a53edf0","Type 3",19,0.00224301536819688,1
"remove_count_le_1","Remove count <=1","ASV","69163bca9e57b41a6f236660584bbde1","Type 1",12,0.00141664128517697,1
"remove_count_le_1","Remove count <=1","ASV","8d3243f2860964ff8177daf941fb6068","Type 4",8,0.000944427523451316,1
"remove_count_le_1","Remove count <=1","ASV","1a917b265c943f0b7fe898239bb29ed5","Type 5",6,0.000708320642588487,1
"remove_count_le_1","Remove count <=1","ASV","438ca565cc749b79a0e6304fe1a014e9","Type 5",33,0.00389576353423668,2
"remove_count_le_1","Remove count <=1","ASV","c8827998db164736b8734bd3d57c3bb6","Type 3",2,0.000236106880862829,1
"remove_count_le_1","Remove count <=1","ASV","392e7b946a7fcf0542dd68a03992cf87","Type 4",17,0.00200690848733405,1
"remove_count_le_1","Remove count <=1","ASV","3573d917a9a8d04c8bd2b4d1fc5a4583","Type 3",28,0.00330549633207961,1
"remove_count_le_1","Remove count <=1","ASV","0c90653a613ae78a5c66c3cf0d1357e8","Type 3",2,0.000236106880862829,1
"remove_count_le_1","Remove count <=1","ASV","e7dae3ddbaa7236216f2d85fb2360a2d","Type 1",2,0.000236106880862829,1
"remove_count_le_1","Remove count <=1","ASV","79ab60724f24643048b657b079f00b4b","Type 4",29,0.00342354977251102,1
"remove_count_le_1","Remove count <=1","ASV","81cd1ad8b3129853d4b93d589a58bf71","Type 5",3,0.000354160321294243,1
"remove_count_le_1","Remove count <=1","ASV","2090db0b05f31f943b03de34379ddc88","Type 2",8,0.000944427523451316,1
"remove_count_le_1","Remove count <=1","ASV","d53efbaefdb192ae227af8921a237ae0","Type 1",5,0.000590267202157072,1
"remove_count_le_1","Remove count <=1","ASV","3c480d73079ac5a6b775440d5e03d48f","Type 2",9,0.00106248096388273,1
"remove_count_le_1","Remove count <=1","ASV","ebf6d6884f5c267267b55b6f5a80d82b","Type 3",3,0.000354160321294243,1
"remove_count_le_1","Remove count <=1","ASV","db1eed5f4468a43728a2836a815a8c74","Type 3",35,0.00413187041509951,1
"remove_count_le_1","Remove count <=1","ASV","8b1ffe59e74ca2775e9ad9276e27474d","Type 3",10,0.00118053440431414,1
"remove_count_le_1","Remove count <=1","ASV","d80fa7424b67bb3c3c4782b972eb47a9","Type 4",17,0.00200690848733405,1
"remove_count_le_1","Remove count <=1","ASV","60cc5f83c58be9a911d98b9cece063bb","Type 3",10,0.00118053440431414,1
"remove_count_le_1","Remove count <=1","ASV","81367a807dd852ad2b2773da44de5f53","Type 3",12,0.00141664128517697,1
"remove_count_le_1","Remove count <=1","ASV","3ee6d540c94dd48932c569e06e902e95","Type 4",16,0.00188885504690263,1
"remove_count_le_1","Remove count <=1","ASV","c333b4ead34da146d83e5af854f37340","Type 2",13,0.00153469472560839,1
"remove_count_le_1","Remove count <=1","ASV","5bee6c3b392ee80f49cd7dffd55f73b4","Type 2",9,0.00106248096388273,1
"remove_count_le_1","Remove count <=1","ASV","942cb33da7b46a8135de90c240d29894","Type 3",14,0.0016527481660398,1
"remove_count_le_1","Remove count <=1","ASV","f7734641299f704d4883f5df11e8e3ab","Type 2",24,0.00283328257035395,1
"remove_count_le_1","Remove count <=1","ASV","9d388ae42870966dcd11c7e9259bae83","Type 4",27,0.00318744289164819,1
"remove_count_le_1","Remove count <=1","ASV","84cae0263e452705044554c138632cf9","Type 5",6,0.000708320642588487,1
"remove_count_le_1","Remove count <=1","ASV","87f3aa8bb07c74fde7495dd9091ad564","Type 1",9,0.00106248096388273,1
"remove_count_le_1","Remove count <=1","ASV","63c14b6462cea84fa884444d6e615682","Type 4",16,0.00188885504690263,1
"remove_count_le_1","Remove count <=1","ASV","c7cac901fe0724476eb3f489e182793c","Type 3",86,0.0101525958771016,1
"remove_count_le_1","Remove count <=1","ASV","b094b1184aedb2687c38cbbd8efcf4d6","Type 5",11,0.00129858784474556,1
"remove_count_le_1","Remove count <=1","ASV","20c032fd73c325ca9fd5bf4e433479f1","Type 2",66,0.00779152706847336,1
"remove_count_le_1","Remove count <=1","ASV","a90c55d5aa730153ab9a15102189ec67","Type 2",32,0.00377771009380526,1
"remove_count_le_1","Remove count <=1","ASV","328123ac8b27b6acb3cedaa89b2b0156","Type 2",12,0.00141664128517697,1
"remove_count_le_1","Remove count <=1","ASV","2d6211651bac81782276e9c246d6e870","Type 4",34,0.00401381697466809,1
"remove_count_le_1","Remove count <=1","ASV","3feaa348a4888eaf1f0d479b540b88b5","Type 4",17,0.00200690848733405,1
"remove_count_le_1","Remove count <=1","ASV","a8b3bc25431d9974d2db9499f0ebdf1e","Type 2",6,0.000708320642588487,1
"remove_count_le_1","Remove count <=1","ASV","303fed95dacebfe326c22601533e609a","Type 1",28,0.00330549633207961,1
"remove_count_le_1","Remove count <=1","ASV","28dfd726413f2bb5c6f134755edb5a53","Type 2",35,0.00413187041509951,1
"remove_count_le_1","Remove count <=1","ASV","7e1bc7d60bfc071968f2f3a29adfb3ad","Type 4",13,0.00153469472560839,1
"remove_count_le_1","Remove count <=1","ASV","8a5697dd780d03c6e76c591668969c2e","Type 4",20,0.00236106880862829,1
"remove_count_le_1","Remove count <=1","ASV","8fbaeefd5b553e547dad8ef5a902fc74","Type 1",9,0.00106248096388273,1
"remove_count_le_1","Remove count <=1","ASV","2d987778bfe227e69fa48a830eb88442","Type 2",36,0.00424992385553092,1
"remove_count_le_1","Remove count <=1","ASV","028568e36388c5b4f1038ac3a0e5b41a","Type 3",2,0.000236106880862829,1
"remove_count_le_1","Remove count <=1","ASV","5a0a19860364041631fefcc14384dbd0","Type 3",5,0.000590267202157072,1
"remove_count_le_1","Remove count <=1","ASV","f79759b7768e60a8936b98b00b75b012","Type 2",3,0.000354160321294243,1
"remove_count_le_1","Remove count <=1","ASV","396e08b4aed1c91c9d0d09d3af7e285d","Type 3",2,0.000236106880862829,1
"remove_count_le_1","Remove count <=1","ASV","3041383b31ef66edad85399cddbb6b72","Type 1",3,0.000354160321294243,1
"remove_count_le_1","Remove count <=1","ASV","240e2fecf86e39257ba396eb1e54b58d","Type 5",2,0.000236106880862829,1
"remove_count_le_1","Remove count <=1","ASV","e7d8136a34a87fc24701d2adcc3c8841","Type 2",9,0.00106248096388273,1
"remove_count_le_1","Remove count <=1","ASV","907edc601daefe405c3cfc339d4191e7","Type 3",7,0.000826374083019901,1
"remove_count_le_1","Remove count <=1","ASV","56780775e0997dd7164499d8ac2ae196","Type 2",13,0.00153469472560839,1
"remove_count_le_1","Remove count <=1","ASV","59f794c8e02a45d3ed93eb18cf67f109","Type 2",8,0.000944427523451316,1
"remove_count_le_1","Remove count <=1","ASV","e9628b0e86930f97147b644bdcdb852a","Type 4",13,0.00153469472560839,1
"remove_count_le_1","Remove count <=1","ASV","24c9f3fa89464230c405e38207fb7e4a","Type 3",8,0.000944427523451316,1
"remove_count_le_1","Remove count <=1","ASV","e17026a5703195ae1e6c2a131e711da1","Type 4",11,0.00129858784474556,1
"remove_count_le_1","Remove count <=1","ASV","a7d9971933464c058e7ddf37d6fbb983","Type 2",9,0.00106248096388273,1
"remove_count_le_1","Remove count <=1","ASV","48a4d28972bdbd103ebad8d6e2ff59c6","Type 4",40,0.00472213761725658,1
"remove_count_le_1","Remove count <=1","ASV","6e6b82bd14f8062c528ed123df7552b9","Type 3",16,0.00188885504690263,1
"remove_count_le_1","Remove count <=1","ASV","d96f30c5b1cfccd1f824526c93d529c6","Type 1",23,0.00271522912992253,1
"remove_count_le_1","Remove count <=1","ASV","124328b31c5c9882157e107c7351c97c","Type 2",5,0.000590267202157072,1
"remove_count_le_1","Remove count <=1","ASV","27780e3e86b02295e4137a6ec11406cc","Type 3",38,0.00448603073639375,1
"remove_count_le_1","Remove count <=1","ASV","224384c85de463e715399a909c988814","Type 4",34,0.00401381697466809,1
"remove_count_le_1","Remove count <=1","ASV","ac037e552a40bb49dae4dc77882fdefc","Type 4",12,0.00141664128517697,1
"remove_count_le_1","Remove count <=1","ASV","063fa097cb070f3eff4ae0029c835d82","Type 1",30,0.00354160321294243,1
"remove_count_le_1","Remove count <=1","ASV","9d7e2e97d0a55063e270d2fab8e2c473","Type 3",7,0.000826374083019901,1
"remove_count_le_1","Remove count <=1","ASV","68e695ada04f4c53d7694aca07473f93","Type 3",5,0.000590267202157072,1
"remove_count_le_1","Remove count <=1","ASV","b0e74d9adbe8a3059080bf03e65ed7ed","Type 3",14,0.0016527481660398,1
"remove_count_le_1","Remove count <=1","ASV","6212d89a09f592e5b8afd485f390a517","Type 3",11,0.00129858784474556,1
"remove_count_le_1","Remove count <=1","ASV","fe2511ea3e1cfe30c22a8f0c82808f91","Type 5",101,0.0119233974835729,1
"remove_count_le_1","Remove count <=1","ASV","ede29806790ba9151d7521ed8e736adf","Type 3",9,0.00106248096388273,1
"remove_count_le_1","Remove count <=1","ASV","f6ae3a0effeabd5cd200d23678342421","Type 5",38,0.00448603073639375,1
"remove_count_le_1","Remove count <=1","ASV","dbebc4ce8918ea22d191eea699b3646c","Type 3",41,0.00484019105768799,1
"remove_count_le_1","Remove count <=1","ASV","c576fd6e6769c025c51517cda620e3b8","Type 3",9,0.00106248096388273,1
"remove_count_le_1","Remove count <=1","ASV","81bd7f502e6889c4cca8a91a62ea2e01","Type 4",23,0.00271522912992253,1
"remove_count_le_1","Remove count <=1","ASV","c260bbd5d1d8a9597fb85e7b58b540e4","Type 2",31,0.00365965665337385,1
"remove_count_le_1","Remove count <=1","ASV","8179e14ffc901e02a8fb5b503377892d","Type 4",16,0.00188885504690263,1
"remove_count_le_1","Remove count <=1","ASV","f1bd466e120acbcefb1c87aff71bbdd6","Type 1",4,0.000472213761725658,1
"remove_count_le_1","Remove count <=1","ASV","577f945fb998727cfdcd0ada622929da","Type 5",14,0.0016527481660398,1
"remove_count_le_1","Remove count <=1","ASV","610569128de2506ec2eaef18e70e6b8b","Type 5",19,0.00224301536819688,1
"remove_count_le_1","Remove count <=1","ASV","d70a7746d155cfcc8137c6c386e721a6","Type 4",399,0.0471033227321344,1
"remove_count_le_1","Remove count <=1","ASV","eaecf374665397d98dd8cc4985d15f53","Type 2",8,0.000944427523451316,1
"remove_count_le_1","Remove count <=1","ASV","aa99c591f8846f63d0e80d48040735ed","Type 2",4,0.000472213761725658,1
"remove_count_le_1","Remove count <=1","ASV","29f59b56409a7eba26d5f94b8a66d312","Type 4",4,0.000472213761725658,1
"remove_count_le_1","Remove count <=1","ASV","df92a5ba11df3741e12b85424169f6d7","Type 2",22,0.00259717568949112,1
"remove_count_le_1","Remove count <=1","ASV","5c7e32965db9626f18265be50a2daa92","Type 4",7,0.000826374083019901,1
"remove_count_le_1","Remove count <=1","ASV","1ded7a95822d98cfc2e9255f28fdc9b3","Type 3",23,0.00271522912992253,1
"remove_count_le_1","Remove count <=1","ASV","bc307d78bf0630c7f884bcf44a3fc42f","Type 5",8,0.000944427523451316,1
"remove_count_le_1","Remove count <=1","ASV","6938c2e8f42da1ed9788a2b56c67c847","Type 5",7,0.000826374083019901,1
"remove_count_le_1","Remove count <=1","ASV","09b4d604d624149b680ffb1608aa8f38","Type 5",85,0.0100345424366702,1
"remove_count_le_1","Remove count <=1","ASV","c9c815e4af94c349c90ddd03e0a45ebd","Type 4",69,0.0081456873897676,1
"remove_count_le_1","Remove count <=1","ASV","7cc18d4b688c5c742a37c7cfe064ddbb","Type 4",9,0.00106248096388273,1
"remove_count_le_1","Remove count <=1","ASV","2e695995cf390a528fef63f17881e82c","Type 2",41,0.00484019105768799,1
"remove_count_le_1","Remove count <=1","ASV","842e03512329c6a9d03d1f232689e0f5","Type 1",5,0.000590267202157072,1
"remove_count_le_1","Remove count <=1","ASV","def2dd3f0408f44c8c2660e67114a2be","Type 1",5,0.000590267202157072,1
"remove_count_le_1","Remove count <=1","ASV","4d211254d47577c8ff39c6b73f6c10b2","Type 3",3,0.000354160321294243,1
"remove_count_le_1","Remove count <=1","ASV","778a29769920b5cb04ac69a565aa87c0","Type 2",3,0.000354160321294243,1
"remove_count_le_1","Remove count <=1","ASV","441bf3233441c2a9cb8c0e90b22d4231","Type 3",4,0.000472213761725658,1
"remove_count_le_1","Remove count <=1","ASV","dce3300089795063e658dff6ea80b645","Type 3",2,0.000236106880862829,1
"remove_count_le_1","Remove count <=1","ASV","c425d5bf259eefaf92ad3aed76084998","Type 2",17,0.00200690848733405,1
"remove_count_le_1","Remove count <=1","ASV","3957ba2fbbbe4fd8f86fc8e07433c37e","Type 4",79,0.00932622179408175,1
"remove_count_le_1","Remove count <=1","ASV","c01cf90758bc9b552a3b24ed1b98b50e","Type 3",12,0.00141664128517697,1
"remove_count_le_1","Remove count <=1","ASV","383a109d96039d9bace81e928fa8ac10","Type 4",30,0.00354160321294243,1
"remove_count_le_1","Remove count <=1","ASV","048b6536cdebd9275a7311708123470a","Type 5",8,0.000944427523451316,1
"remove_count_le_1","Remove count <=1","ASV","e82b6cf2c864f18bc66f9cbcac73720e","Type 1",26,0.00306938945121678,1
"remove_count_le_1","Remove count <=1","ASV","89c0de0b7f79cbb0eea102c260910fff","Type 2",16,0.00188885504690263,1
"remove_count_le_1","Remove count <=1","ASV","cda3a4a423b7db34b0e02a8d8e0b07cc","Type 4",2,0.000236106880862829,1
"remove_count_le_1","Remove count <=1","ASV","4c615cac933761b0c1a53b332493d2c4","Type 1",10,0.00118053440431414,1
"remove_count_le_1","Remove count <=1","ASV","d07f0d43b2a13f3b3e893c9e0c49f59c","Type 2",69,0.0081456873897676,1
"remove_count_le_1","Remove count <=1","ASV","c5f12a0cb4e6ff4059c2fe4a459a96d4","Type 4",12,0.00141664128517697,1
"remove_count_le_1","Remove count <=1","ASV","f005bcab943ae274fc271613b7ec2382","Type 5",6,0.000708320642588487,1
"remove_count_le_1","Remove count <=1","ASV","933f18878e69bdd3967c6a73aed994ba","Type 5",6,0.000708320642588487,1
"remove_count_le_1","Remove count <=1","ASV","09db8218f190e99eebb51aaf3e560b37","Type 4",10,0.00118053440431414,1
"remove_count_le_1","Remove count <=1","ASV","fb9c8dc0b79138f4f0e12330d846bc5a","Type 3",20,0.00236106880862829,1
"remove_count_le_1","Remove count <=1","ASV","de9e979a1298428db785eb79343e299e","Type 2",3,0.000354160321294243,1
"remove_count_le_1","Remove count <=1","ASV","8419a88871f926fceef995f5a8e815c1","Type 5",13,0.00153469472560839,1
"remove_count_le_1","Remove count <=1","ASV","acc9911fe839248d36690c071e2205ea","Type 3",3,0.000354160321294243,1
"remove_count_le_1","Remove count <=1","ASV","8361c3014d08af11b1e17d5c119cd9eb","Type 4",5,0.000590267202157072,1
"remove_count_le_1","Remove count <=1","ASV","6aa949afa61bdacee8839f52591c8bae","Type 2",9,0.00106248096388273,1
"remove_count_le_1","Remove count <=1","ASV","cc9d3d347a8d46ec6afaad77d19076eb","Type 3",26,0.00306938945121678,1
"remove_count_le_1","Remove count <=1","ASV","d04246d077a73749b0ae5807ca712143","Type 2",7,0.000826374083019901,1
"remove_count_le_1","Remove count <=1","ASV","542354e1a9067ae60ee319c941222218","Type 5",14,0.0016527481660398,1
"remove_count_le_1","Remove count <=1","ASV","bf90fe11728549b6d11111a34295fa16","Type 2",8,0.000944427523451316,1
"remove_count_le_1","Remove count <=1","ASV","ee22086e46362752abdb334fce3a7f73","Type 3",22,0.00259717568949112,1
"remove_count_le_1","Remove count <=1","ASV","df12ec2847a04ec123c9aaddf16f84b9","Type 5",6,0.000708320642588487,1
"remove_count_le_1","Remove count <=1","ASV","7c371043b8c07a3a308ea936d37ba410","Type 5",37,0.00436797729596234,1
"remove_count_le_1","Remove count <=1","ASV","e76e276155c467e870d85d40a898ddc7","Type 5",28,0.00330549633207961,1
"remove_count_le_1","Remove count <=1","ASV","5e6d1b5ccc9080fd4746b29078e176bb","Type 4",50,0.00590267202157072,1
"remove_count_le_1","Remove count <=1","ASV","fa8e414578cac779abbca29767cb574a","Type 3",13,0.00153469472560839,1
"remove_count_le_1","Remove count <=1","ASV","047d74b43fee3d83afa5b2da3d802c48","Type 1",53,0.00625683234286497,1
"remove_count_le_1","Remove count <=1","ASV","9be097816bb26efde17abbb517cb097a","Type 5",5,0.000590267202157072,1
"remove_count_le_1","Remove count <=1","ASV","a04a99ff8d24fcd7a2a216c95b45e72f","Type 4",5,0.000590267202157072,1
"remove_count_le_1","Remove count <=1","ASV","0ebf6d992c01d8d4737d6326d974236b","Type 5",58,0.00684709954502204,1
"remove_count_le_1","Remove count <=1","Genus","ac4224d32dea1c7253ed5070a65a1b3e","Type 1",4,0.000472213761725658,1
"remove_count_le_1","Remove count <=1","Genus","d8e59a58b1954757c26b879a9829c4a7","Type 5",4,0.000472213761725658,1
"remove_count_le_1","Remove count <=1","Genus","c456d3718aa91dcf3ef7d19a8499d593","Type 5",2,0.000236106880862829,1
"remove_count_le_1","Remove count <=1","Genus","5d3f0656e47a33688c5d82c089cee67a","Type 3",37,0.00436797729596234,1
"remove_count_le_1","Remove count <=1","Genus","e523791eca087d243d36477d28789915","Type 2",3,0.000354160321294243,1
"remove_count_le_1","Remove count <=1","Genus","668ddc46cdbec2642f49fddde18308d2","Type 4",4,0.000472213761725658,1
"remove_count_le_1","Remove count <=1","Genus","e8a982d893c071c22434b8c9bdcaa162","Type 2",28,0.00330549633207961,1
"remove_count_le_1","Remove count <=1","Genus","82e8fc4d3afec356107df3637c36de02","Type 5",4,0.000472213761725658,1
"remove_count_le_1","Remove count <=1","Genus","f86053770615e8c2bed9d08c8218914b","Type 3",8,0.000944427523451316,1
"remove_count_le_1","Remove count <=1","Genus","0246880f263e5f9d050691d5c089a905","Type 3",8,0.000944427523451316,1
"remove_count_le_1","Remove count <=1","Genus","2e728bead79d32a1b0788c8f2d3d8420","Type 2",14,0.0016527481660398,1
"remove_count_le_1","Remove count <=1","Genus","963569a5bb9a8b1e06a8096993b64a24","Type 2",8,0.000944427523451316,1
"remove_count_le_1","Remove count <=1","Genus","5cbed13e671ef6879845c96f0efcfcae","Type 3",10,0.00118053440431414,1
"remove_count_le_1","Remove count <=1","Genus","34085f1836e0fbc2e8a1843a65e93757","Type 1",12,0.00141664128517697,1
"remove_count_le_1","Remove count <=1","Genus","92201a0da9fc3ee6db6f359cdc9ae158","Type 2",7,0.000826374083019901,1
"remove_count_le_1","Remove count <=1","Genus","2e9cafa6d587316096144e3d099fb30a","Type 2",17,0.00200690848733405,1
"remove_count_le_1","Remove count <=1","Genus","ca9f4bee4554e862e06ba4c488055776","Type 5",3,0.000354160321294243,1
"remove_count_le_1","Remove count <=1","Genus","7b789ab34a526249c04870ec1e3b14fb","Type 1",7,0.000826374083019901,1
"remove_count_le_1","Remove count <=1","Genus","15287379f901b0787b04f6432a2f8bcf","Type 3",43,0.00507629793855082,1
"remove_count_le_1","Remove count <=1","Genus","c8a6218790712b8c08f605b865c6e497","Type 1",3,0.000354160321294243,1
"remove_count_le_1","Remove count <=1","Genus","ca98c2f71fa7860e8be3b69cc0e6c6c1","Type 3",7,0.000826374083019901,1
"remove_count_le_1","Remove count <=1","Genus","054a3d89b18fe9efb721eae0b64f969b","Type 5",40,0.00472213761725658,1
"remove_count_le_1","Remove count <=1","Genus","6726658e6ed1b518f3cdae63d51007c1","Type 2",14,0.0016527481660398,1
"remove_count_le_1","Remove count <=1","Genus","d5a4ec4339c4955f94811de7690ef425","Type 1",10,0.00118053440431414,1
"remove_count_le_1","Remove count <=1","Genus","73948445c2534487d73c1402eb9ca852","Type 3",45,0.00531240481941365,1
"remove_count_le_1","Remove count <=1","Genus","5de75a73be3109110266de0a2c4b48d4","Type 2",5,0.000590267202157072,1
"remove_count_le_1","Remove count <=1","Genus","d0bbb3cf6f8c4d7a6fdd6a81d94daa81","Type 3",14,0.0016527481660398,1
"remove_count_le_1","Remove count <=1","Genus","33a4b160e1f1411ea02ae36df2dcc388","Type 5",3,0.000354160321294243,1
"remove_count_le_1","Remove count <=1","Genus","f5b86fa349f1d8d5abe6b1f25e437279","Type 3",4,0.000472213761725658,1
"remove_count_le_1","Remove count <=1","Genus","28e82ac50faab22d9428d78c36181743","Type 1",4,0.000472213761725658,1
"remove_count_le_1","Remove count <=1","Genus","e423277f6fcd9bead5bf13ade58d4de5","Type 3",7,0.000826374083019901,1
"remove_count_le_1","Remove count <=1","Genus","caa5248c2660878fac2218b81b13b8e0","Type 5",33,0.00389576353423668,1
"remove_count_le_1","Remove count <=1","Genus","050d46a27980fc3cbc7f1a3d04b66b12","Type 1",4,0.000472213761725658,1
"remove_count_le_1","Remove count <=1","Genus","cca62ce55fa1104839106ebc7d1a7667","Type 5",5,0.000590267202157072,1
"remove_count_le_1","Remove count <=1","Genus","6bee3eeab5d2aed2aab34621e25b49d8","Type 1",6,0.000708320642588487,1
"remove_count_le_1","Remove count <=1","Genus","116562121bfd1151c28e32ea067b1228","Type 1",2,0.000236106880862829,1
"remove_count_le_1","Remove count <=1","Genus","c16345411b2428ad706dd067e17bd77d","Type 1",10,0.00118053440431414,1
"remove_count_le_1","Remove count <=1","Genus","9ae36e9a8e7cceb827cfd1fa46652a45","Type 1",14,0.0016527481660398,1
"remove_count_le_1","Remove count <=1","Genus","59ef38dc6b706ebe3087a9c3c12872bd","Type 5",3,0.000354160321294243,1
"remove_count_le_1","Remove count <=1","Genus","f701cbc5da10b2d9cba3b0728f832f73","Type 4",6,0.000708320642588487,1
"remove_count_le_1","Remove count <=1","Genus","0b2fe4fb7db539ff9a4fa9d27c0faa62","Type 1",6,0.000708320642588487,1
"remove_count_le_1","Remove count <=1","Genus","8459d7cb3a2b19a181aa31512f398869","Type 4",15,0.00177080160647122,1
"remove_count_le_1","Remove count <=1","Genus","1dd2d03bf672608a258cb4ef5543cad2","Type 5",10,0.00118053440431414,1
"remove_count_le_1","Remove count <=1","Genus","858b9292b21db7fe07ea3cc766b912dc","Type 3",9,0.00106248096388273,1
"remove_count_le_1","Remove count <=1","Genus","ae7508e0c0f5db07a8e8242c6148c34d","Type 2",5,0.000590267202157072,1
"remove_count_le_1","Remove count <=1","Genus","b4cc697fe846f736906b4d261b088dfd","Type 2",3,0.000354160321294243,1
"remove_count_le_1","Remove count <=1","Genus","35527ffa9f44ebbf586ab787211da1c3","Type 4",7,0.000826374083019901,1
"remove_count_le_1","Remove count <=1","Genus","a67325486802911e948473f4b8b71ebe","Type 4",6,0.000708320642588487,1
"remove_count_le_1","Remove count <=1","Genus","1813a356c899840a7219062a1a3f47b5","Type 4",4,0.000472213761725658,1
"remove_count_le_1","Remove count <=1","Genus","de2b4b14636d09e2d4611f822ab82457","Type 5",69,0.0081456873897676,1
"remove_count_le_1","Remove count <=1","Genus","ad490013f6967a5e303129f81df260cb","Type 4",6,0.000708320642588487,1
"remove_count_le_1","Remove count <=1","Genus","300837fe392a9506546f1970bd365d4b","Type 1",22,0.00259717568949112,2
"remove_count_le_1","Remove count <=1","Genus","88098ab3f8048c851897dbd0bcb5cb7d","Type 4",7,0.000826374083019901,1
"remove_count_le_1","Remove count <=1","Genus","a7d73d00201f5dfac32d5042e3aa7039","Type 4",3,0.000354160321294243,1
"remove_count_le_1","Remove count <=1","Genus","1422aef8849148a9b52ce185862dc22f","Type 2",26,0.00306938945121678,2
"remove_count_le_1","Remove count <=1","Genus","b9879da874f023629c4384ada519ba98","Type 3",21,0.0024791222490597,1
"remove_count_le_1","Remove count <=1","Genus","2f7ab09df42772d54308dfa6e66bdfd0","Type 1",3,0.000354160321294243,1
"remove_count_le_1","Remove count <=1","Genus","c267dc0912cbc6475bb64ff0f47644b0","Type 1",5,0.000590267202157072,1
"remove_count_le_1","Remove count <=1","Genus","dc9e2860e3fa93f9e4bf136144d697d6","Type 5",4,0.000472213761725658,1
"remove_count_le_1","Remove count <=1","Genus","d28702f527ca84119434a5d089dea094","Type 1",143,0.0168816419816923,1
"remove_count_le_1","Remove count <=1","Genus","92981a4f9e607d7f28d045957da39fcf","Type 2",9,0.00106248096388273,1
"remove_count_le_1","Remove count <=1","Genus","0535f4bb8a671a91b7c6080f796b0bc0","Type 3",3,0.000354160321294243,1
"remove_count_le_1","Remove count <=1","Genus","3d321b478b7fd39dc8ac6c68a827a622","Type 4",19,0.00224301536819688,1
"remove_count_le_1","Remove count <=1","Genus","d127837f1b6ab3f7bdad8d8d125f0b08","Type 1",14,0.0016527481660398,1
"remove_count_le_1","Remove count <=1","Genus","a6a5c75bcf40728c389d91b17e569cb0","Type 3",10,0.00118053440431414,2
"remove_count_le_1","Remove count <=1","Genus","a1e2b28fb788c9542caf556c169bd434","Type 4",102,0.0120414509240043,2
"remove_count_le_1","Remove count <=1","Genus","4ed1aaefaefe8f38b7f6a4c1fd82d1ba","Type 3",19,0.00224301536819688,1
"remove_count_le_1","Remove count <=1","Genus","302bf7a5ed63144059d0db8f906a743f","Type 3",27,0.00318744289164819,1
"remove_count_le_1","Remove count <=1","Genus","be765e929e8c9e7845dc8abd26cbda3e","Type 2",22,0.00259717568949112,1
"remove_count_le_1","Remove count <=1","Genus","87a6bbed6ceb02ec381f45db5ed37984","Type 2",27,0.00318744289164819,1
"remove_count_le_1","Remove count <=1","Genus","1c5d6c2c9b4a7166c7cb496fca023c12","Type 1",12,0.00141664128517697,1
"remove_count_le_1","Remove count <=1","Genus","719f736c916092f6d392c5a46e1091ea","Type 5",70,0.00826374083019901,1
"remove_count_le_1","Remove count <=1","Genus","b90d5c735e4f9bea8175e5eabfd3caab","Type 2",46,0.00543045825984507,1
"remove_count_le_1","Remove count <=1","Genus","20f150dfe46c537edc5310399040afb8","Type 4",16,0.00188885504690263,1
"remove_count_le_1","Remove count <=1","Genus","3e50658e9b489006be4573114ca22b59","Type 4",22,0.00259717568949112,1
"remove_count_le_1","Remove count <=1","Genus","54581694fce0637591ea45b0eff658f0","Type 5",4,0.000472213761725658,1
"remove_count_le_1","Remove count <=1","Genus","adcae3f5a43e4dca840c01d62e6416a5","Type 2",47,0.00554851170027648,1
"remove_count_le_1","Remove count <=1","Genus","e9725fc74685ef05a1ba39435294042c","Type 2",16,0.00188885504690263,1
"remove_count_le_1","Remove count <=1","Genus","cea0a6f8b58238977831021560f03baf","Type 2",30,0.00354160321294243,1
"remove_count_le_1","Remove count <=1","Genus","9366c1f1fa59361f62f702f094ae0c21","Type 1",31,0.00365965665337385,1
"remove_count_le_1","Remove count <=1","Genus","35d4cbfddf6c9639a996a7877cd4f0f2","Type 4",55,0.0064929392237278,1
"remove_count_le_1","Remove count <=1","Genus","49bd242006920acb2126ab0ceac5df84","Type 2",14,0.0016527481660398,1
"remove_count_le_1","Remove count <=1","Genus","1e143504935212a1de58af7db86e9075","Type 4",3,0.000354160321294243,1
"remove_count_le_1","Remove count <=1","Genus","6d6ea94f2c732bf7767af01e1308cb38","Type 2",4,0.000472213761725658,1
"remove_count_le_1","Remove count <=1","Genus","89080b3c5ba6bf78d58df159a692470f","Type 4",10,0.00118053440431414,1
"remove_count_le_1","Remove count <=1","Genus","abdb10ef959af94d4fc7574d556e3633","Type 4",50,0.00590267202157072,1
"remove_count_le_1","Remove count <=1","Genus","abd0febc117d23cd49b9d4ef431153bc","Type 5",102,0.0120414509240043,1
"remove_count_le_1","Remove count <=1","Genus","bc9fce29d86dd59b106f60bd7b227020","Type 1",8,0.000944427523451316,1
"remove_count_le_1","Remove count <=1","Genus","670ff01449495039c6e52f5f0fe307b1","Type 1",24,0.00283328257035395,1
"remove_count_le_1","Remove count <=1","Genus","40b48ec694b884aa93cc33fbfb00d625","Type 4",18,0.00212496192776546,1
"remove_count_le_1","Remove count <=1","Genus","66b7507662a94e6fba998da71404a5b8","Type 2",14,0.0016527481660398,1
"remove_count_le_1","Remove count <=1","Genus","64c6c9854a1938f12b659f40a0f6a954","Type 3",5,0.000590267202157072,1
"remove_count_le_1","Remove count <=1","Genus","342ce74435d2330505ee013a1e0cfe40","Type 2",7,0.000826374083019901,1
"remove_count_le_1","Remove count <=1","Genus","b49c1c742ff9a26c0ce116574c094ea7","Type 2",6,0.000708320642588487,1
"remove_count_le_1","Remove count <=1","Genus","d8b64490de90a224be2172096edcb67b","Type 5",2,0.000236106880862829,1
"remove_count_le_1","Remove count <=1","Genus","ec788ffe7eee824ad4c2d4519f2eb96b","Type 1",2,0.000236106880862829,1
"remove_count_le_1","Remove count <=1","Genus","eca7f723fb8b7b170b6f546b650537f7","Type 2",7,0.000826374083019901,1
"remove_count_le_1","Remove count <=1","Genus","55129a90f08f521cd6bd80a65b8308fc","Type 3",2,0.000236106880862829,1
"remove_count_le_1","Remove count <=1","Genus","a36f517260cdac623044af72be907f03","Type 3",2,0.000236106880862829,1
"remove_count_le_1","Remove count <=1","Genus","abd916b960b81098025c1ca1755c6cc3","Type 3",5,0.000590267202157072,1
"remove_count_le_1","Remove count <=1","Genus","c16bda45083cf985cb674a0320788363","Type 3",2,0.000236106880862829,1
"remove_count_le_1","Remove count <=1","Genus","8d8da6172e2c91f26a13e27dea7fcb95","Type 1",7,0.000826374083019901,1
"remove_count_le_1","Remove count <=1","Genus","f74d3e35b55e74c8e5323eeb0f436f14","Type 5",2,0.000236106880862829,1
"remove_count_le_1","Remove count <=1","Genus","2eb5f39293ce179eff805fa32d12a432","Type 1",2,0.000236106880862829,1
"remove_count_le_1","Remove count <=1","Genus","94d3ada8c73a636337fccb769efa8b28","Type 3",7,0.000826374083019901,1
"remove_count_le_1","Remove count <=1","Genus","e50d17ad0dc1144b6adebdcc150f3b51","Type 5",6,0.000708320642588487,1
"remove_count_le_1","Remove count <=1","Genus","8fa0171ff9cdc7f7e3d869c458a4a73a","Type 2",10,0.00118053440431414,1
"remove_count_le_1","Remove count <=1","Genus","29426558992083b53aba3b5adfb62ebc","Type 2",11,0.00129858784474556,1
"remove_count_le_1","Remove count <=1","Genus","fadf24138f6bd36ac33ba59dafc1be2b","Type 5",4,0.000472213761725658,1
"remove_count_le_1","Remove count <=1","Genus","ed198d2e3e59eb9b4f0cef8d45e05e98","Type 2",10,0.00118053440431414,1
"remove_count_le_1","Remove count <=1","Genus","71ddab1f3aa488f911f2b333353e2f78","Type 3",8,0.000944427523451316,1
"remove_count_le_1","Remove count <=1","Genus","8513c3d7e955e463f8fb4b0e3f8ca6b0","Type 4",5,0.000590267202157072,1
"remove_count_le_1","Remove count <=1","Genus","6e84be0d93bffb85cad87ffe27fc41f9","Type 3",14,0.0016527481660398,1
"remove_count_le_1","Remove count <=1","Genus","b6490793b61729fade75800b9a5746ab","Type 1",6,0.000708320642588487,1
"remove_count_le_1","Remove count <=1","Genus","9b21b487cca15d9243173e6003fe5f67","Type 4",12,0.00141664128517697,1
"remove_count_le_1","Remove count <=1","Genus","f8e719549495b584e09aed57e8d9b853","Type 4",27,0.00318744289164819,1
"remove_count_le_1","Remove count <=1","Genus","db9c46272955268b239e5d89618d7ac1","Type 3",8,0.000944427523451316,1
"remove_count_le_1","Remove count <=1","Genus","aeecfb2e13eb0e176bff7d58e44422f9","Type 1",9,0.00106248096388273,1
"remove_count_le_1","Remove count <=1","Genus","259733dd148441d7853462e466b51c86","Type 2",6,0.000708320642588487,1
"remove_count_le_1","Remove count <=1","Genus","4e9ca07dcaec7e38e8c0689eb78540e3","Type 3",11,0.00129858784474556,1
"remove_count_le_1","Remove count <=1","Genus","21967f8f24338037507b06be0cbaa356","Type 4",39,0.00460408417682517,1
"remove_count_le_1","Remove count <=1","Genus","86d9f851fe319e04da6496f277487456","Type 3",6,0.000708320642588487,1
"remove_count_le_1","Remove count <=1","Genus","d2b0b2aee1af0c2d0b268bbdd47e2924","Type 2",6,0.000708320642588487,1
"remove_count_le_1","Remove count <=1","Genus","d78c7661f8e59acd50c80e8f2fd19582","Type 5",18,0.00212496192776546,1
"remove_count_le_1","Remove count <=1","Genus","c9b3032f54d5eae836e9bbc111d61d57","Type 1",10,0.00118053440431414,1
"remove_count_le_1","Remove count <=1","Genus","c89aa29e55284c3120bbcee0177c18b9","Type 1",11,0.00129858784474556,1
"remove_count_le_1","Remove count <=1","Genus","c0948aae3210c6d223a5b3ac7bc18fb0","Type 2",8,0.000944427523451316,1
"remove_count_le_1","Remove count <=1","Genus","aa746099ad73c67aac56c81536549595","Type 5",6,0.000708320642588487,1
"remove_count_le_1","Remove count <=1","Genus","7515c96cc69c940c2521d2ed4ac90adc","Type 4",25,0.00295133601078536,2
"remove_count_le_1","Remove count <=1","Genus","4518e5b3f462a669d90839f07bd8c881","Type 2",11,0.00129858784474556,1
"remove_count_le_1","Remove count <=1","Genus","dcf66aa40723a77eaf2bb42cb2c63f73","Type 5",13,0.00153469472560839,1
"remove_count_le_1","Remove count <=1","Genus","07f823ed91fe424a88e175a9101db80f","Type 3",13,0.00153469472560839,1
"remove_count_le_1","Remove count <=1","Genus","e3cf88a0fc4731af23d477c14f7f8de6","Type 2",23,0.00271522912992253,1
"remove_count_le_1","Remove count <=1","Genus","46b0ba5afe1e2b9268573006c628405a","Type 3",11,0.00129858784474556,1
"remove_count_le_1","Remove count <=1","Genus","bff2858a173d483d7604323d8fc9a6e9","Type 4",55,0.0064929392237278,1
"remove_count_le_1","Remove count <=1","Genus","9ac455d7d7a26fed46036043403628e6","Type 4",36,0.00424992385553092,1
"remove_count_le_1","Remove count <=1","Genus","2235fb3906484370e48c37388c4cd746","Type 3",100,0.0118053440431414,1
"remove_count_le_1","Remove count <=1","Genus","488029799c26f2d7eaf7df8899ad7c34","Type 2",10,0.00118053440431414,1
"remove_count_le_1","Remove count <=1","Genus","79c2d824228c4d17533d54fa05f593ed","Type 5",20,0.00236106880862829,1
"remove_count_le_1","Remove count <=1","Genus","79efcc373159c11685c8a7343b8e0cd9","Type 5",13,0.00153469472560839,1
"remove_count_le_1","Remove count <=1","Genus","cbb091b5e5b0289d04c52c93172f0400","Type 5",14,0.0016527481660398,2
"remove_count_le_1","Remove count <=1","Genus","9fb4d1ef56025a3efd044096543a3686","Type 1",12,0.00141664128517697,1
"remove_count_le_1","Remove count <=1","Genus","867ea09fd0e8bc911475f9097bd2e57d","Type 3",2,0.000236106880862829,1
"remove_count_le_1","Remove count <=1","Genus","041a808460c3e20eb708113a5ae6533d","Type 1",478,0.0564295445262161,1
"remove_count_le_1","Remove count <=1","Genus","8d3243f2860964ff8177daf941fb6068","Type 4",8,0.000944427523451316,1
"remove_count_le_1","Remove count <=1","Genus","1a917b265c943f0b7fe898239bb29ed5","Type 5",6,0.000708320642588487,1
"remove_count_le_1","Remove count <=1","Genus","79ab60724f24643048b657b079f00b4b","Type 4",29,0.00342354977251102,1
"remove_count_le_1","Remove count <=1","Genus","f7734641299f704d4883f5df11e8e3ab","Type 2",24,0.00283328257035395,1
"remove_count_le_2","Remove count <=2","ASV","2e914ff49c78ff61df377999bbc52463","Type 2",28,0.00330601150964293,1
"remove_count_le_2","Remove count <=2","ASV","1e03fdb868a49592c42413838bb69e55","Type 2",16,0.00188914943408167,1
"remove_count_le_2","Remove count <=2","ASV","ac4224d32dea1c7253ed5070a65a1b3e","Type 1",4,0.000472287358520418,1
"remove_count_le_2","Remove count <=2","ASV","37640dc68ceb2f67423497241ff862f3","Type 5",6,0.000708431037780627,1
"remove_count_le_2","Remove count <=2","ASV","e3eb5fa91441cd8ef5444d1e4b20065b","Type 4",3,0.000354215518890314,1
"remove_count_le_2","Remove count <=2","ASV","3859ddfb4885964844ff7ada513a2597","Type 4",17,0.00200722127371178,1
"remove_count_le_2","Remove count <=2","ASV","e9e0f8afe4d497d9bc919102fefbcbb9","Type 5",7,0.000826502877410732,1
"remove_count_le_2","Remove count <=2","ASV","892feb56530bc24bd758934e83f18b92","Type 3",18,0.00212529311334188,1
"remove_count_le_2","Remove count <=2","ASV","8da656b93b56d27656de7516bf314565","Type 4",13,0.00153493391519136,1
"remove_count_le_2","Remove count <=2","ASV","d8e59a58b1954757c26b879a9829c4a7","Type 5",4,0.000472287358520418,1
"remove_count_le_2","Remove count <=2","ASV","c14e1054ccbbabd5f6ed8a6dab092c54","Type 5",59,0.00696623853817617,1
"remove_count_le_2","Remove count <=2","ASV","f0738a1a5f7ea368f830986c618e4139","Type 3",5,0.000590359198150523,1
"remove_count_le_2","Remove count <=2","ASV","83c49c99a3b99ccc3325d674e7e7947e","Type 5",6,0.000708431037780627,1
"remove_count_le_2","Remove count <=2","ASV","5d3f0656e47a33688c5d82c089cee67a","Type 3",37,0.00436865806631387,1
"remove_count_le_2","Remove count <=2","ASV","e523791eca087d243d36477d28789915","Type 2",3,0.000354215518890314,1
"remove_count_le_2","Remove count <=2","ASV","2e39b1336acf4f37c200d5b9e2f75d51","Type 2",3,0.000354215518890314,1
"remove_count_le_2","Remove count <=2","ASV","bcd0a153d188ac7b99c551d978ed960c","Type 1",11,0.00129879023593115,1
"remove_count_le_2","Remove count <=2","ASV","94fbb4b0771a91a921b26ff604e962c3","Type 2",20,0.00236143679260209,1
"remove_count_le_2","Remove count <=2","ASV","7f57656c2903cc0e4a5413209d4da1af","Type 5",260,0.0306986783038272,1
"remove_count_le_2","Remove count <=2","ASV","3774b70d820efee976a6eed744545424","Type 1",5,0.000590359198150523,1
"remove_count_le_2","Remove count <=2","ASV","163dd3c92e5dd035f7bf7ab3da86f678","Type 4",6,0.000708431037780627,1
"remove_count_le_2","Remove count <=2","ASV","2a330b768030ad0127d78ae9f27732e8","Type 3",3,0.000354215518890314,1
"remove_count_le_2","Remove count <=2","ASV","784dfe428331c049d5a0a20fd7a939fe","Type 5",203,0.0239685834449112,1
"remove_count_le_2","Remove count <=2","ASV","1b5b4ce9f91bd790f3a64a64d5f7729b","Type 1",6,0.000708431037780627,1
"remove_count_le_2","Remove count <=2","ASV","1ae95ce3e36377cc8659e64be3ab084e","Type 1",64,0.00755659773632669,1
"remove_count_le_2","Remove count <=2","ASV","7f8c11f5c31010b6715c3ca9ef6200fa","Type 5",146,0.0172384885859953,1
"remove_count_le_2","Remove count <=2","ASV","94ca7b2b5ab843ab7b0c695d62f39e20","Type 5",4,0.000472287358520418,1
"remove_count_le_2","Remove count <=2","ASV","13ce8e79125adaa98c679516562ef5c1","Type 5",79,0.00932767533077826,1
"remove_count_le_2","Remove count <=2","ASV","2bf330a9022d84769b9614e94b2f538c","Type 1",12,0.00141686207556125,1
"remove_count_le_2","Remove count <=2","ASV","ebd2302aa5ede11e50f02551f053e107","Type 4",74,0.00873731613262774,1
"remove_count_le_2","Remove count <=2","ASV","4255f97aa6e37ce703f23fa0ba17cabf","Type 4",68,0.00802888509484711,1
"remove_count_le_2","Remove count <=2","ASV","5eb228bf1c42062f4a1bb7483a4d7587","Type 5",132,0.0155854828311738,1
"remove_count_le_2","Remove count <=2","ASV","6eaafdb42f2224a2c5efcbfe3bedb458","Type 5",210,0.024795086322322,1
"remove_count_le_2","Remove count <=2","ASV","aa6114f21305efc108a797e0f11b1c6b","Type 2",5,0.000590359198150523,1
"remove_count_le_2","Remove count <=2","ASV","e0149147e75d7ce43fb933adea48ae7d","Type 4",27,0.00318793967001282,1
"remove_count_le_2","Remove count <=2","ASV","12166a5b0d932270f5123713f39afc4f","Type 4",16,0.00188914943408167,1
"remove_count_le_2","Remove count <=2","ASV","4796c398c36fe1a5150f394dacfdc43a","Type 4",21,0.0024795086322322,1
"remove_count_le_2","Remove count <=2","ASV","ac11709ab52cb834e916bfa1567a05cf","Type 5",32,0.00377829886816335,1
"remove_count_le_2","Remove count <=2","ASV","b4b5bc5494038ab50066faf48f1f6c4d","Type 2",24,0.00283372415112251,1
"remove_count_le_2","Remove count <=2","ASV","576f3545195a38de7df860d7da71a63f","Type 1",7,0.000826502877410732,1
"remove_count_le_2","Remove count <=2","ASV","ee974b4d7e49cc84bc2a7503e47d54f0","Type 1",23,0.0027156523114924,1
"remove_count_le_2","Remove count <=2","ASV","4f9310d5cd6c6c183b8879af83ceea5f","Type 1",3,0.000354215518890314,1
"remove_count_le_2","Remove count <=2","ASV","31e27b5dd55ade850670ca96d01f95d9","Type 1",3,0.000354215518890314,1
"remove_count_le_2","Remove count <=2","ASV","074002d52e5c30afc4b32f2ef5a3ce66","Type 1",8,0.000944574717040836,1
"remove_count_le_2","Remove count <=2","ASV","f876aca38d2dbd1e06594034ea45d23b","Type 1",12,0.00141686207556125,1
"remove_count_le_2","Remove count <=2","ASV","3699c22f10bb63d92601b1e33fba4f00","Type 1",3,0.000354215518890314,1
"remove_count_le_2","Remove count <=2","ASV","0381f8bec09746f00964e51bf88c30d6","Type 1",7,0.000826502877410732,1
"remove_count_le_2","Remove count <=2","ASV","34ce2d1fda8aba78d83daa5247f6e2eb","Type 4",15,0.00177107759445157,1
"remove_count_le_2","Remove count <=2","ASV","54b9296ba8ba4237a291fae063ce7d3f","Type 4",4,0.000472287358520418,1
"remove_count_le_2","Remove count <=2","ASV","1e09290bbd9bd8af0fb9974c671ba38c","Type 5",10,0.00118071839630105,1
"remove_count_le_2","Remove count <=2","ASV","2fca689722d227e5d2459fbf09056b96","Type 5",5,0.000590359198150523,1
"remove_count_le_2","Remove count <=2","ASV","9b646d7521c7c35f6fae390cb5064731","Type 1",6,0.000708431037780627,1
"remove_count_le_2","Remove count <=2","ASV","ece73bf9e4f16db15c0adc85d16f5563","Type 2",6,0.000708431037780627,1
"remove_count_le_2","Remove count <=2","ASV","18c0b15858473625cb6d8a3595bb827e","Type 3",9,0.00106264655667094,1
"remove_count_le_2","Remove count <=2","ASV","9ea4485f2cee6635d12db81b107c8ef2","Type 4",12,0.00141686207556125,1
"remove_count_le_2","Remove count <=2","ASV","53fc93dac42e393533fe2e8e0af269be","Type 1",16,0.00188914943408167,1
"remove_count_le_2","Remove count <=2","ASV","aac52aa2242f042516bcf9791bac3769","Type 1",8,0.000944574717040836,1
"remove_count_le_2","Remove count <=2","ASV","46265de60a20696f1c942a807612d0f8","Type 5",5,0.000590359198150523,1
"remove_count_le_2","Remove count <=2","ASV","92ef5aa7f36bb0b9cf750b09c0911286","Type 3",4,0.000472287358520418,1
"remove_count_le_2","Remove count <=2","ASV","10338681707ca5771140ff6bd4937dd3","Type 2",14,0.00165300575482146,1
"remove_count_le_2","Remove count <=2","ASV","668ddc46cdbec2642f49fddde18308d2","Type 4",4,0.000472287358520418,1
"remove_count_le_2","Remove count <=2","ASV","49e813348c65c7235cb09451648467d0","Type 2",21,0.0024795086322322,1
"remove_count_le_2","Remove count <=2","ASV","73a750d3b2a6e91e041ef166875e1804","Type 4",14,0.00165300575482146,1
"remove_count_le_2","Remove count <=2","ASV","1244b52e57b08f9ae61d0b38954e4718","Type 5",14,0.00165300575482146,1
"remove_count_le_2","Remove count <=2","ASV","e9c85a01732ae6a154caec2f4240496f","Type 5",4,0.000472287358520418,1
"remove_count_le_2","Remove count <=2","ASV","a0a860ac77f1ad13600841fef376d52d","Type 5",44,0.0051951609437246,1
"remove_count_le_2","Remove count <=2","ASV","00f6af75fbc30c2fa1f0150a044947e1","Type 5",3,0.000354215518890314,1
"remove_count_le_2","Remove count <=2","ASV","09ed165468f25527338e6090cdb7c162","Type 3",7,0.000826502877410732,1
"remove_count_le_2","Remove count <=2","ASV","afb8acb617b8019f87e7137ec4144de5","Type 1",4,0.000472287358520418,1
"remove_count_le_2","Remove count <=2","ASV","6d14cfb6da0fc9a4e9ea96d08ae0e079","Type 5",94,0.0110987529252298,1
"remove_count_le_2","Remove count <=2","ASV","86a06b58ab42d89224e34bbe11e2fa0b","Type 5",88,0.0103903218874492,1
"remove_count_le_2","Remove count <=2","ASV","92b44739c956b7f3946b176b16c3a376","Type 5",52,0.00613973566076544,1
"remove_count_le_2","Remove count <=2","ASV","94037073e80ac57b83c2796d57daf524","Type 4",54,0.00637587934002564,1
"remove_count_le_2","Remove count <=2","ASV","688c187c313cad335eebd97a15430f10","Type 5",17,0.00200722127371178,1
"remove_count_le_2","Remove count <=2","ASV","9c30c44d4987b64b2049eee6b3e27e13","Type 5",14,0.00165300575482146,1
"remove_count_le_2","Remove count <=2","ASV","89b4edcf0f4cada56a400b58769bbb8b","Type 1",38,0.00448672990594397,1
"remove_count_le_2","Remove count <=2","ASV","95d8bfbf6637d3eb960e54e19437af26","Type 1",6,0.000708431037780627,1
"remove_count_le_2","Remove count <=2","ASV","911678ab9aec829de33bc98f1e103a35","Type 1",4,0.000472287358520418,1
"remove_count_le_2","Remove count <=2","ASV","662534e2eabca555beeeeb4da3e5176a","Type 4",6,0.000708431037780627,1
"remove_count_le_2","Remove count <=2","ASV","249890cafb7ca4e895a3f272d0ed04e2","Type 1",4,0.000472287358520418,1
"remove_count_le_2","Remove count <=2","ASV","e8a982d893c071c22434b8c9bdcaa162","Type 2",28,0.00330601150964293,1
"remove_count_le_2","Remove count <=2","ASV","82e8fc4d3afec356107df3637c36de02","Type 5",4,0.000472287358520418,1
"remove_count_le_2","Remove count <=2","ASV","a4ef26785e961b55a96c70380e5cbe6b","Type 4",24,0.00283372415112251,1
"remove_count_le_2","Remove count <=2","ASV","f10b2717caaf5231248ae044349b0927","Type 3",9,0.00106264655667094,1
"remove_count_le_2","Remove count <=2","ASV","f86053770615e8c2bed9d08c8218914b","Type 3",8,0.000944574717040836,1
"remove_count_le_2","Remove count <=2","ASV","0246880f263e5f9d050691d5c089a905","Type 3",8,0.000944574717040836,1
"remove_count_le_2","Remove count <=2","ASV","f56193885befb53daefd2f32fac2fd5a","Type 2",13,0.00153493391519136,1
"remove_count_le_2","Remove count <=2","ASV","fd06b5bd8feab452ba90c4c2eb3729ac","Type 4",108,0.0127517586800513,1
"remove_count_le_2","Remove count <=2","ASV","2e728bead79d32a1b0788c8f2d3d8420","Type 2",14,0.00165300575482146,1
"remove_count_le_2","Remove count <=2","ASV","963569a5bb9a8b1e06a8096993b64a24","Type 2",8,0.000944574717040836,1
"remove_count_le_2","Remove count <=2","ASV","5cbed13e671ef6879845c96f0efcfcae","Type 3",10,0.00118071839630105,1
"remove_count_le_2","Remove count <=2","ASV","34085f1836e0fbc2e8a1843a65e93757","Type 1",12,0.00141686207556125,1
"remove_count_le_2","Remove count <=2","ASV","c67f047c0ed1a8beade5ac9b982881e5","Type 1",15,0.00177107759445157,1
"remove_count_le_2","Remove count <=2","ASV","92201a0da9fc3ee6db6f359cdc9ae158","Type 2",7,0.000826502877410732,1
"remove_count_le_2","Remove count <=2","ASV","2e9cafa6d587316096144e3d099fb30a","Type 2",17,0.00200722127371178,1
"remove_count_le_2","Remove count <=2","ASV","ca9f4bee4554e862e06ba4c488055776","Type 5",3,0.000354215518890314,1
"remove_count_le_2","Remove count <=2","ASV","a0cd40d7714e666b1d764840b3cdf319","Type 1",18,0.00212529311334188,1
"remove_count_le_2","Remove count <=2","ASV","76f5c1687759e26c693a6f539fe2009d","Type 3",15,0.00177107759445157,1
"remove_count_le_2","Remove count <=2","ASV","f7c6068b3dede3a9d48719319aa5cc1e","Type 5",47,0.00554937646261491,1
"remove_count_le_2","Remove count <=2","ASV","fc754cb1fe3f0d2b6fc08490db74c1b1","Type 2",14,0.00165300575482146,1
"remove_count_le_2","Remove count <=2","ASV","5fcd25c5316edfee6678d51102ad3dcd","Type 2",3,0.000354215518890314,1
"remove_count_le_2","Remove count <=2","ASV","7b789ab34a526249c04870ec1e3b14fb","Type 1",7,0.000826502877410732,1
"remove_count_le_2","Remove count <=2","ASV","45836af8f065528469aed82933281704","Type 5",4,0.000472287358520418,1
"remove_count_le_2","Remove count <=2","ASV","858a3201b3fc82d96e1a176f1914717b","Type 4",11,0.00129879023593115,1
"remove_count_le_2","Remove count <=2","ASV","f3c9c6e5208843a0daef9a69261ee36b","Type 5",24,0.00283372415112251,1
"remove_count_le_2","Remove count <=2","ASV","9a632852f5d6fc1f4b29ba0db706c53a","Type 4",24,0.00283372415112251,1
"remove_count_le_2","Remove count <=2","ASV","ce67fc512d59368dd4f9fcf5161dbc21","Type 2",11,0.00129879023593115,1
"remove_count_le_2","Remove count <=2","ASV","27325c30c47914898ef234447825ab83","Type 1",6,0.000708431037780627,1
"remove_count_le_2","Remove count <=2","ASV","ef2bcbf9385cc59f033ba0052b22402d","Type 2",6,0.000708431037780627,1
"remove_count_le_2","Remove count <=2","ASV","f6114ab5f519271d0cf80490aa5152f6","Type 1",5,0.000590359198150523,1
"remove_count_le_2","Remove count <=2","ASV","4d4a7c0586b32efe9880c752708d6d46","Type 1",5,0.000590359198150523,1
"remove_count_le_2","Remove count <=2","ASV","ba2be28178b8f7de95dd79f3b8bf3119","Type 3",8,0.000944574717040836,1
"remove_count_le_2","Remove count <=2","ASV","9d41acf39c882f577ee77ec6c66796c1","Type 4",5,0.000590359198150523,1
"remove_count_le_2","Remove count <=2","ASV","69ff34f58e584c0b1b02a7bcfdf855fd","Type 2",15,0.00177107759445157,1
"remove_count_le_2","Remove count <=2","ASV","b15df828ee156e7ec0ff6300f38222e0","Type 2",12,0.00141686207556125,1
"remove_count_le_2","Remove count <=2","ASV","9ed664f530126e46eeb9cc4dfd5b3b84","Type 1",10,0.00118071839630105,1
"remove_count_le_2","Remove count <=2","ASV","a558837bec7a8cc1867e45101b9bc7db","Type 1",4,0.000472287358520418,1
"remove_count_le_2","Remove count <=2","ASV","bbf9701d11f99ba22b59aca793ec3768","Type 3",17,0.00200722127371178,1
"remove_count_le_2","Remove count <=2","ASV","8637f7159567d7bfd9450413bb4179a2","Type 3",18,0.00212529311334188,1
"remove_count_le_2","Remove count <=2","ASV","be102a29264374176f6312d177b6d6cd","Type 2",24,0.00283372415112251,1
"remove_count_le_2","Remove count <=2","ASV","e0d57b1a5e59d57d24560ea8ef310b24","Type 1",11,0.00129879023593115,1
"remove_count_le_2","Remove count <=2","ASV","34e857a3e2f2e0e875729ece39028a4d","Type 1",9,0.00106264655667094,1
"remove_count_le_2","Remove count <=2","ASV","6ecd5dc263a525a429f3ace47e327c8c","Type 3",39,0.00460480174557408,1
"remove_count_le_2","Remove count <=2","ASV","d04774ec0ad626b2f528a513ef76e16e","Type 3",18,0.00212529311334188,1
"remove_count_le_2","Remove count <=2","ASV","08ca9e820f412ea7921f8cff9d4158b5","Type 4",3,0.000354215518890314,1
"remove_count_le_2","Remove count <=2","ASV","352450b2dc617be6678eb4630d543f1f","Type 1",4,0.000472287358520418,1
"remove_count_le_2","Remove count <=2","ASV","7b124b5d33ebb82ab9370be8f0af52a9","Type 1",7,0.000826502877410732,1
"remove_count_le_2","Remove count <=2","ASV","105d6cecdd70ebf3ef052b8692ea9774","Type 3",3,0.000354215518890314,1
"remove_count_le_2","Remove count <=2","ASV","7315dea030ebc0c0d2758a3b7aebd3cd","Type 3",11,0.00129879023593115,1
"remove_count_le_2","Remove count <=2","ASV","64f021e37aa9091a78fd76a4289ac54b","Type 1",6,0.000708431037780627,1
"remove_count_le_2","Remove count <=2","ASV","8b6f8757dcb356592ffba81e1e0debfc","Type 1",11,0.00129879023593115,1
"remove_count_le_2","Remove count <=2","ASV","7526a2c95c696fd8ca937ccd68bd2fcd","Type 3",21,0.0024795086322322,1
"remove_count_le_2","Remove count <=2","ASV","f4699a19fdee63d61a6caf46f5ecc390","Type 1",16,0.00188914943408167,1
"remove_count_le_2","Remove count <=2","ASV","89cf28578ed71f28a33336fb3002e0b2","Type 1",3,0.000354215518890314,1
"remove_count_le_2","Remove count <=2","ASV","bb1eb107d0a61c6060bbaf6966cf0f61","Type 4",22,0.0025975804718623,1
"remove_count_le_2","Remove count <=2","ASV","e9d385c8ecf184565a1afbe98be3990a","Type 2",10,0.00118071839630105,1
"remove_count_le_2","Remove count <=2","ASV","263fefc8e16acfee860dfd87afde222a","Type 3",14,0.00165300575482146,1
"remove_count_le_2","Remove count <=2","ASV","54ed0bef0f04b6f1412ad2202e721da9","Type 5",3,0.000354215518890314,1
"remove_count_le_2","Remove count <=2","ASV","ea6e2a0954e19c543f780f4200b9beb0","Type 4",80,0.00944574717040836,1
"remove_count_le_2","Remove count <=2","ASV","1fa99b04da479b99f34a7a79ee840840","Type 3",10,0.00118071839630105,1
"remove_count_le_2","Remove count <=2","ASV","809fe7ebc5cf81685b4d892d4ee81dc4","Type 4",14,0.00165300575482146,1
"remove_count_le_2","Remove count <=2","ASV","be8ca1b65b651c1c2e1bd0342ff2858a","Type 1",33,0.00389637070779345,1
"remove_count_le_2","Remove count <=2","ASV","ca72d1846c3120018243565d958062b1","Type 1",14,0.00165300575482146,1
"remove_count_le_2","Remove count <=2","ASV","8e87521a820f0ca80e3a5539e826fe4d","Type 2",32,0.00377829886816335,1
"remove_count_le_2","Remove count <=2","ASV","e8db59aad496e7ea6f56be95b50561d9","Type 3",28,0.00330601150964293,1
"remove_count_le_2","Remove count <=2","ASV","872a53c26c6e69e1014bcdb6477b32c6","Type 1",6,0.000708431037780627,1
"remove_count_le_2","Remove count <=2","ASV","ea338a832ca95b9fa4af5f51171dfdcd","Type 5",5,0.000590359198150523,1
"remove_count_le_2","Remove count <=2","ASV","ac885b8716416b7e6b222fa583c4d9bc","Type 5",32,0.00377829886816335,1
"remove_count_le_2","Remove count <=2","ASV","43c5eca790dfbfe69c27956cbd913c6e","Type 3",8,0.000944574717040836,1
"remove_count_le_2","Remove count <=2","ASV","6a6612ea89b0909f6c6e962f257c68ee","Type 3",14,0.00165300575482146,1
"remove_count_le_2","Remove count <=2","ASV","60b6e7577b8e4fb1660d73b5f93ec07b","Type 3",3,0.000354215518890314,1
"remove_count_le_2","Remove count <=2","ASV","15287379f901b0787b04f6432a2f8bcf","Type 3",36,0.00425058622668376,1
"remove_count_le_2","Remove count <=2","ASV","d020dc39243a2147b425915929fe6206","Type 3",7,0.000826502877410732,1
"remove_count_le_2","Remove count <=2","ASV","381a3e4feaa515626948da880342e910","Type 5",4,0.000472287358520418,1
"remove_count_le_2","Remove count <=2","ASV","82f63b24bb472e877b421b4d57b0adb7","Type 2",27,0.00318793967001282,1
"remove_count_le_2","Remove count <=2","ASV","d8123e3efcf0d3a797b395b1d7c65d48","Type 1",32,0.00377829886816335,1
"remove_count_le_2","Remove count <=2","ASV","1ee82c805bf01f801b44485c9187ccdf","Type 1",28,0.00330601150964293,1
"remove_count_le_2","Remove count <=2","ASV","ab21968769fce8fd83ac32c4c2d98df3","Type 2",35,0.00413251438705366,1
"remove_count_le_2","Remove count <=2","ASV","48ef97a59348879746a89b80d1593b15","Type 4",11,0.00129879023593115,1
"remove_count_le_2","Remove count <=2","ASV","8e2e8ae0072116b8851d8f784135711c","Type 2",6,0.000708431037780627,1
"remove_count_le_2","Remove count <=2","ASV","bd559716e3bf152a62fbcbfc0a0cc1a2","Type 3",21,0.0024795086322322,1
"remove_count_le_2","Remove count <=2","ASV","1a33ed79a9c8e83630551bde1a575306","Type 3",18,0.00212529311334188,1
"remove_count_le_2","Remove count <=2","ASV","b0fe4620dfa192867543b0391db708e7","Type 1",17,0.00200722127371178,1
"remove_count_le_2","Remove count <=2","ASV","f29663234ac6a84dbb2378af48ad7927","Type 5",7,0.000826502877410732,1
"remove_count_le_2","Remove count <=2","ASV","605498fd33deaba7f4b923afd4d50234","Type 2",30,0.00354215518890314,1
"remove_count_le_2","Remove count <=2","ASV","dee51dc122d97706cd45e35ed0343dcc","Type 2",14,0.00165300575482146,1
"remove_count_le_2","Remove count <=2","ASV","ca64044e47e001388ad364eee1d6c8ac","Type 5",8,0.000944574717040836,1
"remove_count_le_2","Remove count <=2","ASV","32e1fa4e27ea7b63b19d925d4d800cff","Type 4",5,0.000590359198150523,1
"remove_count_le_2","Remove count <=2","ASV","c5b6f5ec238ff5ce6317a8c2e1fec6ef","Type 4",8,0.000944574717040836,1
"remove_count_le_2","Remove count <=2","ASV","17ecb4806fdf95de88a001507b95851b","Type 5",4,0.000472287358520418,1
"remove_count_le_2","Remove count <=2","ASV","545e02d32bf168637a36e7689eb58894","Type 2",17,0.00200722127371178,1
"remove_count_le_2","Remove count <=2","ASV","04dacc0bef145ff51f0678f559c6587f","Type 3",3,0.000354215518890314,1
"remove_count_le_2","Remove count <=2","ASV","029c76efcff7044afc7a4d56e859c483","Type 2",15,0.00177107759445157,1
"remove_count_le_2","Remove count <=2","ASV","60fceb847341fe2d66b66ed77be36cc5","Type 4",8,0.000944574717040836,1
"remove_count_le_2","Remove count <=2","ASV","bcf6e3ac97a45dc8c454f193b6ead055","Type 3",4,0.000472287358520418,1
"remove_count_le_2","Remove count <=2","ASV","704ec5c71a4dcf69af39f440e796b6a7","Type 4",23,0.0027156523114924,1
"remove_count_le_2","Remove count <=2","ASV","9a8c1d47b27b348d020dba894d2fadc4","Type 3",33,0.00389637070779345,1
"remove_count_le_2","Remove count <=2","ASV","05fca37ecccd748bbd5f890e103fe064","Type 3",15,0.00177107759445157,1
"remove_count_le_2","Remove count <=2","ASV","18905163f64e0e1b72929d15301400a9","Type 1",38,0.00448672990594397,1
"remove_count_le_2","Remove count <=2","ASV","c86620f71264f85026aec7d80edfdfa3","Type 5",13,0.00153493391519136,1
"remove_count_le_2","Remove count <=2","ASV","e4fe773517284737f6ea24d33053eca9","Type 3",37,0.00436865806631387,1
"remove_count_le_2","Remove count <=2","ASV","df44111a770b5aff2adb4b6a4ad4d970","Type 4",21,0.0024795086322322,1
"remove_count_le_2","Remove count <=2","ASV","ff9905ba584cbb2d6b227068c564774b","Type 1",4,0.000472287358520418,1
"remove_count_le_2","Remove count <=2","ASV","e4c40c43c5710d384a07c987ab71574e","Type 1",17,0.00200722127371178,1
"remove_count_le_2","Remove count <=2","ASV","2a1c8e1b3ea9419b4c896b257a26f73a","Type 1",27,0.00318793967001282,1
"remove_count_le_2","Remove count <=2","ASV","414bfae9378a1bfc0d79b16b675a5f37","Type 3",26,0.00306986783038272,1
"remove_count_le_2","Remove count <=2","ASV","fba3b67040499f2ea408dacb0f4127b8","Type 4",5,0.000590359198150523,1
"remove_count_le_2","Remove count <=2","ASV","cbf7363f07bf1590bed3e57d18c59c8f","Type 1",12,0.00141686207556125,1
"remove_count_le_2","Remove count <=2","ASV","5df9b67d322be2837d4404a3550a9464","Type 3",7,0.000826502877410732,1
"remove_count_le_2","Remove count <=2","ASV","cd6818519b8738b569438b0337fc5fcb","Type 1",4,0.000472287358520418,1
"remove_count_le_2","Remove count <=2","ASV","e783f62298db39dafd6395113d1a1aac","Type 2",6,0.000708431037780627,1
"remove_count_le_2","Remove count <=2","ASV","d5ee8fb237c3ac979986e551500506f4","Type 2",35,0.00413251438705366,1
"remove_count_le_2","Remove count <=2","ASV","be9a3278a031cf9255e4bcb5e014dd27","Type 3",9,0.00106264655667094,1
"remove_count_le_2","Remove count <=2","ASV","61e8c9aa8af06abe1ba4bd8e16b2c0cd","Type 3",18,0.00212529311334188,1
"remove_count_le_2","Remove count <=2","ASV","653031199ed0ae5648c816429d97b622","Type 2",13,0.00153493391519136,1
"remove_count_le_2","Remove count <=2","ASV","6a50b2c0029ed28caf25313960e5befa","Type 3",8,0.000944574717040836,1
"remove_count_le_2","Remove count <=2","ASV","048f4634b52d147dc183cae3a575e29c","Type 1",23,0.0027156523114924,1
"remove_count_le_2","Remove count <=2","ASV","796955b548bf9d0c0bbd355466a48568","Type 1",3,0.000354215518890314,1
"remove_count_le_2","Remove count <=2","ASV","cd75e2e81b81e0d4619b75a844c93946","Type 4",30,0.00354215518890314,1
"remove_count_le_2","Remove count <=2","ASV","bb18bc9335c48da9de43074e613edc9f","Type 2",7,0.000826502877410732,1
"remove_count_le_2","Remove count <=2","ASV","20d75890ee83f1dc28af464610366daf","Type 5",25,0.00295179599075261,1
"remove_count_le_2","Remove count <=2","ASV","bd70ff86d44ce073392ba44cc682ed77","Type 1",9,0.00106264655667094,1
"remove_count_le_2","Remove count <=2","ASV","25b44bf5f82a916683e7f381a2acad4d","Type 3",3,0.000354215518890314,1
"remove_count_le_2","Remove count <=2","ASV","406d362cac872c8bd9619cf741368304","Type 1",6,0.000708431037780627,1
"remove_count_le_2","Remove count <=2","ASV","6bb612d313062e2f1f0ef2b5f6ca5478","Type 1",8,0.000944574717040836,1
"remove_count_le_2","Remove count <=2","ASV","c8a6218790712b8c08f605b865c6e497","Type 1",3,0.000354215518890314,1
"remove_count_le_2","Remove count <=2","ASV","58dee1d98d22c2f622c9d3fa586c2e4e","Type 3",9,0.00106264655667094,1
"remove_count_le_2","Remove count <=2","ASV","451395a98eafed02c6a24f3dafbaa13d","Type 2",8,0.000944574717040836,1
"remove_count_le_2","Remove count <=2","ASV","a13dce895add088f18d0e430280854b1","Type 4",81,0.00956381901003847,1
"remove_count_le_2","Remove count <=2","ASV","b8f3a13c9cc30a48a4a180b2652d7da5","Type 3",12,0.00141686207556125,1
"remove_count_le_2","Remove count <=2","ASV","ca98c2f71fa7860e8be3b69cc0e6c6c1","Type 3",7,0.000826502877410732,1
"remove_count_le_2","Remove count <=2","ASV","054a3d89b18fe9efb721eae0b64f969b","Type 5",20,0.00236143679260209,1
"remove_count_le_2","Remove count <=2","ASV","7eec12da6222538ec66ac1a2888d6aa8","Type 5",20,0.00236143679260209,1
"remove_count_le_2","Remove count <=2","ASV","6726658e6ed1b518f3cdae63d51007c1","Type 2",14,0.00165300575482146,1
"remove_count_le_2","Remove count <=2","ASV","18ceb20f4a0682ada2a5849583d8a6eb","Type 1",31,0.00366022702853324,1
"remove_count_le_2","Remove count <=2","ASV","8b9e29f5765766ac33b2527c18d32b7c","Type 3",17,0.00200722127371178,1
"remove_count_le_2","Remove count <=2","ASV","5209b834a95dfd74256ec5c407d9db7f","Type 1",9,0.00106264655667094,1
"remove_count_le_2","Remove count <=2","ASV","b55b0efc0da8f7009505a40d6b04c82f","Type 3",27,0.00318793967001282,1
"remove_count_le_2","Remove count <=2","ASV","26d0a0cd5158b1bd403a1da61b616ec3","Type 3",5,0.000590359198150523,1
"remove_count_le_2","Remove count <=2","ASV","d5a4ec4339c4955f94811de7690ef425","Type 1",10,0.00118071839630105,1
"remove_count_le_2","Remove count <=2","ASV","71c05ef4f89bfda417762c6a3a199da5","Type 2",13,0.00153493391519136,1
"remove_count_le_2","Remove count <=2","ASV","c70da99b564b8891f929a4eae3dd9a8c","Type 1",12,0.00141686207556125,1
"remove_count_le_2","Remove count <=2","ASV","e6859f59dc65a27e30f6a546676c36cc","Type 5",6,0.000708431037780627,1
"remove_count_le_2","Remove count <=2","ASV","fa687d1012e19841b62a4679e2a437e5","Type 3",3,0.000354215518890314,1
"remove_count_le_2","Remove count <=2","ASV","75db1f48ddfc533dd67d12d70f3a5beb","Type 3",6,0.000708431037780627,1
"remove_count_le_2","Remove count <=2","ASV","35a00bfbab576eb2b19f3b0a044f41f2","Type 5",5,0.000590359198150523,1
"remove_count_le_2","Remove count <=2","ASV","73948445c2534487d73c1402eb9ca852","Type 3",45,0.0053132327833547,1
"remove_count_le_2","Remove count <=2","ASV","247d602f05f66004cc0ed1b3836024b1","Type 4",11,0.00129879023593115,1
"remove_count_le_2","Remove count <=2","ASV","777af065fba986b3744a73d72c79c51d","Type 4",21,0.0024795086322322,1
"remove_count_le_2","Remove count <=2","ASV","d4fba5d04794b4e6f50942386dd560c9","Type 5",7,0.000826502877410732,1
"remove_count_le_2","Remove count <=2","ASV","e7b34c409013003481efa65b7f7e3b93","Type 1",12,0.00141686207556125,1
"remove_count_le_2","Remove count <=2","ASV","5de75a73be3109110266de0a2c4b48d4","Type 2",5,0.000590359198150523,1
"remove_count_le_2","Remove count <=2","ASV","a7b28cd50c535e8ead66ba31640df40c","Type 4",3,0.000354215518890314,1
"remove_count_le_2","Remove count <=2","ASV","99b77eecdf7d4aa8c432468a2ab4dd0e","Type 4",3,0.000354215518890314,1
"remove_count_le_2","Remove count <=2","ASV","e80281414450308eb353c9d4ba26b564","Type 3",3,0.000354215518890314,1
"remove_count_le_2","Remove count <=2","ASV","45d4b81dcdf10f08e2fbe0a21cec2106","Type 4",9,0.00106264655667094,1
"remove_count_le_2","Remove count <=2","ASV","7831ded805f91b30c7b978a266c866e4","Type 1",7,0.000826502877410732,1
"remove_count_le_2","Remove count <=2","ASV","97a96f227b5f9223f5a8a4d5ffedfec1","Type 5",59,0.00696623853817617,1
"remove_count_le_2","Remove count <=2","ASV","23d171acc6abd7a3b01835aa1586b272","Type 5",44,0.0051951609437246,1
"remove_count_le_2","Remove count <=2","ASV","beb20ef494d6232af88af5f79dea8650","Type 1",42,0.00495901726446439,1
"remove_count_le_2","Remove count <=2","ASV","9073ab0471335f19d68073228d0d8fa4","Type 5",34,0.00401444254742355,1
"remove_count_le_2","Remove count <=2","ASV","a426da67f474e95bd6883cb451d2556b","Type 1",14,0.00165300575482146,1
"remove_count_le_2","Remove count <=2","ASV","37b4c0a646eae759abc52f351da357fb","Type 5",4,0.000472287358520418,1
"remove_count_le_2","Remove count <=2","ASV","e075d7d3b6ae899ef1e8ccba4cd5114e","Type 4",28,0.00330601150964293,1
"remove_count_le_2","Remove count <=2","ASV","832bc5df53bf691d3ee5f68124f2e3e0","Type 3",7,0.000826502877410732,1
"remove_count_le_2","Remove count <=2","ASV","3c4244cc9a4ac8c05c6605547bbd2895","Type 1",15,0.00177107759445157,1
"remove_count_le_2","Remove count <=2","ASV","b7172f5577a9d4583fd459d1ce1384c3","Type 1",13,0.00153493391519136,1
"remove_count_le_2","Remove count <=2","ASV","3d9bab20ff7fa14c79580dc7911db354","Type 5",136,0.0160577701896942,1
"remove_count_le_2","Remove count <=2","ASV","57794dda7db6c9ef4758685f4030ca8d","Type 4",16,0.00188914943408167,1
"remove_count_le_2","Remove count <=2","ASV","73b545f60c0496028b21e24410709666","Type 4",5,0.000590359198150523,1
"remove_count_le_2","Remove count <=2","ASV","b5d60bd7014477b7bc29e87698e8a142","Type 2",5,0.000590359198150523,1
"remove_count_le_2","Remove count <=2","ASV","b1a45085ee40694347d1b5aa84bd36fe","Type 4",5,0.000590359198150523,1
"remove_count_le_2","Remove count <=2","ASV","abfb047cf4c9d4f6ae00cc3dd8bb3350","Type 4",9,0.00106264655667094,1
"remove_count_le_2","Remove count <=2","ASV","0d937c7e22f6689614265bc3ba6f7d1a","Type 3",7,0.000826502877410732,1
"remove_count_le_2","Remove count <=2","ASV","4c89ba9e18b32fa33d430e2a5f3eba7a","Type 5",26,0.00306986783038272,1
"remove_count_le_2","Remove count <=2","ASV","95c01b2cfdf98cd12b61f06d1d021ca0","Type 3",16,0.00188914943408167,1
"remove_count_le_2","Remove count <=2","ASV","080266a49210198ced78b29bcbf641fa","Type 3",12,0.00141686207556125,1
"remove_count_le_2","Remove count <=2","ASV","6032d514eaf334940a2eade17e9a63a3","Type 2",4,0.000472287358520418,1
"remove_count_le_2","Remove count <=2","ASV","e4555707f5c921e1c0706ad4ac021e81","Type 5",7,0.000826502877410732,1
"remove_count_le_2","Remove count <=2","ASV","1be251cfbaf5464193f94e92930cfe5c","Type 3",3,0.000354215518890314,1
"remove_count_le_2","Remove count <=2","ASV","41e63bd7158ff566d251fe250d877125","Type 4",9,0.00106264655667094,1
"remove_count_le_2","Remove count <=2","ASV","66457a5338a928780549ae32bc828a3b","Type 3",20,0.00236143679260209,1
"remove_count_le_2","Remove count <=2","ASV","a26d974dd6312398121659ff2ba0e2bf","Type 4",24,0.00283372415112251,2
"remove_count_le_2","Remove count <=2","ASV","a62f2ed69f644b4c05318e044b51a3d0","Type 3",11,0.00129879023593115,1
"remove_count_le_2","Remove count <=2","ASV","5519cf66820a84698c557cfc18a75f97","Type 4",13,0.00153493391519136,1
"remove_count_le_2","Remove count <=2","ASV","1aaf8e1a512d4db4526b71318a422752","Type 2",6,0.000708431037780627,1
"remove_count_le_2","Remove count <=2","ASV","b0181ac04e30f5a0bfb77bb6460d90cc","Type 1",3,0.000354215518890314,1
"remove_count_le_2","Remove count <=2","ASV","3cfc284a366fcbf3cfbefd9e65622026","Type 4",13,0.00153493391519136,1
"remove_count_le_2","Remove count <=2","ASV","3dd3a546bb917a7e3f7735244cb7a72b","Type 5",14,0.00165300575482146,1
"remove_count_le_2","Remove count <=2","ASV","e41d1fadd13c2115f985e88c98cfa1b8","Type 1",23,0.0027156523114924,1
"remove_count_le_2","Remove count <=2","ASV","192c931fcd56daaadfc0f9974b9167c9","Type 3",36,0.00425058622668376,1
"remove_count_le_2","Remove count <=2","ASV","56e07ad9980241f14da48c67494de950","Type 3",21,0.0024795086322322,1
"remove_count_le_2","Remove count <=2","ASV","fce79baf85493a6bc3974462e6ac7b66","Type 5",7,0.000826502877410732,1
"remove_count_le_2","Remove count <=2","ASV","76f46bcf57d437557d85b51ea885902e","Type 1",3,0.000354215518890314,1
"remove_count_le_2","Remove count <=2","ASV","a4b0c67b9aaa0550c3aad8ceccac4c17","Type 4",100,0.0118071839630105,1
"remove_count_le_2","Remove count <=2","ASV","cfec99201fc68be2d0488bcc76a12890","Type 3",22,0.0025975804718623,1
"remove_count_le_2","Remove count <=2","ASV","b26039fd832570f925c58f2e6a003f6a","Type 1",8,0.000944574717040836,1
"remove_count_le_2","Remove count <=2","ASV","4830c51860ccb164f6cfb9862597fcd9","Type 1",7,0.000826502877410732,1
"remove_count_le_2","Remove count <=2","ASV","2bbf31764c85261ddd17b0ff809fbfd3","Type 5",14,0.00165300575482146,1
"remove_count_le_2","Remove count <=2","ASV","e3d2f2c2950cd53b31c42e65a07effeb","Type 2",8,0.000944574717040836,1
"remove_count_le_2","Remove count <=2","ASV","4b66566c95ccf63f5ed4f16168619155","Type 2",17,0.00200722127371178,2
"remove_count_le_2","Remove count <=2","ASV","24a92adf5b79c4a8990caa63936088bc","Type 2",19,0.00224336495297199,1
"remove_count_le_2","Remove count <=2","ASV","67bc39ee3c3274e7d82f196f84a8d25a","Type 4",10,0.00118071839630105,1
"remove_count_le_2","Remove count <=2","ASV","24d7a9c74a9bcf90d92d108d5a6df77b","Type 2",5,0.000590359198150523,1
"remove_count_le_2","Remove count <=2","ASV","b67df1bbc58659fa8ff135cd3c018255","Type 1",7,0.000826502877410732,1
"remove_count_le_2","Remove count <=2","ASV","47a81270e3ab23f92ad6164b8dd6bfbf","Type 2",13,0.00153493391519136,1
"remove_count_le_2","Remove count <=2","ASV","826aea9b9348e45bf0798f0e3caa8bab","Type 3",22,0.0025975804718623,1
"remove_count_le_2","Remove count <=2","ASV","9dccc11f81d739fc004341835bf66f59","Type 3",17,0.00200722127371178,1
"remove_count_le_2","Remove count <=2","ASV","a5e9eb32cf464264d9c16d6a85d7889e","Type 1",7,0.000826502877410732,1
"remove_count_le_2","Remove count <=2","ASV","d231cb98c71c340f2b3b49773c386ef2","Type 4",15,0.00177107759445157,1
"remove_count_le_2","Remove count <=2","ASV","9943b6aa3ea852ac004ba815b6a169ef","Type 4",60,0.00708431037780627,1
"remove_count_le_2","Remove count <=2","ASV","e2c7b64622a6b88d3869feac53491890","Type 5",16,0.00188914943408167,1
"remove_count_le_2","Remove count <=2","ASV","dfdda03ad1026d959e6b4971644512b6","Type 2",25,0.00295179599075261,1
"remove_count_le_2","Remove count <=2","ASV","bfa5941e75f86644e661471e582b1658","Type 1",17,0.00200722127371178,1
"remove_count_le_2","Remove count <=2","ASV","492041d34f2eea4453c112bd8bcc68fa","Type 3",11,0.00129879023593115,1
"remove_count_le_2","Remove count <=2","ASV","b6fa7b35ad9ee525987bd0682c7e2614","Type 5",10,0.00118071839630105,1
"remove_count_le_2","Remove count <=2","ASV","18815ed70a4f67feb48fb20a33f8368b","Type 4",70,0.00826502877410732,1
"remove_count_le_2","Remove count <=2","ASV","15086b11aba21e987d754ecbb4fd1158","Type 1",11,0.00129879023593115,1
"remove_count_le_2","Remove count <=2","ASV","c9b3b792c6074f60117206d8c37507cd","Type 2",8,0.000944574717040836,1
"remove_count_le_2","Remove count <=2","ASV","d626b422d9fb47d6ce1a07c1698e7255","Type 5",9,0.00106264655667094,1
"remove_count_le_2","Remove count <=2","ASV","a086f8d50efa91aad9d659c7c00ef41b","Type 5",3,0.000354215518890314,1
"remove_count_le_2","Remove count <=2","ASV","6d3cdc8832c35a5521d653dbb22f6f3a","Type 4",8,0.000944574717040836,1
"remove_count_le_2","Remove count <=2","ASV","442f2cd92425da3998c8d1630aefc80b","Type 4",53,0.00625780750039554,1
"remove_count_le_2","Remove count <=2","ASV","07233d1bdcd3aac125eced8f3255d444","Type 3",11,0.00129879023593115,1
"remove_count_le_2","Remove count <=2","ASV","04a5b91f99436935e3522af66a4dc184","Type 4",26,0.00306986783038272,1
"remove_count_le_2","Remove count <=2","ASV","744b63f71e024e1181b32c7403466a5c","Type 1",6,0.000708431037780627,1
"remove_count_le_2","Remove count <=2","ASV","edb41708317b577142243a9418d79fb0","Type 5",56,0.00661202301928585,1
"remove_count_le_2","Remove count <=2","ASV","75edbfa5120612d564c4caae4aaa4033","Type 4",26,0.00306986783038272,1
"remove_count_le_2","Remove count <=2","ASV","523795f8f08737aec2ac4128f3b6d502","Type 2",13,0.00153493391519136,1
"remove_count_le_2","Remove count <=2","ASV","520711e285a51c13c12f1990c707e88e","Type 4",26,0.00306986783038272,1
"remove_count_le_2","Remove count <=2","ASV","8502c427f848df77383072ae00cf0e89","Type 5",359,0.0423877904272075,1
"remove_count_le_2","Remove count <=2","ASV","74c659635cb5843be90981a8a72d12aa","Type 1",5,0.000590359198150523,1
"remove_count_le_2","Remove count <=2","ASV","29fbb6c4bfe1ccc74f563199c2090905","Type 5",42,0.00495901726446439,1
"remove_count_le_2","Remove count <=2","ASV","ae082604d1ad207a83f4bd7179d830b3","Type 4",14,0.00165300575482146,1
"remove_count_le_2","Remove count <=2","ASV","8e19fc791dfb2124a469b31cfac9be97","Type 1",6,0.000708431037780627,1
"remove_count_le_2","Remove count <=2","ASV","ada3d973d82727d51c943107b7f91625","Type 3",4,0.000472287358520418,1
"remove_count_le_2","Remove count <=2","ASV","2267b53717a9642daf04458ec7648cfb","Type 3",4,0.000472287358520418,1
"remove_count_le_2","Remove count <=2","ASV","d63bb9cfd1695be99945784ad3ddeaf9","Type 3",4,0.000472287358520418,1
"remove_count_le_2","Remove count <=2","ASV","7e906aac4bfefe0d9a86ccf8fd2b23e8","Type 4",37,0.00436865806631387,1
"remove_count_le_2","Remove count <=2","ASV","a1bb2027b0704d6f3d2a5917c0b26c4e","Type 1",18,0.00212529311334188,2
"remove_count_le_2","Remove count <=2","ASV","9a701a558b0a6e1ec13815123ec0d62a","Type 5",5,0.000590359198150523,1
"remove_count_le_2","Remove count <=2","ASV","bef3ef64b8ed7d9a552d3ccf8ee6ab9c","Type 3",7,0.000826502877410732,1
"remove_count_le_2","Remove count <=2","ASV","ba7bfae0573fb44549ae5d4d4cf2d9f6","Type 4",5,0.000590359198150523,1
"remove_count_le_2","Remove count <=2","ASV","68dd96ed48888354c0248741aad60f31","Type 4",18,0.00212529311334188,1
"remove_count_le_2","Remove count <=2","ASV","424d265622fba0f34bc3454727c5574b","Type 1",14,0.00165300575482146,1
"remove_count_le_2","Remove count <=2","ASV","580a39907171df295e0591c85c328c1a","Type 4",10,0.00118071839630105,1
"remove_count_le_2","Remove count <=2","ASV","9012307e7fed70268e9f462e52238100","Type 4",10,0.00118071839630105,1
"remove_count_le_2","Remove count <=2","ASV","ee5be990233f99eded70433e365148ee","Type 1",45,0.0053132327833547,1
"remove_count_le_2","Remove count <=2","ASV","b8e63b8dd1f7290c3f1dd2c42eac5ce6","Type 2",9,0.00106264655667094,1
"remove_count_le_2","Remove count <=2","ASV","cd996ce9a2e22ac638f602422d6163ae","Type 3",16,0.00188914943408167,1
"remove_count_le_2","Remove count <=2","ASV","d0bbb3cf6f8c4d7a6fdd6a81d94daa81","Type 3",14,0.00165300575482146,1
"remove_count_le_2","Remove count <=2","ASV","33a4b160e1f1411ea02ae36df2dcc388","Type 5",3,0.000354215518890314,1
"remove_count_le_2","Remove count <=2","ASV","0ffe8c3708edd90a3777487c68d40b90","Type 1",29,0.00342408334927303,1
"remove_count_le_2","Remove count <=2","ASV","657bd2c689f54713d1b237b655dd8480","Type 1",16,0.00188914943408167,1
"remove_count_le_2","Remove count <=2","ASV","d419db02c125e2d7f91319e8fa284390","Type 1",16,0.00188914943408167,1
"remove_count_le_2","Remove count <=2","ASV","af8133e97ee588af0c1c9004bb87600a","Type 4",9,0.00106264655667094,1
"remove_count_le_2","Remove count <=2","ASV","3f23ceb1ef108f7ce9cc7e5665c1f6af","Type 2",46,0.00543130462298481,1
"remove_count_le_2","Remove count <=2","ASV","4039487debd817f408340b43ac5e273b","Type 5",5,0.000590359198150523,1
"remove_count_le_2","Remove count <=2","ASV","7cd8a53a94d8ffa75abb0ad63ef3c2c8","Type 4",31,0.00366022702853324,1
"remove_count_le_2","Remove count <=2","ASV","38324513da609b6e73a048510d1fa90d","Type 2",3,0.000354215518890314,1
"remove_count_le_2","Remove count <=2","ASV","f5b86fa349f1d8d5abe6b1f25e437279","Type 3",4,0.000472287358520418,1
"remove_count_le_2","Remove count <=2","ASV","f72abff20162a869f7fb14c9b9468835","Type 4",36,0.00425058622668376,1
"remove_count_le_2","Remove count <=2","ASV","3b82f9cf834e33bae5a6dc636906dd06","Type 1",6,0.000708431037780627,1
"remove_count_le_2","Remove count <=2","ASV","aaf92cf9533f858977c37d2fc2715775","Type 3",3,0.000354215518890314,1
"remove_count_le_2","Remove count <=2","ASV","4a61a2b4a61e16813fe4d51ff38dd8bd","Type 4",32,0.00377829886816335,1
"remove_count_le_2","Remove count <=2","ASV","bcdb82d673e7f6e7447e7512e846dcf7","Type 2",31,0.00366022702853324,1
"remove_count_le_2","Remove count <=2","ASV","7f592e98ad366477c8022b26133d0091","Type 4",46,0.00543130462298481,1
"remove_count_le_2","Remove count <=2","ASV","e50b139105cb4064eb6373e614fed20a","Type 2",22,0.0025975804718623,1
"remove_count_le_2","Remove count <=2","ASV","cd82c9bd767109b3ca7c8e86c03ec444","Type 5",95,0.0112168247648599,1
"remove_count_le_2","Remove count <=2","ASV","0618cf9c34ee4df6b087853875912d28","Type 1",35,0.00413251438705366,1
"remove_count_le_2","Remove count <=2","ASV","6b6f04347d8385126935c22e8414ddb0","Type 1",40,0.00472287358520418,1
"remove_count_le_2","Remove count <=2","ASV","7b6b658ea8035ee681dbf66dab76c00c","Type 5",47,0.00554937646261491,1
"remove_count_le_2","Remove count <=2","ASV","28fcecdd4f13c2afa6fe633ae8c3b25a","Type 3",26,0.00306986783038272,1
"remove_count_le_2","Remove count <=2","ASV","e193284193d0555199648d6fe8ab413e","Type 2",15,0.00177107759445157,1
"remove_count_le_2","Remove count <=2","ASV","bae61bbffd0eedfe800a2cc439ce9ce4","Type 2",37,0.00436865806631387,1
"remove_count_le_2","Remove count <=2","ASV","8f88d3ea5e28a765eb4aa889beb40002","Type 4",25,0.00295179599075261,1
"remove_count_le_2","Remove count <=2","ASV","fdd6eb14382579bbadaa8aa8d8fd5bb2","Type 5",99,0.0116891121233803,1
"remove_count_le_2","Remove count <=2","ASV","311f82d4fd5b43235054aee6289fe9a4","Type 1",14,0.00165300575482146,1
"remove_count_le_2","Remove count <=2","ASV","04151147f511f49cfecc16af42fca5d2","Type 4",31,0.00366022702853324,1
"remove_count_le_2","Remove count <=2","ASV","23d9592a5e4e37ac56b5de57300671c8","Type 1",13,0.00153493391519136,1
"remove_count_le_2","Remove count <=2","ASV","faffd6579ada0f49419f3d55a299be07","Type 5",4,0.000472287358520418,1
"remove_count_le_2","Remove count <=2","ASV","7fe69b1f61a3e8fb752148ac8affd5dd","Type 5",3,0.000354215518890314,1
"remove_count_le_2","Remove count <=2","ASV","dda061028004d41f250f025ec9667d05","Type 1",37,0.00436865806631387,1
"remove_count_le_2","Remove count <=2","ASV","fba4c80b618869514d4a310cd8bb88d7","Type 3",5,0.000590359198150523,1
"remove_count_le_2","Remove count <=2","ASV","de877977144ecd92e3e03fd7f2edd632","Type 3",10,0.00118071839630105,1
"remove_count_le_2","Remove count <=2","ASV","51afe6f25ec5be5d9c5aeddcb4e66131","Type 4",28,0.00330601150964293,1
"remove_count_le_2","Remove count <=2","ASV","cfbd8f5af4a8eaf8629d5121f245d3ba","Type 2",14,0.00165300575482146,1
"remove_count_le_2","Remove count <=2","ASV","238ed3a0d258e7fbd0ef5f5d69467a12","Type 5",106,0.0125156150007911,1
"remove_count_le_2","Remove count <=2","ASV","220e2a2b77903f1acc66366fbbb22ac1","Type 5",65,0.0076746695759568,1
"remove_count_le_2","Remove count <=2","ASV","ad058722cc7080d62b46b086572cb3b9","Type 4",12,0.00141686207556125,1
"remove_count_le_2","Remove count <=2","ASV","64ba83c26d7ba4305f1d13a770f7a5be","Type 1",80,0.00944574717040836,1
"remove_count_le_2","Remove count <=2","ASV","9bd91ee96646f24bad3b414c7f7a67dd","Type 1",9,0.00106264655667094,1
"remove_count_le_2","Remove count <=2","ASV","05d6e52f43d7282a75681384ad5ff6d8","Type 2",15,0.00177107759445157,1
"remove_count_le_2","Remove count <=2","ASV","1bbda1bd1ed2497f117db89ae37adc90","Type 4",30,0.00354215518890314,1
"remove_count_le_2","Remove count <=2","ASV","96cbbc1380a2fef582d73b372e485e62","Type 2",14,0.00165300575482146,1
"remove_count_le_2","Remove count <=2","ASV","fb0ad60ced49855048379742780e2529","Type 1",21,0.0024795086322322,1
"remove_count_le_2","Remove count <=2","ASV","f502ab3ec6263cd75a3609a76c6b0c44","Type 1",18,0.00212529311334188,1
"remove_count_le_2","Remove count <=2","ASV","3e8d09c7f1cbfb4fabd9d69f8119e60a","Type 1",21,0.0024795086322322,1
"remove_count_le_2","Remove count <=2","ASV","f9631fc9ac60a726ce57f64f6bbed3d9","Type 2",34,0.00401444254742355,1
"remove_count_le_2","Remove count <=2","ASV","8b045de6f7dd2a63ed4a4d4ac04d7a19","Type 4",17,0.00200722127371178,1
"remove_count_le_2","Remove count <=2","ASV","85eda76aff096e0b6fac26742776c12f","Type 4",36,0.00425058622668376,1
"remove_count_le_2","Remove count <=2","ASV","d77aff99f894706a2a1f9cdb8316f687","Type 1",80,0.00944574717040836,1
"remove_count_le_2","Remove count <=2","ASV","7b24d5249c9f4032572ab3c8307ea7b5","Type 5",3,0.000354215518890314,1
"remove_count_le_2","Remove count <=2","ASV","356ffd020a9e8bb3646e2809ae2187f9","Type 3",16,0.00188914943408167,1
"remove_count_le_2","Remove count <=2","ASV","f436e8c0a679f4ac07269f8f755ce58a","Type 5",15,0.00177107759445157,1
"remove_count_le_2","Remove count <=2","ASV","f687ad0122d17e879ef838e74fbeebcb","Type 2",27,0.00318793967001282,1
"remove_count_le_2","Remove count <=2","ASV","f9f901ece633ba981d92e738c875a484","Type 3",15,0.00177107759445157,1
"remove_count_le_2","Remove count <=2","ASV","7e571da0a9eeba30fcd37d56e243a2db","Type 4",18,0.00212529311334188,1
"remove_count_le_2","Remove count <=2","ASV","70421744fbd2b3c5b82e03abd916163f","Type 2",5,0.000590359198150523,1
"remove_count_le_2","Remove count <=2","ASV","d5e9ebc22ca9b62b1fffe7782e365747","Type 2",30,0.00354215518890314,2
"remove_count_le_2","Remove count <=2","ASV","6999d84161d029ba477c475e91cd00e9","Type 4",10,0.00118071839630105,1
"remove_count_le_2","Remove count <=2","ASV","363727d90392e18e776aed1f3a71e89f","Type 2",12,0.00141686207556125,1
"remove_count_le_2","Remove count <=2","ASV","bb22e6d2b4e7939ff1edc50cab5c9130","Type 1",23,0.0027156523114924,1
"remove_count_le_2","Remove count <=2","ASV","717960ead6da1dc6ee42dea884f67347","Type 5",7,0.000826502877410732,1
"remove_count_le_2","Remove count <=2","ASV","3dd4409bdc87be1e492b2082b76e4ba9","Type 4",13,0.00153493391519136,1
"remove_count_le_2","Remove count <=2","ASV","cd4f3f0bd65c7f3521456adc8dc8fb55","Type 3",10,0.00118071839630105,1
"remove_count_le_2","Remove count <=2","ASV","6f91497606fe421fc1ff59d7d55e1186","Type 3",12,0.00141686207556125,1
"remove_count_le_2","Remove count <=2","ASV","a40ba395486eeb9dd80f5f633c82c0f7","Type 1",6,0.000708431037780627,1
"remove_count_le_2","Remove count <=2","ASV","a9beb237681b965e9dcae776517a4c96","Type 2",7,0.000826502877410732,1
"remove_count_le_2","Remove count <=2","ASV","9f206718d953b614552b9cf79902e3dd","Type 2",5,0.000590359198150523,1
"remove_count_le_2","Remove count <=2","ASV","ec838891faa3317f3afcd2d38b4e1923","Type 2",13,0.00153493391519136,1
"remove_count_le_2","Remove count <=2","ASV","670c1354afc6609d91dfc4184546ea58","Type 1",13,0.00153493391519136,1
"remove_count_le_2","Remove count <=2","ASV","14a716abf25aaae2d739db29fcf0ea3f","Type 2",4,0.000472287358520418,1
"remove_count_le_2","Remove count <=2","ASV","a7ffb15524e3ef43b0311b3cd60f8156","Type 2",11,0.00129879023593115,1
"remove_count_le_2","Remove count <=2","ASV","6b01118053f04df98945512d83984062","Type 1",4,0.000472287358520418,1
"remove_count_le_2","Remove count <=2","ASV","28e82ac50faab22d9428d78c36181743","Type 1",4,0.000472287358520418,1
"remove_count_le_2","Remove count <=2","ASV","e423277f6fcd9bead5bf13ade58d4de5","Type 3",7,0.000826502877410732,1
"remove_count_le_2","Remove count <=2","ASV","caa5248c2660878fac2218b81b13b8e0","Type 5",33,0.00389637070779345,1
"remove_count_le_2","Remove count <=2","ASV","050d46a27980fc3cbc7f1a3d04b66b12","Type 1",4,0.000472287358520418,1
"remove_count_le_2","Remove count <=2","ASV","126f3c073f21d6632d9d256142537db3","Type 2",13,0.00153493391519136,1
"remove_count_le_2","Remove count <=2","ASV","f6f0cea509375aec271736a0f70ad05b","Type 3",10,0.00118071839630105,1
"remove_count_le_2","Remove count <=2","ASV","cdd9e0b6ebfedae692db465b04f93178","Type 4",12,0.00141686207556125,1
"remove_count_le_2","Remove count <=2","ASV","7b644e38c03068c5ad4d11c00eaae9d5","Type 4",9,0.00106264655667094,1
"remove_count_le_2","Remove count <=2","ASV","90de1181eca5cec92ab80d159f177ef2","Type 3",4,0.000472287358520418,1
"remove_count_le_2","Remove count <=2","ASV","63d7f0cb46d16f7a3dbf13748ed52f3d","Type 2",3,0.000354215518890314,1
"remove_count_le_2","Remove count <=2","ASV","b237acb7c9ea317b7038f24d96d5d302","Type 1",13,0.00153493391519136,1
"remove_count_le_2","Remove count <=2","ASV","455bc63de8cb4c9b308f9ba69f3af0b2","Type 3",12,0.00141686207556125,1
"remove_count_le_2","Remove count <=2","ASV","03f9daed1f6d540da2aec105d0ea75bb","Type 4",4,0.000472287358520418,1
"remove_count_le_2","Remove count <=2","ASV","57dd84d72eac483f7f5ddc23191faa4d","Type 2",8,0.000944574717040836,1
"remove_count_le_2","Remove count <=2","ASV","cca62ce55fa1104839106ebc7d1a7667","Type 5",5,0.000590359198150523,1
"remove_count_le_2","Remove count <=2","ASV","2513f9843a703a7416099a3fa5c07d4c","Type 2",11,0.00129879023593115,1
"remove_count_le_2","Remove count <=2","ASV","c95694f9e5f84f0518ab08af3e4811ec","Type 1",11,0.00129879023593115,1
"remove_count_le_2","Remove count <=2","ASV","6bee3eeab5d2aed2aab34621e25b49d8","Type 1",6,0.000708431037780627,1
"remove_count_le_2","Remove count <=2","ASV","c16345411b2428ad706dd067e17bd77d","Type 1",10,0.00118071839630105,1
"remove_count_le_2","Remove count <=2","ASV","6225582ef176595ad844c81e5d2e9711","Type 3",3,0.000354215518890314,1
"remove_count_le_2","Remove count <=2","ASV","46c24e45f710f0f13e9229d57673ca5a","Type 3",4,0.000472287358520418,1
"remove_count_le_2","Remove count <=2","ASV","d95d43e2d4490c088650670de3bfcd49","Type 2",4,0.000472287358520418,1
"remove_count_le_2","Remove count <=2","ASV","20c71ebbcfbabf45f16036be051b7769","Type 5",6,0.000708431037780627,1
"remove_count_le_2","Remove count <=2","ASV","f0a2510f876ac61a2018bf5abf3db6a2","Type 4",10,0.00118071839630105,1
"remove_count_le_2","Remove count <=2","ASV","be031cd7dd25c300e968887ed36d24e0","Type 1",7,0.000826502877410732,1
"remove_count_le_2","Remove count <=2","ASV","9ae36e9a8e7cceb827cfd1fa46652a45","Type 1",6,0.000708431037780627,1
"remove_count_le_2","Remove count <=2","ASV","e01d66fa265c6446a42f01dab36fabd0","Type 1",3,0.000354215518890314,1
"remove_count_le_2","Remove count <=2","ASV","c2345a31a7153e34bfc11ef94009f16a","Type 1",5,0.000590359198150523,1
"remove_count_le_2","Remove count <=2","ASV","59ef38dc6b706ebe3087a9c3c12872bd","Type 5",3,0.000354215518890314,1
"remove_count_le_2","Remove count <=2","ASV","f701cbc5da10b2d9cba3b0728f832f73","Type 4",6,0.000708431037780627,1
"remove_count_le_2","Remove count <=2","ASV","45989ee2ecdda9c0a99f22237962ffaf","Type 2",8,0.000944574717040836,1
"remove_count_le_2","Remove count <=2","ASV","1791749033c033469311c89113bf3622","Type 4",22,0.0025975804718623,1
"remove_count_le_2","Remove count <=2","ASV","108a4977d68123dfb038a844e0914e68","Type 2",41,0.00484094542483429,1
"remove_count_le_2","Remove count <=2","ASV","4d93bab217f59fc60b09e72013e8e539","Type 2",8,0.000944574717040836,1
"remove_count_le_2","Remove count <=2","ASV","e96014e013ca5861bc7ffac5f0a38cc7","Type 3",5,0.000590359198150523,1
"remove_count_le_2","Remove count <=2","ASV","89cd28241634943bbf76d4563cca4e89","Type 1",6,0.000708431037780627,1
"remove_count_le_2","Remove count <=2","ASV","1d40e2571405372e4e88e78c04fdb0c1","Type 3",3,0.000354215518890314,1
"remove_count_le_2","Remove count <=2","ASV","d8a6468c46a1b3781b1e15064c39a8bf","Type 5",5,0.000590359198150523,1
"remove_count_le_2","Remove count <=2","ASV","23bc539806048f958b057d2fc92bf2b4","Type 2",6,0.000708431037780627,1
"remove_count_le_2","Remove count <=2","ASV","e2e7a1e7395d82f92ddfe03057973b76","Type 3",6,0.000708431037780627,1
"remove_count_le_2","Remove count <=2","ASV","54d1a63ede45b20a5e728db9d0c720a9","Type 2",4,0.000472287358520418,1
"remove_count_le_2","Remove count <=2","ASV","337be288743ffa9aa68952dde1198dda","Type 2",10,0.00118071839630105,1
"remove_count_le_2","Remove count <=2","ASV","0e20328b120953d3676920681b77ab49","Type 5",8,0.000944574717040836,1
"remove_count_le_2","Remove count <=2","ASV","72099d904e500a58c0d01db18eeb0f41","Type 1",9,0.00106264655667094,1
"remove_count_le_2","Remove count <=2","ASV","ffaeff97aa0b024482f8d0b32a127885","Type 4",6,0.000708431037780627,1
"remove_count_le_2","Remove count <=2","ASV","810184c56057af36b8df164e03101b86","Type 4",7,0.000826502877410732,1
"remove_count_le_2","Remove count <=2","ASV","d023c6190da06c1d2d1f1477046cc3e3","Type 4",26,0.00306986783038272,1
"remove_count_le_2","Remove count <=2","ASV","d9a49f47c3835a42553e8e6bfd808773","Type 4",15,0.00177107759445157,1
"remove_count_le_2","Remove count <=2","ASV","0b2fe4fb7db539ff9a4fa9d27c0faa62","Type 1",6,0.000708431037780627,1
"remove_count_le_2","Remove count <=2","ASV","8459d7cb3a2b19a181aa31512f398869","Type 4",15,0.00177107759445157,1
"remove_count_le_2","Remove count <=2","ASV","45e3f3f280507375f3d96c07e56be4c3","Type 4",182,0.021489074812679,1
"remove_count_le_2","Remove count <=2","ASV","6ebb40ceb1600b1f876520bc4fc5497b","Type 3",7,0.000826502877410732,1
"remove_count_le_2","Remove count <=2","ASV","8c4d4bf4728b84e9a3f5c81a5bbcb20e","Type 5",29,0.00342408334927303,1
"remove_count_le_2","Remove count <=2","ASV","59e9209bb9de2d2ed76c4419a5d696dd","Type 5",20,0.00236143679260209,1
"remove_count_le_2","Remove count <=2","ASV","52cfd1fd329851e99853eca8f37aa050","Type 3",8,0.000944574717040836,1
"remove_count_le_2","Remove count <=2","ASV","1dd2d03bf672608a258cb4ef5543cad2","Type 5",10,0.00118071839630105,1
"remove_count_le_2","Remove count <=2","ASV","47197ee817bb57421f861e8b877e0588","Type 4",572,0.0675370922684198,1
"remove_count_le_2","Remove count <=2","ASV","16c63bbdf90bb1ded0a26d5fa70c0036","Type 4",16,0.00188914943408167,1
"remove_count_le_2","Remove count <=2","ASV","e863f60c2b404781ce435283c0b37574","Type 4",22,0.0025975804718623,1
"remove_count_le_2","Remove count <=2","ASV","ad35a9c3a94767e53f68fcd1bdacc1fc","Type 3",3,0.000354215518890314,1
"remove_count_le_2","Remove count <=2","ASV","858b9292b21db7fe07ea3cc766b912dc","Type 3",9,0.00106264655667094,1
"remove_count_le_2","Remove count <=2","ASV","ae7508e0c0f5db07a8e8242c6148c34d","Type 2",5,0.000590359198150523,1
"remove_count_le_2","Remove count <=2","ASV","b4cc697fe846f736906b4d261b088dfd","Type 2",3,0.000354215518890314,1
"remove_count_le_2","Remove count <=2","ASV","35527ffa9f44ebbf586ab787211da1c3","Type 4",7,0.000826502877410732,1
"remove_count_le_2","Remove count <=2","ASV","a67325486802911e948473f4b8b71ebe","Type 4",6,0.000708431037780627,1
"remove_count_le_2","Remove count <=2","ASV","1813a356c899840a7219062a1a3f47b5","Type 4",4,0.000472287358520418,1
"remove_count_le_2","Remove count <=2","ASV","de2b4b14636d09e2d4611f822ab82457","Type 5",69,0.00814695693447721,1
"remove_count_le_2","Remove count <=2","ASV","8330e416f5e9763da505ceb4330ea51d","Type 2",23,0.0027156523114924,1
"remove_count_le_2","Remove count <=2","ASV","c8f2f61d52781e18cc8ac65f9f89fcd1","Type 1",12,0.00141686207556125,1
"remove_count_le_2","Remove count <=2","ASV","b230581a663e0797c9116d2661cab125","Type 3",38,0.00448672990594397,1
"remove_count_le_2","Remove count <=2","ASV","9fcd44e35ec88e39d7c5b5f611f81911","Type 1",10,0.00118071839630105,1
"remove_count_le_2","Remove count <=2","ASV","f95472ff5305d00c44f2c7e516452737","Type 3",6,0.000708431037780627,1
"remove_count_le_2","Remove count <=2","ASV","4ca87931296e46e2741cdfd5d76d51e4","Type 4",11,0.00129879023593115,1
"remove_count_le_2","Remove count <=2","ASV","e14904089516747736b06bee3675402e","Type 4",6,0.000708431037780627,1
"remove_count_le_2","Remove count <=2","ASV","ad490013f6967a5e303129f81df260cb","Type 4",6,0.000708431037780627,1
"remove_count_le_2","Remove count <=2","ASV","2c006b1016329ed90476ea009bf4606e","Type 2",25,0.00295179599075261,1
"remove_count_le_2","Remove count <=2","ASV","94388351f1fe8cd33aa9ddf1962f04c1","Type 2",10,0.00118071839630105,1
"remove_count_le_2","Remove count <=2","ASV","fe278eabfc85664fcf6e9acd8162be2d","Type 2",31,0.00366022702853324,1
"remove_count_le_2","Remove count <=2","ASV","a85cbd6cdbe21b8a481bd62661cdbb17","Type 1",21,0.0024795086322322,1
"remove_count_le_2","Remove count <=2","ASV","d69b34a41f5aa24c90f7d564311da27f","Type 1",20,0.00236143679260209,1
"remove_count_le_2","Remove count <=2","ASV","e44a352ce6fd903864f5e6d7b0d9048e","Type 1",12,0.00141686207556125,1
"remove_count_le_2","Remove count <=2","ASV","39da947d17b83a970fd2e6f749f1f83c","Type 1",20,0.00236143679260209,1
"remove_count_le_2","Remove count <=2","ASV","0a22045d1af57188e792411f56c7816d","Type 1",15,0.00177107759445157,1
"remove_count_le_2","Remove count <=2","ASV","630098d7056f6b23cb94fa1e04c7339c","Type 3",16,0.00188914943408167,1
"remove_count_le_2","Remove count <=2","ASV","c424e25d38598a304a88f865cc220714","Type 1",30,0.00354215518890314,1
"remove_count_le_2","Remove count <=2","ASV","69027924f03686cd59516ccbd7e0a120","Type 1",10,0.00118071839630105,1
"remove_count_le_2","Remove count <=2","ASV","40789c2114ba86642e3567cf4c9f17d2","Type 2",12,0.00141686207556125,1
"remove_count_le_2","Remove count <=2","ASV","31af8dda7b9b660c2d50aef9c50f0e4e","Type 4",3,0.000354215518890314,1
"remove_count_le_2","Remove count <=2","ASV","50a12e0b6a6399f107bdfcadc93a8cc4","Type 4",22,0.0025975804718623,1
"remove_count_le_2","Remove count <=2","ASV","b31213c4220f5864ef9922595fe9f855","Type 5",3,0.000354215518890314,1
"remove_count_le_2","Remove count <=2","ASV","300837fe392a9506546f1970bd365d4b","Type 1",15,0.00177107759445157,1
"remove_count_le_2","Remove count <=2","ASV","f09f3bfabd5f786a95e8202990352551","Type 1",7,0.000826502877410732,1
"remove_count_le_2","Remove count <=2","ASV","87936a4ca2983a1e808424dbce5aab65","Type 3",8,0.000944574717040836,1
"remove_count_le_2","Remove count <=2","ASV","84adb19ad7fdf9bab6c55f7527da26f8","Type 2",5,0.000590359198150523,1
"remove_count_le_2","Remove count <=2","ASV","b10310466c3f849345358aed50009bfd","Type 2",22,0.0025975804718623,1
"remove_count_le_2","Remove count <=2","ASV","88098ab3f8048c851897dbd0bcb5cb7d","Type 4",7,0.000826502877410732,1
"remove_count_le_2","Remove count <=2","ASV","359ecad657c87d48177d81d15298e080","Type 4",17,0.00200722127371178,1
"remove_count_le_2","Remove count <=2","ASV","05fcdbf22abe66e94b0ede4dfd85ca1e","Type 1",22,0.0025975804718623,2
"remove_count_le_2","Remove count <=2","ASV","7aada437a689b290462ad3d8da6d6550","Type 1",6,0.000708431037780627,1
"remove_count_le_2","Remove count <=2","ASV","f44f6ed70dbe0b08a8c404615bafd5d7","Type 1",4,0.000472287358520418,1
"remove_count_le_2","Remove count <=2","ASV","a741a4e976ff31ef8f1e8126b7332efd","Type 1",8,0.000944574717040836,1
"remove_count_le_2","Remove count <=2","ASV","5040868dccc4bffac80996af0a7edc83","Type 3",4,0.000472287358520418,1
"remove_count_le_2","Remove count <=2","ASV","67b916caef6efb59d8255dbf58b35007","Type 2",12,0.00141686207556125,1
"remove_count_le_2","Remove count <=2","ASV","92266a78cdeba7ec0545d53521fd333b","Type 3",7,0.000826502877410732,1
"remove_count_le_2","Remove count <=2","ASV","f8aa742619b4c6579bfc953b7fda01b7","Type 1",4,0.000472287358520418,1
"remove_count_le_2","Remove count <=2","ASV","02a0a4856c7072fb58497808935c6fe1","Type 1",9,0.00106264655667094,1
"remove_count_le_2","Remove count <=2","ASV","18b0c9ebe534c105ee27dec86a0fc43e","Type 1",8,0.000944574717040836,1
"remove_count_le_2","Remove count <=2","ASV","b765346d065e508c6263c505decbb3f2","Type 5",54,0.00637587934002564,1
"remove_count_le_2","Remove count <=2","ASV","a7d73d00201f5dfac32d5042e3aa7039","Type 4",3,0.000354215518890314,1
"remove_count_le_2","Remove count <=2","ASV","b723944ca7a77c9a7a36b0b233b77802","Type 1",13,0.00153493391519136,1
"remove_count_le_2","Remove count <=2","ASV","a72722a44c240ad69ea6f73ff6879650","Type 4",4,0.000472287358520418,1
"remove_count_le_2","Remove count <=2","ASV","13fb1106cb988b93d742c82bb067cd7c","Type 1",36,0.00425058622668376,1
"remove_count_le_2","Remove count <=2","ASV","f5c922a9f7776182bf02bf9b23b4d3e2","Type 4",4,0.000472287358520418,1
"remove_count_le_2","Remove count <=2","ASV","1422aef8849148a9b52ce185862dc22f","Type 2",19,0.00224336495297199,1
"remove_count_le_2","Remove count <=2","ASV","ca2961e3b7858496c79c57b08146de5a","Type 2",7,0.000826502877410732,1
"remove_count_le_2","Remove count <=2","ASV","495e8dea6a5432de3202ffe99922c1c5","Type 1",4,0.000472287358520418,1
"remove_count_le_2","Remove count <=2","ASV","1a7e4f61cb855f1cf44b93f02d1e46e3","Type 3",12,0.00141686207556125,1
"remove_count_le_2","Remove count <=2","ASV","b9879da874f023629c4384ada519ba98","Type 3",21,0.0024795086322322,1
"remove_count_le_2","Remove count <=2","ASV","2f7ab09df42772d54308dfa6e66bdfd0","Type 1",3,0.000354215518890314,1
"remove_count_le_2","Remove count <=2","ASV","c267dc0912cbc6475bb64ff0f47644b0","Type 1",5,0.000590359198150523,1
"remove_count_le_2","Remove count <=2","ASV","9e4e0a14e344ddd228e170b5273c0367","Type 2",3,0.000354215518890314,1
"remove_count_le_2","Remove count <=2","ASV","0becb2d1042a22958ef89519c21b1afb","Type 2",7,0.000826502877410732,1
"remove_count_le_2","Remove count <=2","ASV","dc9e2860e3fa93f9e4bf136144d697d6","Type 5",4,0.000472287358520418,1
"remove_count_le_2","Remove count <=2","ASV","349bbba3e453a6a521f1a9eac332dd98","Type 3",31,0.00366022702853324,1
"remove_count_le_2","Remove count <=2","ASV","58a55ef675959feb2e051cb105b26bac","Type 2",4,0.000472287358520418,1
"remove_count_le_2","Remove count <=2","ASV","54a80672245a59bdc29b07c6aaa92aed","Type 3",7,0.000826502877410732,1
"remove_count_le_2","Remove count <=2","ASV","12f656f851ff61d7549078ac1377ba9a","Type 3",6,0.000708431037780627,1
"remove_count_le_2","Remove count <=2","ASV","b0b7970982147410d319dcd559def94c","Type 4",9,0.00106264655667094,1
"remove_count_le_2","Remove count <=2","ASV","5717d67a168720c02bf93002d63744cb","Type 4",11,0.00129879023593115,1
"remove_count_le_2","Remove count <=2","ASV","e3fdc525c94cd77c1eaf6c42eeca5099","Type 1",7,0.000826502877410732,1
"remove_count_le_2","Remove count <=2","ASV","08f8fc5189cd6ed0162bccde0be02367","Type 2",13,0.00153493391519136,1
"remove_count_le_2","Remove count <=2","ASV","003d7eb21c0f6ac43dbd72da67ffeccf","Type 3",6,0.000708431037780627,1
"remove_count_le_2","Remove count <=2","ASV","fe00e9dc2b0d57671c5d87b12972291f","Type 2",18,0.00212529311334188,1
"remove_count_le_2","Remove count <=2","ASV","b75243ba24dd1bca83a696c6c58c9428","Type 2",13,0.00153493391519136,1
"remove_count_le_2","Remove count <=2","ASV","d6a90cae54cff1a9311f1b52054c02e0","Type 5",8,0.000944574717040836,1
"remove_count_le_2","Remove count <=2","ASV","205b8ebbe28117767c6974e1c4e05f03","Type 3",78,0.00920960349114815,1
"remove_count_le_2","Remove count <=2","ASV","f72d6015da6fdde7e9c38529a0e7b1d5","Type 4",10,0.00118071839630105,1
"remove_count_le_2","Remove count <=2","ASV","3b7a478c888beccea889f21d007fecb7","Type 5",6,0.000708431037780627,1
"remove_count_le_2","Remove count <=2","ASV","3d0b7ef791c9da681208357df760c2bf","Type 5",24,0.00283372415112251,1
"remove_count_le_2","Remove count <=2","ASV","e6843182569b9397a41f35044a4b80f1","Type 4",4,0.000472287358520418,1
"remove_count_le_2","Remove count <=2","ASV","19785a61e475edf88799b91f3a11a027","Type 4",3,0.000354215518890314,1
"remove_count_le_2","Remove count <=2","ASV","1b572d1a5d309b0c223612f94c9291d0","Type 3",21,0.0024795086322322,1
"remove_count_le_2","Remove count <=2","ASV","afcdea6419fba2836648ad9a6ade9ac5","Type 5",5,0.000590359198150523,1
"remove_count_le_2","Remove count <=2","ASV","836fee70ce21fe78e499b1aa854638e1","Type 4",7,0.000826502877410732,1
"remove_count_le_2","Remove count <=2","ASV","55f4680484871fcda4400deafa7fb33b","Type 3",60,0.00708431037780627,1
"remove_count_le_2","Remove count <=2","ASV","3fce0a9c241df3116bb98f0603ea523c","Type 4",3,0.000354215518890314,1
"remove_count_le_2","Remove count <=2","ASV","696db1c0427aa5a7996d4c3a73306172","Type 4",46,0.00543130462298481,1
"remove_count_le_2","Remove count <=2","ASV","d28702f527ca84119434a5d089dea094","Type 1",143,0.0168842730671049,1
"remove_count_le_2","Remove count <=2","ASV","92981a4f9e607d7f28d045957da39fcf","Type 2",9,0.00106264655667094,1
"remove_count_le_2","Remove count <=2","ASV","bc87377e8fbfd147983eebf52cd6973e","Type 5",3,0.000354215518890314,1
"remove_count_le_2","Remove count <=2","ASV","d4841fd1d61b4703cdd6ce863db17fea","Type 1",34,0.00401444254742355,1
"remove_count_le_2","Remove count <=2","ASV","0284a191bcee8c9f60a648f93ef001a6","Type 3",22,0.0025975804718623,1
"remove_count_le_2","Remove count <=2","ASV","00cfc29ac04e18cd07d7304660e727e6","Type 4",30,0.00354215518890314,1
"remove_count_le_2","Remove count <=2","ASV","dc390144e9abffd1f6d1acb507cbfc5e","Type 3",39,0.00460480174557408,1
"remove_count_le_2","Remove count <=2","ASV","87035d920420b74c23302e3b282b26e6","Type 1",13,0.00153493391519136,1
"remove_count_le_2","Remove count <=2","ASV","c55ca5a484eb8da50b59f3827aac2cc2","Type 3",13,0.00153493391519136,1
"remove_count_le_2","Remove count <=2","ASV","6ca13e87115a05cbc0f31f65b759b3d3","Type 5",11,0.00129879023593115,1
"remove_count_le_2","Remove count <=2","ASV","641c06a91741e70e0b4041534ed602fa","Type 1",21,0.0024795086322322,1
"remove_count_le_2","Remove count <=2","ASV","051d5187a1ef3b3c38a46f56d9448a99","Type 3",12,0.00141686207556125,1
"remove_count_le_2","Remove count <=2","ASV","8b9723d34d870fd0bc3d0f84877810e3","Type 1",5,0.000590359198150523,1
"remove_count_le_2","Remove count <=2","ASV","a433a2d87737d2dbf73ad13321f67911","Type 4",14,0.00165300575482146,1
"remove_count_le_2","Remove count <=2","ASV","fc0d2222112ba5d85a953f7fee8e7550","Type 4",5,0.000590359198150523,1
"remove_count_le_2","Remove count <=2","ASV","0535f4bb8a671a91b7c6080f796b0bc0","Type 3",3,0.000354215518890314,1
"remove_count_le_2","Remove count <=2","ASV","3d321b478b7fd39dc8ac6c68a827a622","Type 4",19,0.00224336495297199,1
"remove_count_le_2","Remove count <=2","ASV","d127837f1b6ab3f7bdad8d8d125f0b08","Type 1",14,0.00165300575482146,1
"remove_count_le_2","Remove count <=2","ASV","06923050b2a5b3f62a80aa7dc57d2748","Type 2",15,0.00177107759445157,1
"remove_count_le_2","Remove count <=2","ASV","8565dacf1db3e048ac63f478454923c7","Type 2",30,0.00354215518890314,1
"remove_count_le_2","Remove count <=2","ASV","a213a5f3747bba461dc81e089783a63c","Type 4",9,0.00106264655667094,1
"remove_count_le_2","Remove count <=2","ASV","a6a5c75bcf40728c389d91b17e569cb0","Type 3",5,0.000590359198150523,1
"remove_count_le_2","Remove count <=2","ASV","9be358b525c083e9b0e67426c63d4926","Type 3",5,0.000590359198150523,1
"remove_count_le_2","Remove count <=2","ASV","a1e2b28fb788c9542caf556c169bd434","Type 4",102,0.0120433276422707,2
"remove_count_le_2","Remove count <=2","ASV","1e216575eb4926e560e35d9817b49f48","Type 3",9,0.00106264655667094,1
"remove_count_le_2","Remove count <=2","ASV","5fc221d85bad4b52cb2c8f848f78200f","Type 3",8,0.000944574717040836,1
"remove_count_le_2","Remove count <=2","ASV","5798c3ce95dd924b01da7e7bb88de5c4","Type 4",26,0.00306986783038272,1
"remove_count_le_2","Remove count <=2","ASV","48a6357a325aff1f554259eb32174362","Type 2",11,0.00129879023593115,1
"remove_count_le_2","Remove count <=2","ASV","a47b8216f72af411c683bfe0846aa555","Type 2",29,0.00342408334927303,1
"remove_count_le_2","Remove count <=2","ASV","4ed1aaefaefe8f38b7f6a4c1fd82d1ba","Type 3",19,0.00224336495297199,1
"remove_count_le_2","Remove count <=2","ASV","31f58e24b1887b84bae983cb91ec62f0","Type 1",14,0.00165300575482146,1
"remove_count_le_2","Remove count <=2","ASV","b733b3851a774a99efd0dd4c1d92054c","Type 4",27,0.00318793967001282,1
"remove_count_le_2","Remove count <=2","ASV","302bf7a5ed63144059d0db8f906a743f","Type 3",27,0.00318793967001282,1
"remove_count_le_2","Remove count <=2","ASV","00517aa95de700c3f4ba437927f91b67","Type 5",4,0.000472287358520418,1
"remove_count_le_2","Remove count <=2","ASV","8ada8a5b8f21a7dc546f16c295fd64f4","Type 1",27,0.00318793967001282,1
"remove_count_le_2","Remove count <=2","ASV","94c7ec8370890fe34121a543865065b2","Type 1",26,0.00306986783038272,1
"remove_count_le_2","Remove count <=2","ASV","e9a5c982ac193caeef238cb8f19f17ed","Type 2",18,0.00212529311334188,1
"remove_count_le_2","Remove count <=2","ASV","0d2e525a8a95346e442ef5d0211cf2fb","Type 2",8,0.000944574717040836,1
"remove_count_le_2","Remove count <=2","ASV","e563960345dadf433f5917fc5c4d7468","Type 1",21,0.0024795086322322,1
"remove_count_le_2","Remove count <=2","ASV","56fea6c1941d9474e57c9876ed0a066b","Type 5",7,0.000826502877410732,1
"remove_count_le_2","Remove count <=2","ASV","be765e929e8c9e7845dc8abd26cbda3e","Type 2",22,0.0025975804718623,1
"remove_count_le_2","Remove count <=2","ASV","5618bfb6e050dba2c43d0f395fb3f460","Type 2",91,0.0107445374063395,1
"remove_count_le_2","Remove count <=2","ASV","b66b3e7d5986ed8721f7bd4f6538105c","Type 5",13,0.00153493391519136,1
"remove_count_le_2","Remove count <=2","ASV","62e5c906ad9715bb8f950546d1dc51ae","Type 2",5,0.000590359198150523,1
"remove_count_le_2","Remove count <=2","ASV","bc4840149ea95a9dda84b36dea2bd7e1","Type 5",8,0.000944574717040836,1
"remove_count_le_2","Remove count <=2","ASV","2b25b87a1770631f88b5af0331e8a4f9","Type 1",5,0.000590359198150523,1
"remove_count_le_2","Remove count <=2","ASV","7fe8ffcd13c28d9c2d3a19a8c0a3f278","Type 2",80,0.00944574717040836,1
"remove_count_le_2","Remove count <=2","ASV","eebcd0d2ff780ea666da3bcde1a4efcd","Type 3",7,0.000826502877410732,1
"remove_count_le_2","Remove count <=2","ASV","d7208e0c7d049f549d0efd21aa3db055","Type 3",12,0.00141686207556125,1
"remove_count_le_2","Remove count <=2","ASV","c1d09c6dc27be51625c78d4c2e112af6","Type 1",39,0.00460480174557408,1
"remove_count_le_2","Remove count <=2","ASV","b4ba143526e0fa11c5a583122941a32a","Type 1",14,0.00165300575482146,1
"remove_count_le_2","Remove count <=2","ASV","bf8d8ea01aed4df108bbe47abdfce0b8","Type 2",23,0.0027156523114924,1
"remove_count_le_2","Remove count <=2","ASV","a903e90a0e27f596809dce31639a5cde","Type 3",16,0.00188914943408167,1
"remove_count_le_2","Remove count <=2","ASV","6df48c8a82fc59cef263a60322dfd5ed","Type 1",11,0.00129879023593115,1
"remove_count_le_2","Remove count <=2","ASV","38503c18a7280248bdf5ae9fc87bb0bf","Type 5",13,0.00153493391519136,1
"remove_count_le_2","Remove count <=2","ASV","3900788b7b84bd7fa2032124971a2365","Type 2",125,0.0147589799537631,1
"remove_count_le_2","Remove count <=2","ASV","0d7f3b8104652d6c4142f8bf5be5a1b3","Type 4",57,0.00673009485891596,1
"remove_count_le_2","Remove count <=2","ASV","187a90e1cd9dbe06946570ea904a10af","Type 3",23,0.0027156523114924,1
"remove_count_le_2","Remove count <=2","ASV","2eb110a5c2d77785c1a83c456a6b293f","Type 3",17,0.00200722127371178,1
"remove_count_le_2","Remove count <=2","ASV","10f0c27ef0406b085cb21cc3b5d5a072","Type 5",13,0.00153493391519136,1
"remove_count_le_2","Remove count <=2","ASV","020a8a0635b569b6cc23caeb158c7d76","Type 4",31,0.00366022702853324,1
"remove_count_le_2","Remove count <=2","ASV","bf02f0971786b11fc196cfa5d7ea64f2","Type 2",96,0.01133489660449,1
"remove_count_le_2","Remove count <=2","ASV","df6cada9f6db0bcb5d29ce046701b42c","Type 1",17,0.00200722127371178,1
"remove_count_le_2","Remove count <=2","ASV","fd446e99694b50303ff580b0ad551915","Type 5",11,0.00129879023593115,1
"remove_count_le_2","Remove count <=2","ASV","9289336fcab7014e9a8de2f6c4bd8da7","Type 4",5,0.000590359198150523,1
"remove_count_le_2","Remove count <=2","ASV","8b785aa3309abaf00340534771e6cdb6","Type 5",18,0.00212529311334188,1
"remove_count_le_2","Remove count <=2","ASV","1cc0a353b682bc024884178612bcfa61","Type 3",4,0.000472287358520418,1
"remove_count_le_2","Remove count <=2","ASV","a8f1f675dc40132c56446417a5bbe00e","Type 4",11,0.00129879023593115,1
"remove_count_le_2","Remove count <=2","ASV","fc1273e8f972f9d78c2ea945f2622790","Type 4",33,0.00389637070779345,1
"remove_count_le_2","Remove count <=2","ASV","be839ee45d3e88dcc6313eaffe650de0","Type 5",72,0.00850117245336753,1
"remove_count_le_2","Remove count <=2","ASV","0dd85b618dc30ae6611a03503ba66b1b","Type 3",35,0.00413251438705366,1
"remove_count_le_2","Remove count <=2","ASV","948599c8068fa6ec2aaee5c1b78485ae","Type 1",20,0.00236143679260209,1
"remove_count_le_2","Remove count <=2","ASV","5d8997aa5bcaddfdd0e0e3e3977ec87e","Type 2",5,0.000590359198150523,1
"remove_count_le_2","Remove count <=2","ASV","5414b3db0779eedac69c48841f50f261","Type 5",96,0.01133489660449,1
"remove_count_le_2","Remove count <=2","ASV","b08756a44ede85aa4d6f7f3c913e76ce","Type 4",11,0.00129879023593115,1
"remove_count_le_2","Remove count <=2","ASV","5ca8ce8173ac6e336ff0fc63c430cec1","Type 4",20,0.00236143679260209,1
"remove_count_le_2","Remove count <=2","ASV","f9743a6c833cce380ae8e7e83190ebc1","Type 3",20,0.00236143679260209,1
"remove_count_le_2","Remove count <=2","ASV","e3cf1bbfceb034df2365bbe39e9b323a","Type 3",20,0.00236143679260209,1
"remove_count_le_2","Remove count <=2","ASV","c9ee99652ecaf389d4b3063cf6b8b48b","Type 5",6,0.000708431037780627,1
"remove_count_le_2","Remove count <=2","ASV","bb94ef603832a0c10583ed335c88c3b5","Type 5",6,0.000708431037780627,1
"remove_count_le_2","Remove count <=2","ASV","539869c80f1953ffa410a09326827371","Type 5",900,0.106264655667094,1
"remove_count_le_2","Remove count <=2","ASV","b7da7f8eeca4712a739c4e8a6bdfa5c1","Type 5",51,0.00602166382113533,1
"remove_count_le_2","Remove count <=2","ASV","1d2b8d1af41f8d7257bf8116e16a2021","Type 2",16,0.00188914943408167,1
"remove_count_le_2","Remove count <=2","ASV","935e07dc946259f9d2b56cfa2bd06423","Type 5",9,0.00106264655667094,1
"remove_count_le_2","Remove count <=2","ASV","9dbd6155585814a9d251b8b0185e12fc","Type 5",93,0.0109806810855997,1
"remove_count_le_2","Remove count <=2","ASV","4402525cd64982c967d2e6580b8e6df2","Type 2",24,0.00283372415112251,1
"remove_count_le_2","Remove count <=2","ASV","4fb252ecf3ef16aae851798c3d5c3171","Type 5",22,0.0025975804718623,1
"remove_count_le_2","Remove count <=2","ASV","45433de5522d46f06f1fe6787f0d4d4a","Type 5",8,0.000944574717040836,1
"remove_count_le_2","Remove count <=2","ASV","e892f48906516e0d82ccee04f62fdf4d","Type 1",3,0.000354215518890314,1
"remove_count_le_2","Remove count <=2","ASV","dc6fb269f7a88149b5926c1b7e56b458","Type 5",15,0.00177107759445157,1
"remove_count_le_2","Remove count <=2","ASV","417eff005643739dced1b953daaef36a","Type 4",11,0.00129879023593115,1
"remove_count_le_2","Remove count <=2","ASV","6c21129697cf5ff63c00f1015369f55a","Type 1",32,0.00377829886816335,1
"remove_count_le_2","Remove count <=2","ASV","51fdf8e8b47aab185af98c58f8c47316","Type 3",33,0.00389637070779345,1
"remove_count_le_2","Remove count <=2","ASV","78687aa4bee3344c547b97df8ca2d00f","Type 5",20,0.00236143679260209,1
"remove_count_le_2","Remove count <=2","ASV","87a6bbed6ceb02ec381f45db5ed37984","Type 2",27,0.00318793967001282,1
"remove_count_le_2","Remove count <=2","ASV","75867d7a16d9647ce25057cc21524cd3","Type 5",103,0.0121613994819008,1
"remove_count_le_2","Remove count <=2","ASV","b47e0dfb9983366b0ec2b9f75de6ec4c","Type 4",13,0.00153493391519136,1
"remove_count_le_2","Remove count <=2","ASV","2cce0f7944a0c4c2ba4a9a42f773cf7a","Type 4",51,0.00602166382113533,1
"remove_count_le_2","Remove count <=2","ASV","9daf263a5d7432597582d813c95b17ec","Type 1",6,0.000708431037780627,1
"remove_count_le_2","Remove count <=2","ASV","1c5d6c2c9b4a7166c7cb496fca023c12","Type 1",12,0.00141686207556125,1
"remove_count_le_2","Remove count <=2","ASV","82163021706823633bac88eb5b5206ff","Type 4",9,0.00106264655667094,1
"remove_count_le_2","Remove count <=2","ASV","92347014e872acd514c01ea7c56ce729","Type 5",6,0.000708431037780627,1
"remove_count_le_2","Remove count <=2","ASV","dabc056db5cf680af3e3d098fd799e52","Type 4",15,0.00177107759445157,1
"remove_count_le_2","Remove count <=2","ASV","1af53834b3c891d18d96f7c96b1cd602","Type 4",10,0.00118071839630105,1
"remove_count_le_2","Remove count <=2","ASV","56af2b73e9c0109ec8c0cf2dc20f88ae","Type 2",3,0.000354215518890314,1
"remove_count_le_2","Remove count <=2","ASV","b7efbc42c9ff68fc2a12b5046976cfe6","Type 4",49,0.00578552014187512,1
"remove_count_le_2","Remove count <=2","ASV","e8f164ebbf18e0a918f35016783880e0","Type 1",13,0.00153493391519136,1
"remove_count_le_2","Remove count <=2","ASV","805df43deeabd7ff5fca548c90dd715f","Type 4",13,0.00153493391519136,1
"remove_count_le_2","Remove count <=2","ASV","719f736c916092f6d392c5a46e1091ea","Type 5",70,0.00826502877410732,1
"remove_count_le_2","Remove count <=2","ASV","e08d4237c94e6a9eecf3cd2f12b50362","Type 5",65,0.0076746695759568,1
"remove_count_le_2","Remove count <=2","ASV","b072272267230396c009815c123cb89c","Type 3",17,0.00200722127371178,1
"remove_count_le_2","Remove count <=2","ASV","db8f3b36bcda0d5ec49f794537a71a5c","Type 2",18,0.00212529311334188,1
"remove_count_le_2","Remove count <=2","ASV","cf3736bcdd43405975b099beb4735167","Type 2",8,0.000944574717040836,1
"remove_count_le_2","Remove count <=2","ASV","b90d5c735e4f9bea8175e5eabfd3caab","Type 2",20,0.00236143679260209,1
"remove_count_le_2","Remove count <=2","ASV","4335b413ca00991080607b81f22a332f","Type 4",9,0.00106264655667094,1
"remove_count_le_2","Remove count <=2","ASV","20f150dfe46c537edc5310399040afb8","Type 4",16,0.00188914943408167,1
"remove_count_le_2","Remove count <=2","ASV","0adf67a3e396926259316a14f66e7ca1","Type 3",21,0.0024795086322322,1
"remove_count_le_2","Remove count <=2","ASV","8030ddc086f5359a9bd1686b4cfa4839","Type 2",26,0.00306986783038272,1
"remove_count_le_2","Remove count <=2","ASV","abf116271a6c3009b04616999b80c2a2","Type 4",9,0.00106264655667094,1
"remove_count_le_2","Remove count <=2","ASV","d72cb1e3c102b23e31315a86d2814b30","Type 5",7,0.000826502877410732,1
"remove_count_le_2","Remove count <=2","ASV","bd3541f017489d1e1e2abf7d30173f58","Type 3",7,0.000826502877410732,1
"remove_count_le_2","Remove count <=2","ASV","d31a407f8ea48b0ffb218c273e96aca7","Type 1",24,0.00283372415112251,1
"remove_count_le_2","Remove count <=2","ASV","6ff62b2f9b3b37ddac65890858affc59","Type 2",17,0.00200722127371178,1
"remove_count_le_2","Remove count <=2","ASV","3e50658e9b489006be4573114ca22b59","Type 4",14,0.00165300575482146,1
"remove_count_le_2","Remove count <=2","ASV","f7ac7981e245102dab0a2c637e678bdc","Type 4",8,0.000944574717040836,1
"remove_count_le_2","Remove count <=2","ASV","54581694fce0637591ea45b0eff658f0","Type 5",4,0.000472287358520418,1
"remove_count_le_2","Remove count <=2","ASV","a1ce7dfb58f79aae626a833e08cec34e","Type 4",5,0.000590359198150523,1
"remove_count_le_2","Remove count <=2","ASV","3e40912777b69502473bead5d31f868e","Type 4",30,0.00354215518890314,1
"remove_count_le_2","Remove count <=2","ASV","f858d88439d9e4c6c051ba75054211df","Type 4",130,0.0153493391519136,1
"remove_count_le_2","Remove count <=2","ASV","e2d0a4f1129bec2ba3a8508177be7d67","Type 1",46,0.00543130462298481,1
"remove_count_le_2","Remove count <=2","ASV","9260b142986548518cddb6e2a48fe424","Type 4",11,0.00129879023593115,1
"remove_count_le_2","Remove count <=2","ASV","09c7deab9ed1cd0e31f151b14eef8642","Type 3",113,0.0133421178782018,1
"remove_count_le_2","Remove count <=2","ASV","8fc07f2b160eb939ef6e5515e2cc84e5","Type 4",6,0.000708431037780627,1
"remove_count_le_2","Remove count <=2","ASV","ad405d59ee0f79d0ee5e6f0fbd0c1b31","Type 3",6,0.000708431037780627,1
"remove_count_le_2","Remove count <=2","ASV","a20eaf9c049be7bb8d61ac35403a3f9b","Type 5",35,0.00413251438705366,1
"remove_count_le_2","Remove count <=2","ASV","78d7bb90ead26fa02bdffb25f2541e57","Type 4",14,0.00165300575482146,1
"remove_count_le_2","Remove count <=2","ASV","1f5bf9c38e421dd69aca79a714646874","Type 1",6,0.000708431037780627,1
"remove_count_le_2","Remove count <=2","ASV","e05c20956cd13f21cb6ab1b281b551c5","Type 5",67,0.007910813255217,1
"remove_count_le_2","Remove count <=2","ASV","0744c822daa560b81f10253cc08b19b2","Type 4",16,0.00188914943408167,1
"remove_count_le_2","Remove count <=2","ASV","adcae3f5a43e4dca840c01d62e6416a5","Type 2",47,0.00554937646261491,1
"remove_count_le_2","Remove count <=2","ASV","e9725fc74685ef05a1ba39435294042c","Type 2",16,0.00188914943408167,1
"remove_count_le_2","Remove count <=2","ASV","cea0a6f8b58238977831021560f03baf","Type 2",30,0.00354215518890314,1
"remove_count_le_2","Remove count <=2","ASV","faa040c810a1991fde363c213d493da8","Type 5",48,0.00566744830224502,1
"remove_count_le_2","Remove count <=2","ASV","535a343e6d1a2613487b8be887eafa91","Type 4",25,0.00295179599075261,1
"remove_count_le_2","Remove count <=2","ASV","3ae3506da5e58225245676cc245d0300","Type 3",14,0.00165300575482146,1
"remove_count_le_2","Remove count <=2","ASV","9366c1f1fa59361f62f702f094ae0c21","Type 1",31,0.00366022702853324,1
"remove_count_le_2","Remove count <=2","ASV","2b3b798b5635941bb0cb310e0892ccce","Type 4",57,0.00673009485891596,1
"remove_count_le_2","Remove count <=2","ASV","35d4cbfddf6c9639a996a7877cd4f0f2","Type 4",55,0.00649395117965575,1
"remove_count_le_2","Remove count <=2","ASV","32167f781e8fefa652b6cc4ebcb481c1","Type 2",23,0.0027156523114924,1
"remove_count_le_2","Remove count <=2","ASV","c7089bd4161401741f025290ba11378c","Type 2",30,0.00354215518890314,1
"remove_count_le_2","Remove count <=2","ASV","7242943cc0985a97e0b15b71a0cb950c","Type 5",14,0.00165300575482146,1
"remove_count_le_2","Remove count <=2","ASV","cb87c4f867a6bf086284e61be0ec2f63","Type 1",300,0.0354215518890314,1
"remove_count_le_2","Remove count <=2","ASV","091871133f6759b698437cfa0b72adf3","Type 3",22,0.0025975804718623,1
"remove_count_le_2","Remove count <=2","ASV","5a69c24d65989db7832ef51a91cdc5c8","Type 3",5,0.000590359198150523,1
"remove_count_le_2","Remove count <=2","ASV","708fee58e8a7acab50750c129c423e88","Type 1",4,0.000472287358520418,1
"remove_count_le_2","Remove count <=2","ASV","0ffa38dcc1e581e2c5a1b6a261ea056d","Type 1",4,0.000472287358520418,1
"remove_count_le_2","Remove count <=2","ASV","74486d7dbfbb993360030db0f597b479","Type 5",23,0.0027156523114924,1
"remove_count_le_2","Remove count <=2","ASV","ec7469c79534d7b5c5eec4753c7c6929","Type 1",12,0.00141686207556125,1
"remove_count_le_2","Remove count <=2","ASV","b6de3c1190ba6d474d00cd0e66ff4770","Type 3",7,0.000826502877410732,1
"remove_count_le_2","Remove count <=2","ASV","7f35074fbbf189f80f1f74c6f95367df","Type 1",6,0.000708431037780627,1
"remove_count_le_2","Remove count <=2","ASV","49bd242006920acb2126ab0ceac5df84","Type 2",14,0.00165300575482146,1
"remove_count_le_2","Remove count <=2","ASV","959c0e4929c91e8c8b6172b5ffc0970f","Type 4",22,0.0025975804718623,1
"remove_count_le_2","Remove count <=2","ASV","20d107dde9ca302ebbdbd52154dac2a8","Type 5",18,0.00212529311334188,1
"remove_count_le_2","Remove count <=2","ASV","a92b3929c9b3f884c38dcc1c67c45279","Type 4",26,0.00306986783038272,1
"remove_count_le_2","Remove count <=2","ASV","7e7e11e24680c5b7e947d49c9d044d0e","Type 4",54,0.00637587934002564,1
"remove_count_le_2","Remove count <=2","ASV","1e143504935212a1de58af7db86e9075","Type 4",3,0.000354215518890314,1
"remove_count_le_2","Remove count <=2","ASV","d826288a4c89ac4ed869f9fad6f6158b","Type 3",13,0.00153493391519136,1
"remove_count_le_2","Remove count <=2","ASV","f3984c845c4d39ed3470255184a815b5","Type 1",76,0.00897345981188795,1
"remove_count_le_2","Remove count <=2","ASV","f31ffb82c5a12486d6b4b90f352659f1","Type 2",10,0.00118071839630105,1
"remove_count_le_2","Remove count <=2","ASV","a3ae5f3ed32910263c54e6445a741c30","Type 3",34,0.00401444254742355,1
"remove_count_le_2","Remove count <=2","ASV","2c425f37607995524371352bb8ba8f17","Type 3",23,0.0027156523114924,1
"remove_count_le_2","Remove count <=2","ASV","6491d40531f324071bd90f65bbf0a4f5","Type 1",20,0.00236143679260209,1
"remove_count_le_2","Remove count <=2","ASV","e93f71384da01343c3b6eaf029f0ee41","Type 2",47,0.00554937646261491,1
"remove_count_le_2","Remove count <=2","ASV","97279ec030db98f66998a40c8d6b44a0","Type 2",17,0.00200722127371178,1
"remove_count_le_2","Remove count <=2","ASV","6d6ea94f2c732bf7767af01e1308cb38","Type 2",4,0.000472287358520418,1
"remove_count_le_2","Remove count <=2","ASV","847a1ea3551399927eddf0e2c5f9523b","Type 4",27,0.00318793967001282,1
"remove_count_le_2","Remove count <=2","ASV","1f13e5b10f4b0890e04fc67a720372c6","Type 5",6,0.000708431037780627,1
"remove_count_le_2","Remove count <=2","ASV","f2d5594d42b10cf823709df714b605ad","Type 2",26,0.00306986783038272,1
"remove_count_le_2","Remove count <=2","ASV","f46b250f940b7496642783a9e8307994","Type 2",20,0.00236143679260209,1
"remove_count_le_2","Remove count <=2","ASV","51dbd3d93881ce8448e4f5adc5289eb3","Type 5",31,0.00366022702853324,1
"remove_count_le_2","Remove count <=2","ASV","0ea650bc01b369df5467645d66293370","Type 4",30,0.00354215518890314,1
"remove_count_le_2","Remove count <=2","ASV","03ac4be8840dedf24d600004348bf7ca","Type 1",17,0.00200722127371178,1
"remove_count_le_2","Remove count <=2","ASV","ea1f67ebb6bdc861007272edf50c5fe0","Type 1",26,0.00306986783038272,1
"remove_count_le_2","Remove count <=2","ASV","e2d8dd9ebb898c22f8d0d74572b11034","Type 2",13,0.00153493391519136,1
"remove_count_le_2","Remove count <=2","ASV","be98dab1e400c5a0b31efa465aee505d","Type 1",5,0.000590359198150523,1
"remove_count_le_2","Remove count <=2","ASV","f47c2f8d048b14cf81d7a3fcaf21f300","Type 4",46,0.00543130462298481,1
"remove_count_le_2","Remove count <=2","ASV","89080b3c5ba6bf78d58df159a692470f","Type 4",10,0.00118071839630105,1
"remove_count_le_2","Remove count <=2","ASV","3295cde5ceda11c4ec2e859c72bbcda1","Type 2",6,0.000708431037780627,1
"remove_count_le_2","Remove count <=2","ASV","6859a8d53d59d2aa7193210fc46505c7","Type 2",4,0.000472287358520418,1
"remove_count_le_2","Remove count <=2","ASV","82e0cb6098de4a07a7eea6e50f27ef1f","Type 5",10,0.00118071839630105,1
"remove_count_le_2","Remove count <=2","ASV","84739218645d09374bcecea50306c590","Type 5",333,0.0393179225968248,1
"remove_count_le_2","Remove count <=2","ASV","9fb6d9c0f4d1a95500c8790bcbacfb2c","Type 1",9,0.00106264655667094,1
"remove_count_le_2","Remove count <=2","ASV","75cc2f81358ae3535dabf08bd863b930","Type 3",14,0.00165300575482146,1
"remove_count_le_2","Remove count <=2","ASV","d292922206673e50c24b34363f8827a7","Type 5",20,0.00236143679260209,1
"remove_count_le_2","Remove count <=2","ASV","491b45eedb1019a950560a7794082c76","Type 5",30,0.00354215518890314,1
"remove_count_le_2","Remove count <=2","ASV","a6b93f88aab1c7a0eedd4f3f020ad9bc","Type 5",8,0.000944574717040836,1
"remove_count_le_2","Remove count <=2","ASV","aaae5c8942a79fc41dc341c9903b04cf","Type 4",18,0.00212529311334188,1
"remove_count_le_2","Remove count <=2","ASV","f07604a27a11dd42a2ff89eec91350ed","Type 4",40,0.00472287358520418,1
"remove_count_le_2","Remove count <=2","ASV","e27295c54d0c6153155d209342831b58","Type 5",31,0.00366022702853324,1
"remove_count_le_2","Remove count <=2","ASV","16983e5c822f6bf6eac99c4541bfa982","Type 2",19,0.00224336495297199,1
"remove_count_le_2","Remove count <=2","ASV","11cdaecfb23fe5eae59870556db2372d","Type 2",9,0.00106264655667094,1
"remove_count_le_2","Remove count <=2","ASV","8e739521c1e024378dc253b59456f668","Type 3",39,0.00460480174557408,1
"remove_count_le_2","Remove count <=2","ASV","c25c933a077c8f1489487077ae49d897","Type 3",1143,0.13495611269721,1
"remove_count_le_2","Remove count <=2","ASV","e9103692f4d9d61faf5cdd01f302727f","Type 3",392,0.046284161135001,1
"remove_count_le_2","Remove count <=2","ASV","bdc66ad1626658f3c46bb95b3b3ad6fa","Type 3",194,0.0229059368882403,1
"remove_count_le_2","Remove count <=2","ASV","5ef41547298fd3cb4f9668307b4459a5","Type 3",39,0.00460480174557408,1
"remove_count_le_2","Remove count <=2","ASV","41c857dad328fd9c4bcc06471369aaf6","Type 3",13,0.00153493391519136,1
"remove_count_le_2","Remove count <=2","ASV","6c84b28399d78e62fc69c48b030d0e7b","Type 3",3,0.000354215518890314,1
"remove_count_le_2","Remove count <=2","ASV","08321f8653dd594963ea37734a659629","Type 4",15,0.00177107759445157,1
"remove_count_le_2","Remove count <=2","ASV","8b68c969cc3062defea62a2c38336714","Type 3",24,0.00283372415112251,1
"remove_count_le_2","Remove count <=2","ASV","84f932f291b157ef5aaf93a5ea82ebb2","Type 4",28,0.00330601150964293,1
"remove_count_le_2","Remove count <=2","ASV","9ccd7d666382101cff3486dcfbe61a98","Type 5",11,0.00129879023593115,1
"remove_count_le_2","Remove count <=2","ASV","9c354fbd197a974b0f9700425c161a91","Type 1",450,0.053132327833547,1
"remove_count_le_2","Remove count <=2","ASV","aa57923408765fc46bc15cbeaa7491a6","Type 1",1041,0.122912785054939,1
"remove_count_le_2","Remove count <=2","ASV","abdb10ef959af94d4fc7574d556e3633","Type 4",50,0.00590359198150523,1
"remove_count_le_2","Remove count <=2","ASV","6537d1859060158a23dcdbc64c76922e","Type 4",5,0.000590359198150523,1
"remove_count_le_2","Remove count <=2","ASV","49bf16e6c356ce0fafd1a644e47ce762","Type 5",31,0.00366022702853324,1
"remove_count_le_2","Remove count <=2","ASV","76c7175da051546f4e9a9e16b80491d0","Type 3",12,0.00141686207556125,1
"remove_count_le_2","Remove count <=2","ASV","b19d62335a9c13a59403d9d288ebc34c","Type 1",6,0.000708431037780627,1
"remove_count_le_2","Remove count <=2","ASV","503dba32073ba6a69c867b7ee613a246","Type 5",106,0.0125156150007911,1
"remove_count_le_2","Remove count <=2","ASV","026a3a0dafa92325e18315a4e4b24397","Type 4",36,0.00425058622668376,1
"remove_count_le_2","Remove count <=2","ASV","d56451c0d7590e629d00923607967d28","Type 5",4,0.000472287358520418,1
"remove_count_le_2","Remove count <=2","ASV","0a3f70cfd4b3128f631493c1237c0a67","Type 3",22,0.0025975804718623,1
"remove_count_le_2","Remove count <=2","ASV","139c947668f8f3cacd1f8da52ce27c49","Type 1",7,0.000826502877410732,1
"remove_count_le_2","Remove count <=2","ASV","000e46c287a00bb452eb62426b163ac3","Type 3",89,0.0105083937270793,1
"remove_count_le_2","Remove count <=2","ASV","79ee9a7d5e918fa191f69a645a5837c7","Type 5",20,0.00236143679260209,1
"remove_count_le_2","Remove count <=2","ASV","fe80a71a587cd704427de3d3c840e206","Type 3",22,0.0025975804718623,1
"remove_count_le_2","Remove count <=2","ASV","bdfb3f6014357e36d2e3e62674bed999","Type 1",180,0.0212529311334188,1
"remove_count_le_2","Remove count <=2","ASV","abd0febc117d23cd49b9d4ef431153bc","Type 5",62,0.00732045405706648,1
"remove_count_le_2","Remove count <=2","ASV","bd44746f20b88918f977fb45831b0979","Type 5",40,0.00472287358520418,1
"remove_count_le_2","Remove count <=2","ASV","bc9fce29d86dd59b106f60bd7b227020","Type 1",8,0.000944574717040836,1
"remove_count_le_2","Remove count <=2","ASV","670ff01449495039c6e52f5f0fe307b1","Type 1",24,0.00283372415112251,1
"remove_count_le_2","Remove count <=2","ASV","74379e099bf1c7e9f15ba2044c26bfad","Type 3",3,0.000354215518890314,1
"remove_count_le_2","Remove count <=2","ASV","1ebdd24efe5f1bdfc157a85babd1e2aa","Type 2",11,0.00129879023593115,1
"remove_count_le_2","Remove count <=2","ASV","4bde5c57e152f7c5e2fdee6a2dfd5b06","Type 1",8,0.000944574717040836,1
"remove_count_le_2","Remove count <=2","ASV","ab13428f69e593a15a0a574466bb2ca4","Type 1",15,0.00177107759445157,1
"remove_count_le_2","Remove count <=2","ASV","40b48ec694b884aa93cc33fbfb00d625","Type 4",18,0.00212529311334188,1
"remove_count_le_2","Remove count <=2","ASV","93aa2400cce135d0997ee20005ac85c4","Type 2",5,0.000590359198150523,1
"remove_count_le_2","Remove count <=2","ASV","67ea33e6e92c2b3175cf2c5bd905476b","Type 4",67,0.007910813255217,2
"remove_count_le_2","Remove count <=2","ASV","9bafba648bb0930181f957e5ba40de0a","Type 1",15,0.00177107759445157,1
"remove_count_le_2","Remove count <=2","ASV","66b7507662a94e6fba998da71404a5b8","Type 2",14,0.00165300575482146,1
"remove_count_le_2","Remove count <=2","ASV","64c6c9854a1938f12b659f40a0f6a954","Type 3",5,0.000590359198150523,1
"remove_count_le_2","Remove count <=2","ASV","39081e105396492463a050e6cd2a16e6","Type 3",3,0.000354215518890314,1
"remove_count_le_2","Remove count <=2","ASV","4190cb19d7dcaa1b900c5916f5c97130","Type 3",26,0.00306986783038272,1
"remove_count_le_2","Remove count <=2","ASV","f705e4d165dec3c5ba3e66524c38bd97","Type 4",5,0.000590359198150523,1
"remove_count_le_2","Remove count <=2","ASV","342ce74435d2330505ee013a1e0cfe40","Type 2",7,0.000826502877410732,1
"remove_count_le_2","Remove count <=2","ASV","58eb82260a9cf04183552f4c539e2fac","Type 2",29,0.00342408334927303,1
"remove_count_le_2","Remove count <=2","ASV","182f08a5f8b3df2f908bf09e19f52fd3","Type 4",6,0.000708431037780627,1
"remove_count_le_2","Remove count <=2","ASV","b49c1c742ff9a26c0ce116574c094ea7","Type 2",6,0.000708431037780627,1
"remove_count_le_2","Remove count <=2","ASV","a7382b45b4ef915003f6e6983632974f","Type 4",9,0.00106264655667094,1
"remove_count_le_2","Remove count <=2","ASV","c2daa0b5c2a7317f56dfaa76be32ed31","Type 4",4,0.000472287358520418,1
"remove_count_le_2","Remove count <=2","ASV","eca7f723fb8b7b170b6f546b650537f7","Type 2",7,0.000826502877410732,1
"remove_count_le_2","Remove count <=2","ASV","192b5f46669331a33a4e69968f0347fe","Type 3",10,0.00118071839630105,1
"remove_count_le_2","Remove count <=2","ASV","05d37805b3730a3c9ac6b618b86a83a9","Type 1",5,0.000590359198150523,1
"remove_count_le_2","Remove count <=2","ASV","e2d4f45d3899f6f32d4766e47a9fa6bc","Type 4",3,0.000354215518890314,1
"remove_count_le_2","Remove count <=2","ASV","0853eac5c72d1cc6dda46ba0adc6702d","Type 2",3,0.000354215518890314,1
"remove_count_le_2","Remove count <=2","ASV","4867aa6bdd47923accdfd2879b0264b0","Type 2",18,0.00212529311334188,1
"remove_count_le_2","Remove count <=2","ASV","f5f21d2e22ad9f2596f71e4ff8ff221f","Type 1",13,0.00153493391519136,1
"remove_count_le_2","Remove count <=2","ASV","4578c81fea983e84f02acc8211922cf8","Type 1",7,0.000826502877410732,1
"remove_count_le_2","Remove count <=2","ASV","1a5d61cad42594043813504f07efa89b","Type 4",17,0.00200722127371178,1
"remove_count_le_2","Remove count <=2","ASV","2421c9984878354728785f734e831028","Type 2",10,0.00118071839630105,1
"remove_count_le_2","Remove count <=2","ASV","4950417cc10ada1b2513b508df59b1b7","Type 2",12,0.00141686207556125,1
"remove_count_le_2","Remove count <=2","ASV","b04b180fd74953401dc4f4f1e98497f2","Type 1",8,0.000944574717040836,1
"remove_count_le_2","Remove count <=2","ASV","6899a05aba1c79bb03f4b1df326b5884","Type 5",30,0.00354215518890314,1
"remove_count_le_2","Remove count <=2","ASV","b124769ff447213394e6b4c63b75643e","Type 2",6,0.000708431037780627,1
"remove_count_le_2","Remove count <=2","ASV","e0997687f441eb085c74026b3511c538","Type 5",4,0.000472287358520418,1
"remove_count_le_2","Remove count <=2","ASV","a235118c70582a793ff410702e286e4f","Type 3",9,0.00106264655667094,1
"remove_count_le_2","Remove count <=2","ASV","6da736775dbc119507f43d374d2141b7","Type 4",5,0.000590359198150523,1
"remove_count_le_2","Remove count <=2","ASV","1fe1d90a93ffe8b8c2b7b32be0e750ea","Type 2",16,0.00188914943408167,1
"remove_count_le_2","Remove count <=2","ASV","c42c55f29154e1d0bb607e59184c0bd9","Type 1",8,0.000944574717040836,1
"remove_count_le_2","Remove count <=2","ASV","b1633e72c2f662762747a3d0631568fa","Type 2",9,0.00106264655667094,1
"remove_count_le_2","Remove count <=2","ASV","171ce4c4e555daa02f9385c328fa0cc0","Type 4",10,0.00118071839630105,1
"remove_count_le_2","Remove count <=2","ASV","806198a51c28a0e3cbb56fd6251ea18e","Type 2",237,0.0279830259923348,1
"remove_count_le_2","Remove count <=2","ASV","30d17b384b5e354005c2cb37d6aaf069","Type 3",20,0.00236143679260209,1
"remove_count_le_2","Remove count <=2","ASV","4476b09b35077aaa3b41063d7674459c","Type 3",10,0.00118071839630105,1
"remove_count_le_2","Remove count <=2","ASV","abd916b960b81098025c1ca1755c6cc3","Type 3",5,0.000590359198150523,1
"remove_count_le_2","Remove count <=2","ASV","cc100181c853066f709adec38d43513f","Type 2",15,0.00177107759445157,1
"remove_count_le_2","Remove count <=2","ASV","b510eab43bc2ae3ce44ca3332afb6774","Type 5",40,0.00472287358520418,1
"remove_count_le_2","Remove count <=2","ASV","559106b3bbd8c2d297d6d5f711a844f3","Type 1",32,0.00377829886816335,1
"remove_count_le_2","Remove count <=2","ASV","52339211dcff0e2aad6ec943d7a6f42f","Type 2",3,0.000354215518890314,1
"remove_count_le_2","Remove count <=2","ASV","88d80123ff7536d4ae6a4e8fac6a8cbf","Type 1",4,0.000472287358520418,1
"remove_count_le_2","Remove count <=2","ASV","361e78ec8281b8b5778658feb2c35c73","Type 2",9,0.00106264655667094,1
"remove_count_le_2","Remove count <=2","ASV","a4bfcc56025d3266ec1c86c82e266e12","Type 2",13,0.00153493391519136,1
"remove_count_le_2","Remove count <=2","ASV","f93d5a2f3dd8a56a443bd171cd4baaa3","Type 4",6,0.000708431037780627,1
"remove_count_le_2","Remove count <=2","ASV","394b62243678d5f00cbfb8f1c4a6ee6d","Type 4",10,0.00118071839630105,1
"remove_count_le_2","Remove count <=2","ASV","27d89d9a727c3d0dc8eac7c9cee27753","Type 2",7,0.000826502877410732,1
"remove_count_le_2","Remove count <=2","ASV","f738f7392a415c4784cb337b46b5d6e7","Type 4",10,0.00118071839630105,1
"remove_count_le_2","Remove count <=2","ASV","2a3de43855767f6bbbfa179beae0cc3d","Type 4",15,0.00177107759445157,1
"remove_count_le_2","Remove count <=2","ASV","b5fa06fa3818be841d6dda8e2646337a","Type 5",9,0.00106264655667094,1
"remove_count_le_2","Remove count <=2","ASV","da903c8d827a0808b8325dd9585b5c08","Type 4",36,0.00425058622668376,2
"remove_count_le_2","Remove count <=2","ASV","8d8da6172e2c91f26a13e27dea7fcb95","Type 1",7,0.000826502877410732,1
"remove_count_le_2","Remove count <=2","ASV","1b11d7cc43f8639ae26a26f3469fb146","Type 4",4,0.000472287358520418,1
"remove_count_le_2","Remove count <=2","ASV","69bfb00d2a0c99b8f2daaf794398dc59","Type 3",5,0.000590359198150523,1
"remove_count_le_2","Remove count <=2","ASV","34a73770962c02eda009df864d6349fe","Type 2",6,0.000708431037780627,1
"remove_count_le_2","Remove count <=2","ASV","94d3ada8c73a636337fccb769efa8b28","Type 3",7,0.000826502877410732,1
"remove_count_le_2","Remove count <=2","ASV","a2e29f5d7001469edc6a394262a51f75","Type 3",38,0.00448672990594397,1
"remove_count_le_2","Remove count <=2","ASV","3dfd0c705bd5232574b4a80d24624ca0","Type 1",9,0.00106264655667094,1
"remove_count_le_2","Remove count <=2","ASV","5e28fbbd337c610b6bc1e4b000c0342f","Type 3",14,0.00165300575482146,1
"remove_count_le_2","Remove count <=2","ASV","e50d17ad0dc1144b6adebdcc150f3b51","Type 5",6,0.000708431037780627,1
"remove_count_le_2","Remove count <=2","ASV","4dfbc855197fc7dfd8ce844507289950","Type 1",3,0.000354215518890314,1
"remove_count_le_2","Remove count <=2","ASV","159fc3b4063577ebdb18df214074e23d","Type 2",5,0.000590359198150523,1
"remove_count_le_2","Remove count <=2","ASV","8fa0171ff9cdc7f7e3d869c458a4a73a","Type 2",10,0.00118071839630105,1
"remove_count_le_2","Remove count <=2","ASV","5194d3d73493e349a90f8f90bcb90879","Type 4",13,0.00153493391519136,1
"remove_count_le_2","Remove count <=2","ASV","dc00c946e2dfb293b7d4c811398e4777","Type 4",23,0.0027156523114924,1
"remove_count_le_2","Remove count <=2","ASV","5c36b8f6dcdc559b68089f02b2522b58","Type 2",3,0.000354215518890314,1
"remove_count_le_2","Remove count <=2","ASV","e88a286330aceb3edb1a2174a9df7a76","Type 2",5,0.000590359198150523,1
"remove_count_le_2","Remove count <=2","ASV","2e7f99bf312559b90fd98bacce5842bb","Type 3",5,0.000590359198150523,1
"remove_count_le_2","Remove count <=2","ASV","7f5b8b74181f33975882d209091026fe","Type 4",7,0.000826502877410732,1
"remove_count_le_2","Remove count <=2","ASV","2405876d8029ed6a0a56977efe809b10","Type 2",9,0.00106264655667094,1
"remove_count_le_2","Remove count <=2","ASV","ba31ef9f8a7bc0dfde7a5ea18b708b1b","Type 1",5,0.000590359198150523,1
"remove_count_le_2","Remove count <=2","ASV","c87dd6cb7414c19c293b06583c1a1fcf","Type 4",146,0.0172384885859953,2
"remove_count_le_2","Remove count <=2","ASV","d04eef70fe35854da85cc28a1e5841e7","Type 3",4,0.000472287358520418,1
"remove_count_le_2","Remove count <=2","ASV","d5aefd28a1cf55f766255eb8f137bb12","Type 1",5,0.000590359198150523,1
"remove_count_le_2","Remove count <=2","ASV","2f0e2baeebc3ec599da9affa4c3d4fa4","Type 4",6,0.000708431037780627,1
"remove_count_le_2","Remove count <=2","ASV","197708c5fa1f4f192f2e8ff6b62b7c56","Type 1",18,0.00212529311334188,1
"remove_count_le_2","Remove count <=2","ASV","a071ebd6c6a14e6b5e2ba76450b03426","Type 4",10,0.00118071839630105,1
"remove_count_le_2","Remove count <=2","ASV","8e924f645755507164e5f2c96faef2c7","Type 5",46,0.00543130462298481,1
"remove_count_le_2","Remove count <=2","ASV","2e604485d6fc45854513aafe2cf04de7","Type 1",14,0.00165300575482146,1
"remove_count_le_2","Remove count <=2","ASV","0dc806f76606ad108e0ad08c8beab95c","Type 3",9,0.00106264655667094,1
"remove_count_le_2","Remove count <=2","ASV","38bf850b309af2adf65528b91700e4e0","Type 1",10,0.00118071839630105,1
"remove_count_le_2","Remove count <=2","ASV","7f4dc360d64f42e122762c04a6711467","Type 4",35,0.00413251438705366,1
"remove_count_le_2","Remove count <=2","ASV","44cfe91f634ac6e94fda13eb917a8fa8","Type 3",7,0.000826502877410732,1
"remove_count_le_2","Remove count <=2","ASV","91f4d3bc4699112b7d614f6eaa8fc319","Type 4",10,0.00118071839630105,1
"remove_count_le_2","Remove count <=2","ASV","54a9e65e451cf74b38f68f5f9df57a90","Type 2",10,0.00118071839630105,1
"remove_count_le_2","Remove count <=2","ASV","a9480a90349bc089cd23be35e79ede4d","Type 1",4,0.000472287358520418,1
"remove_count_le_2","Remove count <=2","ASV","6619ef37ec6c8b9c228dece9742958e7","Type 3",5,0.000590359198150523,1
"remove_count_le_2","Remove count <=2","ASV","d715f64c7e64478d3ac7e282faa5b71a","Type 3",5,0.000590359198150523,1
"remove_count_le_2","Remove count <=2","ASV","d911e2b4ec6b2b8316a6b3f38ad7c4e1","Type 3",4,0.000472287358520418,1
"remove_count_le_2","Remove count <=2","ASV","9baa68fb1309a4162d6683ed8301bc83","Type 1",4,0.000472287358520418,1
"remove_count_le_2","Remove count <=2","ASV","dc882ed973b3d22fe5cea9e0ed3d6149","Type 2",6,0.000708431037780627,1
"remove_count_le_2","Remove count <=2","ASV","bf9bcaa5c4113026df93c63bfa952e2e","Type 1",8,0.000944574717040836,1
"remove_count_le_2","Remove count <=2","ASV","9ba7d7dbe0a97e4eae7f5fa4d7a37a92","Type 4",26,0.00306986783038272,1
"remove_count_le_2","Remove count <=2","ASV","0390e2d2331cc4447e292976cdda44c6","Type 3",5,0.000590359198150523,1
"remove_count_le_2","Remove count <=2","ASV","29426558992083b53aba3b5adfb62ebc","Type 2",11,0.00129879023593115,1
"remove_count_le_2","Remove count <=2","ASV","465f576335459b7e85eb4d884f3c21a6","Type 1",10,0.00118071839630105,1
"remove_count_le_2","Remove count <=2","ASV","6edd81961b737887dc6ee37dab7b0c78","Type 2",3,0.000354215518890314,1
"remove_count_le_2","Remove count <=2","ASV","fadf24138f6bd36ac33ba59dafc1be2b","Type 5",4,0.000472287358520418,1
"remove_count_le_2","Remove count <=2","ASV","ed198d2e3e59eb9b4f0cef8d45e05e98","Type 2",10,0.00118071839630105,1
"remove_count_le_2","Remove count <=2","ASV","6d578884c58364aaef611bbe7f47db98","Type 2",4,0.000472287358520418,1
"remove_count_le_2","Remove count <=2","ASV","38ce145ffdcca956e2be1b6f332f8afb","Type 4",17,0.00200722127371178,1
"remove_count_le_2","Remove count <=2","ASV","95b27d25da821a02c5c28e123bcf27ee","Type 4",6,0.000708431037780627,1
"remove_count_le_2","Remove count <=2","ASV","71ddab1f3aa488f911f2b333353e2f78","Type 3",8,0.000944574717040836,1
"remove_count_le_2","Remove count <=2","ASV","8513c3d7e955e463f8fb4b0e3f8ca6b0","Type 4",5,0.000590359198150523,1
"remove_count_le_2","Remove count <=2","ASV","6e84be0d93bffb85cad87ffe27fc41f9","Type 3",14,0.00165300575482146,1
"remove_count_le_2","Remove count <=2","ASV","524d029de09846e4fa256406afc349fb","Type 4",23,0.0027156523114924,1
"remove_count_le_2","Remove count <=2","ASV","80d12d55b69a7148a1c604c708497cf5","Type 3",12,0.00141686207556125,1
"remove_count_le_2","Remove count <=2","ASV","064808b3bdc66e68a5042f86de1c828b","Type 1",8,0.000944574717040836,1
"remove_count_le_2","Remove count <=2","ASV","b6490793b61729fade75800b9a5746ab","Type 1",6,0.000708431037780627,1
"remove_count_le_2","Remove count <=2","ASV","9b21b487cca15d9243173e6003fe5f67","Type 4",12,0.00141686207556125,1
"remove_count_le_2","Remove count <=2","ASV","f8e719549495b584e09aed57e8d9b853","Type 4",27,0.00318793967001282,1
"remove_count_le_2","Remove count <=2","ASV","db9c46272955268b239e5d89618d7ac1","Type 3",8,0.000944574717040836,1
"remove_count_le_2","Remove count <=2","ASV","aeecfb2e13eb0e176bff7d58e44422f9","Type 1",9,0.00106264655667094,1
"remove_count_le_2","Remove count <=2","ASV","259733dd148441d7853462e466b51c86","Type 2",6,0.000708431037780627,1
"remove_count_le_2","Remove count <=2","ASV","4e9ca07dcaec7e38e8c0689eb78540e3","Type 3",11,0.00129879023593115,1
"remove_count_le_2","Remove count <=2","ASV","21967f8f24338037507b06be0cbaa356","Type 4",27,0.00318793967001282,1
"remove_count_le_2","Remove count <=2","ASV","25883ae34f8f54c40b34e0cad04a3d79","Type 4",12,0.00141686207556125,1
"remove_count_le_2","Remove count <=2","ASV","86d9f851fe319e04da6496f277487456","Type 3",4,0.000472287358520418,1
"remove_count_le_2","Remove count <=2","ASV","7755f9e403c33124da42862820e8c679","Type 3",12,0.00141686207556125,1
"remove_count_le_2","Remove count <=2","ASV","713362abd8c4912d6c7d4caa1e766625","Type 3",14,0.00165300575482146,1
"remove_count_le_2","Remove count <=2","ASV","24c6238a8c6c4f5aa2132d8eed897c49","Type 4",8,0.000944574717040836,1
"remove_count_le_2","Remove count <=2","ASV","d2b0b2aee1af0c2d0b268bbdd47e2924","Type 2",6,0.000708431037780627,1
"remove_count_le_2","Remove count <=2","ASV","d78c7661f8e59acd50c80e8f2fd19582","Type 5",18,0.00212529311334188,1
"remove_count_le_2","Remove count <=2","ASV","c9b3032f54d5eae836e9bbc111d61d57","Type 1",10,0.00118071839630105,1
"remove_count_le_2","Remove count <=2","ASV","c89aa29e55284c3120bbcee0177c18b9","Type 1",11,0.00129879023593115,1
"remove_count_le_2","Remove count <=2","ASV","c0948aae3210c6d223a5b3ac7bc18fb0","Type 2",8,0.000944574717040836,1
"remove_count_le_2","Remove count <=2","ASV","aa746099ad73c67aac56c81536549595","Type 5",6,0.000708431037780627,1
"remove_count_le_2","Remove count <=2","ASV","6b7efa0e9316c73a761ce50072e793e0","Type 4",6,0.000708431037780627,1
"remove_count_le_2","Remove count <=2","ASV","7515c96cc69c940c2521d2ed4ac90adc","Type 4",11,0.00129879023593115,1
"remove_count_le_2","Remove count <=2","ASV","4518e5b3f462a669d90839f07bd8c881","Type 2",11,0.00129879023593115,1
"remove_count_le_2","Remove count <=2","ASV","ffde2e127ee19520b21b0f14960a04ff","Type 3",5,0.000590359198150523,1
"remove_count_le_2","Remove count <=2","ASV","88c12dc6783f8e3d4f70915ccea5afa2","Type 4",6,0.000708431037780627,1
"remove_count_le_2","Remove count <=2","ASV","dcf66aa40723a77eaf2bb42cb2c63f73","Type 5",13,0.00153493391519136,1
"remove_count_le_2","Remove count <=2","ASV","365d57bb9aef35d31fbdb8e8f2befa2c","Type 1",8,0.000944574717040836,1
"remove_count_le_2","Remove count <=2","ASV","2401c1b266c99cda06bc79fb6687921f","Type 4",6,0.000708431037780627,1
"remove_count_le_2","Remove count <=2","ASV","292254d46addbc010ae77b2aad22c07b","Type 5",3,0.000354215518890314,1
"remove_count_le_2","Remove count <=2","ASV","5d1abae0ddf6cad89306c550da27be60","Type 4",3,0.000354215518890314,1
"remove_count_le_2","Remove count <=2","ASV","a0e8eab23d890bdb4d706245cbda0a99","Type 4",10,0.00118071839630105,1
"remove_count_le_2","Remove count <=2","ASV","571796b579f51b838556444d4599a8c0","Type 3",45,0.0053132327833547,1
"remove_count_le_2","Remove count <=2","ASV","4258c6c64aca78ba88e04777b085006b","Type 3",113,0.0133421178782018,1
"remove_count_le_2","Remove count <=2","ASV","7a29274b08e0c86257462279e0fded28","Type 2",22,0.0025975804718623,1
"remove_count_le_2","Remove count <=2","ASV","18beac96a738809dd3343f116a7fc6af","Type 3",25,0.00295179599075261,1
"remove_count_le_2","Remove count <=2","ASV","5790e1e15de07d485fae866bfee8fda1","Type 4",38,0.00448672990594397,1
"remove_count_le_2","Remove count <=2","ASV","2f898db914a4f4668a6709c060ebb17d","Type 1",9,0.00106264655667094,1
"remove_count_le_2","Remove count <=2","ASV","95386ab3e65783e770e228a0377c8f91","Type 4",13,0.00153493391519136,1
"remove_count_le_2","Remove count <=2","ASV","5b04edef9b82afc7117ea860c16afc36","Type 5",3,0.000354215518890314,1
"remove_count_le_2","Remove count <=2","ASV","f89333bac73fb076475c957c48bf7be7","Type 2",20,0.00236143679260209,1
"remove_count_le_2","Remove count <=2","ASV","1c5cbc4c70c0adce05dc8d32013fe389","Type 2",15,0.00177107759445157,1
"remove_count_le_2","Remove count <=2","ASV","261dfeeb6c011ef257861b2a0fe3bb7d","Type 4",33,0.00389637070779345,1
"remove_count_le_2","Remove count <=2","ASV","114f5b7e8e105cf4463573379e587a3d","Type 5",12,0.00141686207556125,1
"remove_count_le_2","Remove count <=2","ASV","4bc02855bc9103c3cefe6618e25ac388","Type 4",9,0.00106264655667094,1
"remove_count_le_2","Remove count <=2","ASV","e6e7238668c9f53d71a928d2f5ec64ea","Type 5",44,0.0051951609437246,1
"remove_count_le_2","Remove count <=2","ASV","27c0f32b9443b430537b7105ac5d2abb","Type 1",43,0.0050770891040945,2
"remove_count_le_2","Remove count <=2","ASV","f58910ce86da8d491a9fd8f316d2d009","Type 2",24,0.00283372415112251,1
"remove_count_le_2","Remove count <=2","ASV","0a7438128275631ea3dca679ef253bd8","Type 4",3,0.000354215518890314,1
"remove_count_le_2","Remove count <=2","ASV","8dcc053ed353d5f57bd69f09ae86f681","Type 2",16,0.00188914943408167,1
"remove_count_le_2","Remove count <=2","ASV","513814ca332d29f7baeeacb394bee500","Type 4",21,0.0024795086322322,1
"remove_count_le_2","Remove count <=2","ASV","2139c54715292f361b7667dd029bbfef","Type 5",9,0.00106264655667094,1
"remove_count_le_2","Remove count <=2","ASV","2b1312d5bdf27bcb4a10a2b0a71ed4ea","Type 4",15,0.00177107759445157,1
"remove_count_le_2","Remove count <=2","ASV","e973c53765ca51a9cf2bd8b4cfe77432","Type 2",38,0.00448672990594397,1
"remove_count_le_2","Remove count <=2","ASV","14d41dfdcd208cddb2621b948a385d9b","Type 1",6,0.000708431037780627,1
"remove_count_le_2","Remove count <=2","ASV","07f823ed91fe424a88e175a9101db80f","Type 3",13,0.00153493391519136,1
"remove_count_le_2","Remove count <=2","ASV","c493d201095c536f779a875aa81eb785","Type 3",19,0.00224336495297199,1
"remove_count_le_2","Remove count <=2","ASV","5047a68b8052130e1c1f7a1393b98b25","Type 2",6,0.000708431037780627,1
"remove_count_le_2","Remove count <=2","ASV","baf20e75c800bdc6ea7102446cb62004","Type 2",9,0.00106264655667094,1
"remove_count_le_2","Remove count <=2","ASV","2b958f618a93c43c95ed97a27dbf99c1","Type 5",29,0.00342408334927303,1
"remove_count_le_2","Remove count <=2","ASV","33f47e71a6bd90240260dbf02628d005","Type 1",5,0.000590359198150523,1
"remove_count_le_2","Remove count <=2","ASV","728a3416cbccecfa8bc1ba3887e95291","Type 2",5,0.000590359198150523,1
"remove_count_le_2","Remove count <=2","ASV","252e53ae583e13acb3c82cbb37693975","Type 5",52,0.00613973566076544,1
"remove_count_le_2","Remove count <=2","ASV","6dfb3d3d89238d192403129b1d722369","Type 5",7,0.000826502877410732,1
"remove_count_le_2","Remove count <=2","ASV","765efc4daa162f7796da7e9afc482f8d","Type 3",8,0.000944574717040836,1
"remove_count_le_2","Remove count <=2","ASV","970b9035dc044bbada421946a4d1b38f","Type 4",17,0.00200722127371178,1
"remove_count_le_2","Remove count <=2","ASV","e3cf88a0fc4731af23d477c14f7f8de6","Type 2",23,0.0027156523114924,1
"remove_count_le_2","Remove count <=2","ASV","46b0ba5afe1e2b9268573006c628405a","Type 3",11,0.00129879023593115,1
"remove_count_le_2","Remove count <=2","ASV","bff2858a173d483d7604323d8fc9a6e9","Type 4",55,0.00649395117965575,1
"remove_count_le_2","Remove count <=2","ASV","9ac455d7d7a26fed46036043403628e6","Type 4",34,0.00401444254742355,1
"remove_count_le_2","Remove count <=2","ASV","61479088ae969146b1c6215012f4516d","Type 4",9,0.00106264655667094,1
"remove_count_le_2","Remove count <=2","ASV","45d5e71e89034244990f9ff6f3d7c6b2","Type 3",7,0.000826502877410732,1
"remove_count_le_2","Remove count <=2","ASV","6833f4ed5654eae9a6d6c4b4de5489b2","Type 4",12,0.00141686207556125,1
"remove_count_le_2","Remove count <=2","ASV","205d71d561e7e3a2870a906fe6fc7cd3","Type 4",21,0.0024795086322322,1
"remove_count_le_2","Remove count <=2","ASV","1915ee9cf12b68e7edf6a6acab0db930","Type 1",30,0.00354215518890314,1
"remove_count_le_2","Remove count <=2","ASV","6d2f7a03aef50fc495630619a382349b","Type 3",13,0.00153493391519136,1
"remove_count_le_2","Remove count <=2","ASV","c48f2a17c433810ec8fb4e5d8ee33f69","Type 3",3,0.000354215518890314,1
"remove_count_le_2","Remove count <=2","ASV","42037eaa17824b063355a1c081dec5a9","Type 4",23,0.0027156523114924,1
"remove_count_le_2","Remove count <=2","ASV","bcf42d28214e96c79ad0a1a24ba990d3","Type 3",8,0.000944574717040836,1
"remove_count_le_2","Remove count <=2","ASV","5b5004f1edaf4317043a5cf9b1521fbc","Type 3",3,0.000354215518890314,1
"remove_count_le_2","Remove count <=2","ASV","caa6adce81c3a5954e76fa1b4ed6b79c","Type 3",9,0.00106264655667094,1
"remove_count_le_2","Remove count <=2","ASV","c3a9e38aa7cfaeda712180e3a0d4d409","Type 3",4,0.000472287358520418,1
"remove_count_le_2","Remove count <=2","ASV","ff6c13969bf904d1847a3dcfacbca45b","Type 4",34,0.00401444254742355,1
"remove_count_le_2","Remove count <=2","ASV","20da663dcf44899a4bc0758948c51ced","Type 4",30,0.00354215518890314,1
"remove_count_le_2","Remove count <=2","ASV","8940cf1d849ca98ee38e7835fdf32ddf","Type 2",8,0.000944574717040836,1
"remove_count_le_2","Remove count <=2","ASV","c8f0916f6fd2f533a204b73879084a4f","Type 1",16,0.00188914943408167,1
"remove_count_le_2","Remove count <=2","ASV","2235fb3906484370e48c37388c4cd746","Type 3",100,0.0118071839630105,1
"remove_count_le_2","Remove count <=2","ASV","488029799c26f2d7eaf7df8899ad7c34","Type 2",10,0.00118071839630105,1
"remove_count_le_2","Remove count <=2","ASV","79c2d824228c4d17533d54fa05f593ed","Type 5",20,0.00236143679260209,1
"remove_count_le_2","Remove count <=2","ASV","79efcc373159c11685c8a7343b8e0cd9","Type 5",13,0.00153493391519136,1
"remove_count_le_2","Remove count <=2","ASV","cbb091b5e5b0289d04c52c93172f0400","Type 5",9,0.00106264655667094,1
"remove_count_le_2","Remove count <=2","ASV","8579cd8aedc5e66f7f61066a10427a19","Type 5",5,0.000590359198150523,1
"remove_count_le_2","Remove count <=2","ASV","03007c3b04e8630cb1d7defdc4f86849","Type 3",12,0.00141686207556125,1
"remove_count_le_2","Remove count <=2","ASV","9fb4d1ef56025a3efd044096543a3686","Type 1",8,0.000944574717040836,1
"remove_count_le_2","Remove count <=2","ASV","f17828dfd2e7bc70c218888572121f2d","Type 1",4,0.000472287358520418,1
"remove_count_le_2","Remove count <=2","ASV","ed75f176ef3a36da1b63ac18f8893b08","Type 5",33,0.00389637070779345,1
"remove_count_le_2","Remove count <=2","ASV","693d7cbdb239aadc175ee647e29bddfb","Type 2",24,0.00283372415112251,1
"remove_count_le_2","Remove count <=2","ASV","041a808460c3e20eb708113a5ae6533d","Type 1",478,0.05643833934319,1
"remove_count_le_2","Remove count <=2","ASV","d300fc435576f64ba7bdfeef68127764","Type 5",61,0.00720238221743638,1
"remove_count_le_2","Remove count <=2","ASV","d7889727bd45ae5ba27667cf1b4fef8d","Type 1",71,0.00838310061373742,1
"remove_count_le_2","Remove count <=2","ASV","39069292e69646e1707492e13f9afcaa","Type 4",6,0.000708431037780627,1
"remove_count_le_2","Remove count <=2","ASV","061919e0500413f539e74dc52e526690","Type 1",8,0.000944574717040836,1
"remove_count_le_2","Remove count <=2","ASV","4961a9855736776cbb628fcf27ee7f72","Type 5",3,0.000354215518890314,1
"remove_count_le_2","Remove count <=2","ASV","42a737ec9a1e7f58a5917bf94bba2d84","Type 4",31,0.00366022702853324,1
"remove_count_le_2","Remove count <=2","ASV","5a51147364ea7b339eaeabcac1987935","Type 1",4,0.000472287358520418,1
"remove_count_le_2","Remove count <=2","ASV","832aedcbf2437f36f31de8cb5fa5d7e4","Type 3",10,0.00118071839630105,1
"remove_count_le_2","Remove count <=2","ASV","c3241e1fde3826e45858fd4cd3f070d5","Type 5",32,0.00377829886816335,1
"remove_count_le_2","Remove count <=2","ASV","f80312dff7be1af70a4ee5966a53edf0","Type 3",19,0.00224336495297199,1
"remove_count_le_2","Remove count <=2","ASV","69163bca9e57b41a6f236660584bbde1","Type 1",12,0.00141686207556125,1
"remove_count_le_2","Remove count <=2","ASV","8d3243f2860964ff8177daf941fb6068","Type 4",8,0.000944574717040836,1
"remove_count_le_2","Remove count <=2","ASV","1a917b265c943f0b7fe898239bb29ed5","Type 5",6,0.000708431037780627,1
"remove_count_le_2","Remove count <=2","ASV","438ca565cc749b79a0e6304fe1a014e9","Type 5",33,0.00389637070779345,2
"remove_count_le_2","Remove count <=2","ASV","392e7b946a7fcf0542dd68a03992cf87","Type 4",17,0.00200722127371178,1
"remove_count_le_2","Remove count <=2","ASV","3573d917a9a8d04c8bd2b4d1fc5a4583","Type 3",28,0.00330601150964293,1
"remove_count_le_2","Remove count <=2","ASV","79ab60724f24643048b657b079f00b4b","Type 4",29,0.00342408334927303,1
"remove_count_le_2","Remove count <=2","ASV","81cd1ad8b3129853d4b93d589a58bf71","Type 5",3,0.000354215518890314,1
"remove_count_le_2","Remove count <=2","ASV","2090db0b05f31f943b03de34379ddc88","Type 2",8,0.000944574717040836,1
"remove_count_le_2","Remove count <=2","ASV","d53efbaefdb192ae227af8921a237ae0","Type 1",5,0.000590359198150523,1
"remove_count_le_2","Remove count <=2","ASV","3c480d73079ac5a6b775440d5e03d48f","Type 2",9,0.00106264655667094,1
"remove_count_le_2","Remove count <=2","ASV","ebf6d6884f5c267267b55b6f5a80d82b","Type 3",3,0.000354215518890314,1
"remove_count_le_2","Remove count <=2","ASV","db1eed5f4468a43728a2836a815a8c74","Type 3",35,0.00413251438705366,1
"remove_count_le_2","Remove count <=2","ASV","8b1ffe59e74ca2775e9ad9276e27474d","Type 3",10,0.00118071839630105,1
"remove_count_le_2","Remove count <=2","ASV","d80fa7424b67bb3c3c4782b972eb47a9","Type 4",17,0.00200722127371178,1
"remove_count_le_2","Remove count <=2","ASV","60cc5f83c58be9a911d98b9cece063bb","Type 3",10,0.00118071839630105,1
"remove_count_le_2","Remove count <=2","ASV","81367a807dd852ad2b2773da44de5f53","Type 3",12,0.00141686207556125,1
"remove_count_le_2","Remove count <=2","ASV","3ee6d540c94dd48932c569e06e902e95","Type 4",16,0.00188914943408167,1
"remove_count_le_2","Remove count <=2","ASV","c333b4ead34da146d83e5af854f37340","Type 2",13,0.00153493391519136,1
"remove_count_le_2","Remove count <=2","ASV","5bee6c3b392ee80f49cd7dffd55f73b4","Type 2",9,0.00106264655667094,1
"remove_count_le_2","Remove count <=2","ASV","942cb33da7b46a8135de90c240d29894","Type 3",14,0.00165300575482146,1
"remove_count_le_2","Remove count <=2","ASV","f7734641299f704d4883f5df11e8e3ab","Type 2",24,0.00283372415112251,1
"remove_count_le_2","Remove count <=2","ASV","9d388ae42870966dcd11c7e9259bae83","Type 4",27,0.00318793967001282,1
"remove_count_le_2","Remove count <=2","ASV","84cae0263e452705044554c138632cf9","Type 5",6,0.000708431037780627,1
"remove_count_le_2","Remove count <=2","ASV","87f3aa8bb07c74fde7495dd9091ad564","Type 1",9,0.00106264655667094,1
"remove_count_le_2","Remove count <=2","ASV","63c14b6462cea84fa884444d6e615682","Type 4",16,0.00188914943408167,1
"remove_count_le_2","Remove count <=2","ASV","c7cac901fe0724476eb3f489e182793c","Type 3",86,0.010154178208189,1
"remove_count_le_2","Remove count <=2","ASV","b094b1184aedb2687c38cbbd8efcf4d6","Type 5",11,0.00129879023593115,1
"remove_count_le_2","Remove count <=2","ASV","20c032fd73c325ca9fd5bf4e433479f1","Type 2",66,0.0077927414155869,1
"remove_count_le_2","Remove count <=2","ASV","a90c55d5aa730153ab9a15102189ec67","Type 2",32,0.00377829886816335,1
"remove_count_le_2","Remove count <=2","ASV","328123ac8b27b6acb3cedaa89b2b0156","Type 2",12,0.00141686207556125,1
"remove_count_le_2","Remove count <=2","ASV","2d6211651bac81782276e9c246d6e870","Type 4",34,0.00401444254742355,1
"remove_count_le_2","Remove count <=2","ASV","3feaa348a4888eaf1f0d479b540b88b5","Type 4",17,0.00200722127371178,1
"remove_count_le_2","Remove count <=2","ASV","a8b3bc25431d9974d2db9499f0ebdf1e","Type 2",6,0.000708431037780627,1
"remove_count_le_2","Remove count <=2","ASV","303fed95dacebfe326c22601533e609a","Type 1",28,0.00330601150964293,1
"remove_count_le_2","Remove count <=2","ASV","28dfd726413f2bb5c6f134755edb5a53","Type 2",35,0.00413251438705366,1
"remove_count_le_2","Remove count <=2","ASV","7e1bc7d60bfc071968f2f3a29adfb3ad","Type 4",13,0.00153493391519136,1
"remove_count_le_2","Remove count <=2","ASV","8a5697dd780d03c6e76c591668969c2e","Type 4",20,0.00236143679260209,1
"remove_count_le_2","Remove count <=2","ASV","8fbaeefd5b553e547dad8ef5a902fc74","Type 1",9,0.00106264655667094,1
"remove_count_le_2","Remove count <=2","ASV","2d987778bfe227e69fa48a830eb88442","Type 2",36,0.00425058622668376,1
"remove_count_le_2","Remove count <=2","ASV","5a0a19860364041631fefcc14384dbd0","Type 3",5,0.000590359198150523,1
"remove_count_le_2","Remove count <=2","ASV","f79759b7768e60a8936b98b00b75b012","Type 2",3,0.000354215518890314,1
"remove_count_le_2","Remove count <=2","ASV","3041383b31ef66edad85399cddbb6b72","Type 1",3,0.000354215518890314,1
"remove_count_le_2","Remove count <=2","ASV","e7d8136a34a87fc24701d2adcc3c8841","Type 2",9,0.00106264655667094,1
"remove_count_le_2","Remove count <=2","ASV","907edc601daefe405c3cfc339d4191e7","Type 3",7,0.000826502877410732,1
"remove_count_le_2","Remove count <=2","ASV","56780775e0997dd7164499d8ac2ae196","Type 2",13,0.00153493391519136,1
"remove_count_le_2","Remove count <=2","ASV","59f794c8e02a45d3ed93eb18cf67f109","Type 2",8,0.000944574717040836,1
"remove_count_le_2","Remove count <=2","ASV","e9628b0e86930f97147b644bdcdb852a","Type 4",13,0.00153493391519136,1
"remove_count_le_2","Remove count <=2","ASV","24c9f3fa89464230c405e38207fb7e4a","Type 3",8,0.000944574717040836,1
"remove_count_le_2","Remove count <=2","ASV","e17026a5703195ae1e6c2a131e711da1","Type 4",11,0.00129879023593115,1
"remove_count_le_2","Remove count <=2","ASV","a7d9971933464c058e7ddf37d6fbb983","Type 2",9,0.00106264655667094,1
"remove_count_le_2","Remove count <=2","ASV","48a4d28972bdbd103ebad8d6e2ff59c6","Type 4",40,0.00472287358520418,1
"remove_count_le_2","Remove count <=2","ASV","6e6b82bd14f8062c528ed123df7552b9","Type 3",16,0.00188914943408167,1
"remove_count_le_2","Remove count <=2","ASV","d96f30c5b1cfccd1f824526c93d529c6","Type 1",23,0.0027156523114924,1
"remove_count_le_2","Remove count <=2","ASV","124328b31c5c9882157e107c7351c97c","Type 2",5,0.000590359198150523,1
"remove_count_le_2","Remove count <=2","ASV","27780e3e86b02295e4137a6ec11406cc","Type 3",38,0.00448672990594397,1
"remove_count_le_2","Remove count <=2","ASV","224384c85de463e715399a909c988814","Type 4",34,0.00401444254742355,1
"remove_count_le_2","Remove count <=2","ASV","ac037e552a40bb49dae4dc77882fdefc","Type 4",12,0.00141686207556125,1
"remove_count_le_2","Remove count <=2","ASV","063fa097cb070f3eff4ae0029c835d82","Type 1",30,0.00354215518890314,1
"remove_count_le_2","Remove count <=2","ASV","9d7e2e97d0a55063e270d2fab8e2c473","Type 3",7,0.000826502877410732,1
"remove_count_le_2","Remove count <=2","ASV","68e695ada04f4c53d7694aca07473f93","Type 3",5,0.000590359198150523,1
"remove_count_le_2","Remove count <=2","ASV","b0e74d9adbe8a3059080bf03e65ed7ed","Type 3",14,0.00165300575482146,1
"remove_count_le_2","Remove count <=2","ASV","6212d89a09f592e5b8afd485f390a517","Type 3",11,0.00129879023593115,1
"remove_count_le_2","Remove count <=2","ASV","fe2511ea3e1cfe30c22a8f0c82808f91","Type 5",101,0.0119252558026406,1
"remove_count_le_2","Remove count <=2","ASV","ede29806790ba9151d7521ed8e736adf","Type 3",9,0.00106264655667094,1
"remove_count_le_2","Remove count <=2","ASV","f6ae3a0effeabd5cd200d23678342421","Type 5",38,0.00448672990594397,1
"remove_count_le_2","Remove count <=2","ASV","dbebc4ce8918ea22d191eea699b3646c","Type 3",41,0.00484094542483429,1
"remove_count_le_2","Remove count <=2","ASV","c576fd6e6769c025c51517cda620e3b8","Type 3",9,0.00106264655667094,1
"remove_count_le_2","Remove count <=2","ASV","81bd7f502e6889c4cca8a91a62ea2e01","Type 4",23,0.0027156523114924,1
"remove_count_le_2","Remove count <=2","ASV","c260bbd5d1d8a9597fb85e7b58b540e4","Type 2",31,0.00366022702853324,1
"remove_count_le_2","Remove count <=2","ASV","8179e14ffc901e02a8fb5b503377892d","Type 4",16,0.00188914943408167,1
"remove_count_le_2","Remove count <=2","ASV","f1bd466e120acbcefb1c87aff71bbdd6","Type 1",4,0.000472287358520418,1
"remove_count_le_2","Remove count <=2","ASV","577f945fb998727cfdcd0ada622929da","Type 5",14,0.00165300575482146,1
"remove_count_le_2","Remove count <=2","ASV","610569128de2506ec2eaef18e70e6b8b","Type 5",19,0.00224336495297199,1
"remove_count_le_2","Remove count <=2","ASV","d70a7746d155cfcc8137c6c386e721a6","Type 4",399,0.0471106640124117,1
"remove_count_le_2","Remove count <=2","ASV","eaecf374665397d98dd8cc4985d15f53","Type 2",8,0.000944574717040836,1
"remove_count_le_2","Remove count <=2","ASV","aa99c591f8846f63d0e80d48040735ed","Type 2",4,0.000472287358520418,1
"remove_count_le_2","Remove count <=2","ASV","29f59b56409a7eba26d5f94b8a66d312","Type 4",4,0.000472287358520418,1
"remove_count_le_2","Remove count <=2","ASV","df92a5ba11df3741e12b85424169f6d7","Type 2",22,0.0025975804718623,1
"remove_count_le_2","Remove count <=2","ASV","5c7e32965db9626f18265be50a2daa92","Type 4",7,0.000826502877410732,1
"remove_count_le_2","Remove count <=2","ASV","1ded7a95822d98cfc2e9255f28fdc9b3","Type 3",23,0.0027156523114924,1
"remove_count_le_2","Remove count <=2","ASV","bc307d78bf0630c7f884bcf44a3fc42f","Type 5",8,0.000944574717040836,1
"remove_count_le_2","Remove count <=2","ASV","6938c2e8f42da1ed9788a2b56c67c847","Type 5",7,0.000826502877410732,1
"remove_count_le_2","Remove count <=2","ASV","09b4d604d624149b680ffb1608aa8f38","Type 5",85,0.0100361063685589,1
"remove_count_le_2","Remove count <=2","ASV","c9c815e4af94c349c90ddd03e0a45ebd","Type 4",69,0.00814695693447721,1
"remove_count_le_2","Remove count <=2","ASV","7cc18d4b688c5c742a37c7cfe064ddbb","Type 4",9,0.00106264655667094,1
"remove_count_le_2","Remove count <=2","ASV","2e695995cf390a528fef63f17881e82c","Type 2",41,0.00484094542483429,1
"remove_count_le_2","Remove count <=2","ASV","842e03512329c6a9d03d1f232689e0f5","Type 1",5,0.000590359198150523,1
"remove_count_le_2","Remove count <=2","ASV","def2dd3f0408f44c8c2660e67114a2be","Type 1",5,0.000590359198150523,1
"remove_count_le_2","Remove count <=2","ASV","4d211254d47577c8ff39c6b73f6c10b2","Type 3",3,0.000354215518890314,1
"remove_count_le_2","Remove count <=2","ASV","778a29769920b5cb04ac69a565aa87c0","Type 2",3,0.000354215518890314,1
"remove_count_le_2","Remove count <=2","ASV","441bf3233441c2a9cb8c0e90b22d4231","Type 3",4,0.000472287358520418,1
"remove_count_le_2","Remove count <=2","ASV","c425d5bf259eefaf92ad3aed76084998","Type 2",17,0.00200722127371178,1
"remove_count_le_2","Remove count <=2","ASV","3957ba2fbbbe4fd8f86fc8e07433c37e","Type 4",79,0.00932767533077826,1
"remove_count_le_2","Remove count <=2","ASV","c01cf90758bc9b552a3b24ed1b98b50e","Type 3",12,0.00141686207556125,1
"remove_count_le_2","Remove count <=2","ASV","383a109d96039d9bace81e928fa8ac10","Type 4",30,0.00354215518890314,1
"remove_count_le_2","Remove count <=2","ASV","048b6536cdebd9275a7311708123470a","Type 5",8,0.000944574717040836,1
"remove_count_le_2","Remove count <=2","ASV","e82b6cf2c864f18bc66f9cbcac73720e","Type 1",26,0.00306986783038272,1
"remove_count_le_2","Remove count <=2","ASV","89c0de0b7f79cbb0eea102c260910fff","Type 2",16,0.00188914943408167,1
"remove_count_le_2","Remove count <=2","ASV","4c615cac933761b0c1a53b332493d2c4","Type 1",10,0.00118071839630105,1
"remove_count_le_2","Remove count <=2","ASV","d07f0d43b2a13f3b3e893c9e0c49f59c","Type 2",69,0.00814695693447721,1
"remove_count_le_2","Remove count <=2","ASV","c5f12a0cb4e6ff4059c2fe4a459a96d4","Type 4",12,0.00141686207556125,1
"remove_count_le_2","Remove count <=2","ASV","f005bcab943ae274fc271613b7ec2382","Type 5",6,0.000708431037780627,1
"remove_count_le_2","Remove count <=2","ASV","933f18878e69bdd3967c6a73aed994ba","Type 5",6,0.000708431037780627,1
"remove_count_le_2","Remove count <=2","ASV","09db8218f190e99eebb51aaf3e560b37","Type 4",10,0.00118071839630105,1
"remove_count_le_2","Remove count <=2","ASV","fb9c8dc0b79138f4f0e12330d846bc5a","Type 3",20,0.00236143679260209,1
"remove_count_le_2","Remove count <=2","ASV","de9e979a1298428db785eb79343e299e","Type 2",3,0.000354215518890314,1
"remove_count_le_2","Remove count <=2","ASV","8419a88871f926fceef995f5a8e815c1","Type 5",13,0.00153493391519136,1
"remove_count_le_2","Remove count <=2","ASV","acc9911fe839248d36690c071e2205ea","Type 3",3,0.000354215518890314,1
"remove_count_le_2","Remove count <=2","ASV","8361c3014d08af11b1e17d5c119cd9eb","Type 4",5,0.000590359198150523,1
"remove_count_le_2","Remove count <=2","ASV","6aa949afa61bdacee8839f52591c8bae","Type 2",9,0.00106264655667094,1
"remove_count_le_2","Remove count <=2","ASV","cc9d3d347a8d46ec6afaad77d19076eb","Type 3",26,0.00306986783038272,1
"remove_count_le_2","Remove count <=2","ASV","d04246d077a73749b0ae5807ca712143","Type 2",7,0.000826502877410732,1
"remove_count_le_2","Remove count <=2","ASV","542354e1a9067ae60ee319c941222218","Type 5",14,0.00165300575482146,1
"remove_count_le_2","Remove count <=2","ASV","bf90fe11728549b6d11111a34295fa16","Type 2",8,0.000944574717040836,1
"remove_count_le_2","Remove count <=2","ASV","ee22086e46362752abdb334fce3a7f73","Type 3",22,0.0025975804718623,1
"remove_count_le_2","Remove count <=2","ASV","df12ec2847a04ec123c9aaddf16f84b9","Type 5",6,0.000708431037780627,1
"remove_count_le_2","Remove count <=2","ASV","7c371043b8c07a3a308ea936d37ba410","Type 5",37,0.00436865806631387,1
"remove_count_le_2","Remove count <=2","ASV","e76e276155c467e870d85d40a898ddc7","Type 5",28,0.00330601150964293,1
"remove_count_le_2","Remove count <=2","ASV","5e6d1b5ccc9080fd4746b29078e176bb","Type 4",50,0.00590359198150523,1
"remove_count_le_2","Remove count <=2","ASV","fa8e414578cac779abbca29767cb574a","Type 3",13,0.00153493391519136,1
"remove_count_le_2","Remove count <=2","ASV","047d74b43fee3d83afa5b2da3d802c48","Type 1",53,0.00625780750039554,1
"remove_count_le_2","Remove count <=2","ASV","9be097816bb26efde17abbb517cb097a","Type 5",5,0.000590359198150523,1
"remove_count_le_2","Remove count <=2","ASV","a04a99ff8d24fcd7a2a216c95b45e72f","Type 4",5,0.000590359198150523,1
"remove_count_le_2","Remove count <=2","ASV","0ebf6d992c01d8d4737d6326d974236b","Type 5",58,0.00684816669854606,1
"remove_count_le_2","Remove count <=2","Genus","ac4224d32dea1c7253ed5070a65a1b3e","Type 1",4,0.000472287358520418,1
"remove_count_le_2","Remove count <=2","Genus","d8e59a58b1954757c26b879a9829c4a7","Type 5",4,0.000472287358520418,1
"remove_count_le_2","Remove count <=2","Genus","5d3f0656e47a33688c5d82c089cee67a","Type 3",37,0.00436865806631387,1
"remove_count_le_2","Remove count <=2","Genus","e523791eca087d243d36477d28789915","Type 2",3,0.000354215518890314,1
"remove_count_le_2","Remove count <=2","Genus","668ddc46cdbec2642f49fddde18308d2","Type 4",4,0.000472287358520418,1
"remove_count_le_2","Remove count <=2","Genus","e8a982d893c071c22434b8c9bdcaa162","Type 2",28,0.00330601150964293,1
"remove_count_le_2","Remove count <=2","Genus","82e8fc4d3afec356107df3637c36de02","Type 5",4,0.000472287358520418,1
"remove_count_le_2","Remove count <=2","Genus","f86053770615e8c2bed9d08c8218914b","Type 3",8,0.000944574717040836,1
"remove_count_le_2","Remove count <=2","Genus","0246880f263e5f9d050691d5c089a905","Type 3",8,0.000944574717040836,1
"remove_count_le_2","Remove count <=2","Genus","2e728bead79d32a1b0788c8f2d3d8420","Type 2",14,0.00165300575482146,1
"remove_count_le_2","Remove count <=2","Genus","963569a5bb9a8b1e06a8096993b64a24","Type 2",8,0.000944574717040836,1
"remove_count_le_2","Remove count <=2","Genus","5cbed13e671ef6879845c96f0efcfcae","Type 3",10,0.00118071839630105,1
"remove_count_le_2","Remove count <=2","Genus","34085f1836e0fbc2e8a1843a65e93757","Type 1",12,0.00141686207556125,1
"remove_count_le_2","Remove count <=2","Genus","c67f047c0ed1a8beade5ac9b982881e5","Type 1",15,0.00177107759445157,1
"remove_count_le_2","Remove count <=2","Genus","92201a0da9fc3ee6db6f359cdc9ae158","Type 2",7,0.000826502877410732,1
"remove_count_le_2","Remove count <=2","Genus","2e9cafa6d587316096144e3d099fb30a","Type 2",17,0.00200722127371178,1
"remove_count_le_2","Remove count <=2","Genus","ca9f4bee4554e862e06ba4c488055776","Type 5",3,0.000354215518890314,1
"remove_count_le_2","Remove count <=2","Genus","7b789ab34a526249c04870ec1e3b14fb","Type 1",7,0.000826502877410732,1
"remove_count_le_2","Remove count <=2","Genus","15287379f901b0787b04f6432a2f8bcf","Type 3",43,0.0050770891040945,1
"remove_count_le_2","Remove count <=2","Genus","c8a6218790712b8c08f605b865c6e497","Type 1",3,0.000354215518890314,1
"remove_count_le_2","Remove count <=2","Genus","ca98c2f71fa7860e8be3b69cc0e6c6c1","Type 3",7,0.000826502877410732,1
"remove_count_le_2","Remove count <=2","Genus","054a3d89b18fe9efb721eae0b64f969b","Type 5",40,0.00472287358520418,1
"remove_count_le_2","Remove count <=2","Genus","6726658e6ed1b518f3cdae63d51007c1","Type 2",14,0.00165300575482146,1
"remove_count_le_2","Remove count <=2","Genus","d5a4ec4339c4955f94811de7690ef425","Type 1",10,0.00118071839630105,1
"remove_count_le_2","Remove count <=2","Genus","73948445c2534487d73c1402eb9ca852","Type 3",45,0.0053132327833547,1
"remove_count_le_2","Remove count <=2","Genus","5de75a73be3109110266de0a2c4b48d4","Type 2",5,0.000590359198150523,1
"remove_count_le_2","Remove count <=2","Genus","d0bbb3cf6f8c4d7a6fdd6a81d94daa81","Type 3",14,0.00165300575482146,1
"remove_count_le_2","Remove count <=2","Genus","33a4b160e1f1411ea02ae36df2dcc388","Type 5",3,0.000354215518890314,1
"remove_count_le_2","Remove count <=2","Genus","f5b86fa349f1d8d5abe6b1f25e437279","Type 3",4,0.000472287358520418,1
"remove_count_le_2","Remove count <=2","Genus","28e82ac50faab22d9428d78c36181743","Type 1",4,0.000472287358520418,1
"remove_count_le_2","Remove count <=2","Genus","e423277f6fcd9bead5bf13ade58d4de5","Type 3",7,0.000826502877410732,1
"remove_count_le_2","Remove count <=2","Genus","caa5248c2660878fac2218b81b13b8e0","Type 5",33,0.00389637070779345,1
"remove_count_le_2","Remove count <=2","Genus","050d46a27980fc3cbc7f1a3d04b66b12","Type 1",4,0.000472287358520418,1
"remove_count_le_2","Remove count <=2","Genus","cca62ce55fa1104839106ebc7d1a7667","Type 5",5,0.000590359198150523,1
"remove_count_le_2","Remove count <=2","Genus","6bee3eeab5d2aed2aab34621e25b49d8","Type 1",6,0.000708431037780627,1
"remove_count_le_2","Remove count <=2","Genus","c16345411b2428ad706dd067e17bd77d","Type 1",10,0.00118071839630105,1
"remove_count_le_2","Remove count <=2","Genus","9ae36e9a8e7cceb827cfd1fa46652a45","Type 1",14,0.00165300575482146,1
"remove_count_le_2","Remove count <=2","Genus","59ef38dc6b706ebe3087a9c3c12872bd","Type 5",3,0.000354215518890314,1
"remove_count_le_2","Remove count <=2","Genus","f701cbc5da10b2d9cba3b0728f832f73","Type 4",6,0.000708431037780627,1
"remove_count_le_2","Remove count <=2","Genus","0b2fe4fb7db539ff9a4fa9d27c0faa62","Type 1",6,0.000708431037780627,1
"remove_count_le_2","Remove count <=2","Genus","8459d7cb3a2b19a181aa31512f398869","Type 4",15,0.00177107759445157,1
"remove_count_le_2","Remove count <=2","Genus","1dd2d03bf672608a258cb4ef5543cad2","Type 5",10,0.00118071839630105,1
"remove_count_le_2","Remove count <=2","Genus","858b9292b21db7fe07ea3cc766b912dc","Type 3",9,0.00106264655667094,1
"remove_count_le_2","Remove count <=2","Genus","ae7508e0c0f5db07a8e8242c6148c34d","Type 2",5,0.000590359198150523,1
"remove_count_le_2","Remove count <=2","Genus","b4cc697fe846f736906b4d261b088dfd","Type 2",3,0.000354215518890314,1
"remove_count_le_2","Remove count <=2","Genus","35527ffa9f44ebbf586ab787211da1c3","Type 4",7,0.000826502877410732,1
"remove_count_le_2","Remove count <=2","Genus","a67325486802911e948473f4b8b71ebe","Type 4",6,0.000708431037780627,1
"remove_count_le_2","Remove count <=2","Genus","1813a356c899840a7219062a1a3f47b5","Type 4",4,0.000472287358520418,1
"remove_count_le_2","Remove count <=2","Genus","de2b4b14636d09e2d4611f822ab82457","Type 5",69,0.00814695693447721,1
"remove_count_le_2","Remove count <=2","Genus","ad490013f6967a5e303129f81df260cb","Type 4",6,0.000708431037780627,1
"remove_count_le_2","Remove count <=2","Genus","300837fe392a9506546f1970bd365d4b","Type 1",22,0.0025975804718623,2
"remove_count_le_2","Remove count <=2","Genus","88098ab3f8048c851897dbd0bcb5cb7d","Type 4",7,0.000826502877410732,1
"remove_count_le_2","Remove count <=2","Genus","a7d73d00201f5dfac32d5042e3aa7039","Type 4",3,0.000354215518890314,1
"remove_count_le_2","Remove count <=2","Genus","1422aef8849148a9b52ce185862dc22f","Type 2",26,0.00306986783038272,2
"remove_count_le_2","Remove count <=2","Genus","b9879da874f023629c4384ada519ba98","Type 3",21,0.0024795086322322,1
"remove_count_le_2","Remove count <=2","Genus","2f7ab09df42772d54308dfa6e66bdfd0","Type 1",3,0.000354215518890314,1
"remove_count_le_2","Remove count <=2","Genus","c267dc0912cbc6475bb64ff0f47644b0","Type 1",5,0.000590359198150523,1
"remove_count_le_2","Remove count <=2","Genus","dc9e2860e3fa93f9e4bf136144d697d6","Type 5",4,0.000472287358520418,1
"remove_count_le_2","Remove count <=2","Genus","d28702f527ca84119434a5d089dea094","Type 1",143,0.0168842730671049,1
"remove_count_le_2","Remove count <=2","Genus","92981a4f9e607d7f28d045957da39fcf","Type 2",9,0.00106264655667094,1
"remove_count_le_2","Remove count <=2","Genus","0535f4bb8a671a91b7c6080f796b0bc0","Type 3",3,0.000354215518890314,1
"remove_count_le_2","Remove count <=2","Genus","3d321b478b7fd39dc8ac6c68a827a622","Type 4",19,0.00224336495297199,1
"remove_count_le_2","Remove count <=2","Genus","d127837f1b6ab3f7bdad8d8d125f0b08","Type 1",14,0.00165300575482146,1
"remove_count_le_2","Remove count <=2","Genus","a6a5c75bcf40728c389d91b17e569cb0","Type 3",10,0.00118071839630105,2
"remove_count_le_2","Remove count <=2","Genus","a1e2b28fb788c9542caf556c169bd434","Type 4",102,0.0120433276422707,2
"remove_count_le_2","Remove count <=2","Genus","4ed1aaefaefe8f38b7f6a4c1fd82d1ba","Type 3",19,0.00224336495297199,1
"remove_count_le_2","Remove count <=2","Genus","302bf7a5ed63144059d0db8f906a743f","Type 3",27,0.00318793967001282,1
"remove_count_le_2","Remove count <=2","Genus","be765e929e8c9e7845dc8abd26cbda3e","Type 2",22,0.0025975804718623,1
"remove_count_le_2","Remove count <=2","Genus","87a6bbed6ceb02ec381f45db5ed37984","Type 2",27,0.00318793967001282,1
"remove_count_le_2","Remove count <=2","Genus","1c5d6c2c9b4a7166c7cb496fca023c12","Type 1",12,0.00141686207556125,1
"remove_count_le_2","Remove count <=2","Genus","719f736c916092f6d392c5a46e1091ea","Type 5",70,0.00826502877410732,1
"remove_count_le_2","Remove count <=2","Genus","b90d5c735e4f9bea8175e5eabfd3caab","Type 2",46,0.00543130462298481,1
"remove_count_le_2","Remove count <=2","Genus","20f150dfe46c537edc5310399040afb8","Type 4",16,0.00188914943408167,1
"remove_count_le_2","Remove count <=2","Genus","3e50658e9b489006be4573114ca22b59","Type 4",22,0.0025975804718623,1
"remove_count_le_2","Remove count <=2","Genus","54581694fce0637591ea45b0eff658f0","Type 5",4,0.000472287358520418,1
"remove_count_le_2","Remove count <=2","Genus","adcae3f5a43e4dca840c01d62e6416a5","Type 2",47,0.00554937646261491,1
"remove_count_le_2","Remove count <=2","Genus","e9725fc74685ef05a1ba39435294042c","Type 2",16,0.00188914943408167,1
"remove_count_le_2","Remove count <=2","Genus","cea0a6f8b58238977831021560f03baf","Type 2",30,0.00354215518890314,1
"remove_count_le_2","Remove count <=2","Genus","9366c1f1fa59361f62f702f094ae0c21","Type 1",31,0.00366022702853324,1
"remove_count_le_2","Remove count <=2","Genus","35d4cbfddf6c9639a996a7877cd4f0f2","Type 4",55,0.00649395117965575,1
"remove_count_le_2","Remove count <=2","Genus","49bd242006920acb2126ab0ceac5df84","Type 2",14,0.00165300575482146,1
"remove_count_le_2","Remove count <=2","Genus","1e143504935212a1de58af7db86e9075","Type 4",3,0.000354215518890314,1
"remove_count_le_2","Remove count <=2","Genus","6d6ea94f2c732bf7767af01e1308cb38","Type 2",4,0.000472287358520418,1
"remove_count_le_2","Remove count <=2","Genus","89080b3c5ba6bf78d58df159a692470f","Type 4",10,0.00118071839630105,1
"remove_count_le_2","Remove count <=2","Genus","abdb10ef959af94d4fc7574d556e3633","Type 4",50,0.00590359198150523,1
"remove_count_le_2","Remove count <=2","Genus","49bf16e6c356ce0fafd1a644e47ce762","Type 5",31,0.00366022702853324,1
"remove_count_le_2","Remove count <=2","Genus","abd0febc117d23cd49b9d4ef431153bc","Type 5",102,0.0120433276422707,1
"remove_count_le_2","Remove count <=2","Genus","bc9fce29d86dd59b106f60bd7b227020","Type 1",8,0.000944574717040836,1
"remove_count_le_2","Remove count <=2","Genus","670ff01449495039c6e52f5f0fe307b1","Type 1",24,0.00283372415112251,1
"remove_count_le_2","Remove count <=2","Genus","40b48ec694b884aa93cc33fbfb00d625","Type 4",18,0.00212529311334188,1
"remove_count_le_2","Remove count <=2","Genus","66b7507662a94e6fba998da71404a5b8","Type 2",14,0.00165300575482146,1
"remove_count_le_2","Remove count <=2","Genus","64c6c9854a1938f12b659f40a0f6a954","Type 3",5,0.000590359198150523,1
"remove_count_le_2","Remove count <=2","Genus","342ce74435d2330505ee013a1e0cfe40","Type 2",7,0.000826502877410732,1
"remove_count_le_2","Remove count <=2","Genus","b49c1c742ff9a26c0ce116574c094ea7","Type 2",6,0.000708431037780627,1
"remove_count_le_2","Remove count <=2","Genus","eca7f723fb8b7b170b6f546b650537f7","Type 2",7,0.000826502877410732,1
"remove_count_le_2","Remove count <=2","Genus","abd916b960b81098025c1ca1755c6cc3","Type 3",5,0.000590359198150523,1
"remove_count_le_2","Remove count <=2","Genus","8d8da6172e2c91f26a13e27dea7fcb95","Type 1",7,0.000826502877410732,1
"remove_count_le_2","Remove count <=2","Genus","94d3ada8c73a636337fccb769efa8b28","Type 3",7,0.000826502877410732,1
"remove_count_le_2","Remove count <=2","Genus","e50d17ad0dc1144b6adebdcc150f3b51","Type 5",6,0.000708431037780627,1
"remove_count_le_2","Remove count <=2","Genus","8fa0171ff9cdc7f7e3d869c458a4a73a","Type 2",10,0.00118071839630105,1
"remove_count_le_2","Remove count <=2","Genus","29426558992083b53aba3b5adfb62ebc","Type 2",11,0.00129879023593115,1
"remove_count_le_2","Remove count <=2","Genus","fadf24138f6bd36ac33ba59dafc1be2b","Type 5",4,0.000472287358520418,1
"remove_count_le_2","Remove count <=2","Genus","ed198d2e3e59eb9b4f0cef8d45e05e98","Type 2",10,0.00118071839630105,1
"remove_count_le_2","Remove count <=2","Genus","71ddab1f3aa488f911f2b333353e2f78","Type 3",8,0.000944574717040836,1
"remove_count_le_2","Remove count <=2","Genus","8513c3d7e955e463f8fb4b0e3f8ca6b0","Type 4",5,0.000590359198150523,1
"remove_count_le_2","Remove count <=2","Genus","6e84be0d93bffb85cad87ffe27fc41f9","Type 3",14,0.00165300575482146,1
"remove_count_le_2","Remove count <=2","Genus","b6490793b61729fade75800b9a5746ab","Type 1",6,0.000708431037780627,1
"remove_count_le_2","Remove count <=2","Genus","9b21b487cca15d9243173e6003fe5f67","Type 4",12,0.00141686207556125,1
"remove_count_le_2","Remove count <=2","Genus","f8e719549495b584e09aed57e8d9b853","Type 4",27,0.00318793967001282,1
"remove_count_le_2","Remove count <=2","Genus","db9c46272955268b239e5d89618d7ac1","Type 3",8,0.000944574717040836,1
"remove_count_le_2","Remove count <=2","Genus","aeecfb2e13eb0e176bff7d58e44422f9","Type 1",9,0.00106264655667094,1
"remove_count_le_2","Remove count <=2","Genus","259733dd148441d7853462e466b51c86","Type 2",6,0.000708431037780627,1
"remove_count_le_2","Remove count <=2","Genus","4e9ca07dcaec7e38e8c0689eb78540e3","Type 3",11,0.00129879023593115,1
"remove_count_le_2","Remove count <=2","Genus","21967f8f24338037507b06be0cbaa356","Type 4",39,0.00460480174557408,1
"remove_count_le_2","Remove count <=2","Genus","86d9f851fe319e04da6496f277487456","Type 3",4,0.000472287358520418,1
"remove_count_le_2","Remove count <=2","Genus","d2b0b2aee1af0c2d0b268bbdd47e2924","Type 2",6,0.000708431037780627,1
"remove_count_le_2","Remove count <=2","Genus","d78c7661f8e59acd50c80e8f2fd19582","Type 5",18,0.00212529311334188,1
"remove_count_le_2","Remove count <=2","Genus","c9b3032f54d5eae836e9bbc111d61d57","Type 1",10,0.00118071839630105,1
"remove_count_le_2","Remove count <=2","Genus","c89aa29e55284c3120bbcee0177c18b9","Type 1",11,0.00129879023593115,1
"remove_count_le_2","Remove count <=2","Genus","c0948aae3210c6d223a5b3ac7bc18fb0","Type 2",8,0.000944574717040836,1
"remove_count_le_2","Remove count <=2","Genus","aa746099ad73c67aac56c81536549595","Type 5",6,0.000708431037780627,1
"remove_count_le_2","Remove count <=2","Genus","7515c96cc69c940c2521d2ed4ac90adc","Type 4",23,0.0027156523114924,2
"remove_count_le_2","Remove count <=2","Genus","4518e5b3f462a669d90839f07bd8c881","Type 2",11,0.00129879023593115,1
"remove_count_le_2","Remove count <=2","Genus","dcf66aa40723a77eaf2bb42cb2c63f73","Type 5",13,0.00153493391519136,1
"remove_count_le_2","Remove count <=2","Genus","07f823ed91fe424a88e175a9101db80f","Type 3",13,0.00153493391519136,1
"remove_count_le_2","Remove count <=2","Genus","e3cf88a0fc4731af23d477c14f7f8de6","Type 2",23,0.0027156523114924,1
"remove_count_le_2","Remove count <=2","Genus","46b0ba5afe1e2b9268573006c628405a","Type 3",11,0.00129879023593115,1
"remove_count_le_2","Remove count <=2","Genus","bff2858a173d483d7604323d8fc9a6e9","Type 4",55,0.00649395117965575,1
"remove_count_le_2","Remove count <=2","Genus","9ac455d7d7a26fed46036043403628e6","Type 4",34,0.00401444254742355,1
"remove_count_le_2","Remove count <=2","Genus","2235fb3906484370e48c37388c4cd746","Type 3",100,0.0118071839630105,1
"remove_count_le_2","Remove count <=2","Genus","488029799c26f2d7eaf7df8899ad7c34","Type 2",10,0.00118071839630105,1
"remove_count_le_2","Remove count <=2","Genus","79c2d824228c4d17533d54fa05f593ed","Type 5",20,0.00236143679260209,1
"remove_count_le_2","Remove count <=2","Genus","79efcc373159c11685c8a7343b8e0cd9","Type 5",13,0.00153493391519136,1
"remove_count_le_2","Remove count <=2","Genus","cbb091b5e5b0289d04c52c93172f0400","Type 5",14,0.00165300575482146,2
"remove_count_le_2","Remove count <=2","Genus","9fb4d1ef56025a3efd044096543a3686","Type 1",12,0.00141686207556125,1
"remove_count_le_2","Remove count <=2","Genus","041a808460c3e20eb708113a5ae6533d","Type 1",478,0.05643833934319,1
"remove_count_le_2","Remove count <=2","Genus","4961a9855736776cbb628fcf27ee7f72","Type 5",3,0.000354215518890314,1
"remove_count_le_2","Remove count <=2","Genus","8d3243f2860964ff8177daf941fb6068","Type 4",8,0.000944574717040836,1
"remove_count_le_2","Remove count <=2","Genus","1a917b265c943f0b7fe898239bb29ed5","Type 5",6,0.000708431037780627,1
"remove_count_le_2","Remove count <=2","Genus","79ab60724f24643048b657b079f00b4b","Type 4",29,0.00342408334927303,1
"remove_count_le_2","Remove count <=2","Genus","f7734641299f704d4883f5df11e8e3ab","Type 2",24,0.00283372415112251,1
"remove_count_le_10","Remove count <=10","ASV","2e914ff49c78ff61df377999bbc52463","Type 2",28,0.00331875058522611,1
"remove_count_le_10","Remove count <=10","ASV","1e03fdb868a49592c42413838bb69e55","Type 2",16,0.00189642890584349,1
"remove_count_le_10","Remove count <=10","ASV","3859ddfb4885964844ff7ada513a2597","Type 4",17,0.00201495571245871,1
"remove_count_le_10","Remove count <=10","ASV","892feb56530bc24bd758934e83f18b92","Type 3",18,0.00213348251907393,1
"remove_count_le_10","Remove count <=10","ASV","8da656b93b56d27656de7516bf314565","Type 4",13,0.00154084848599784,1
"remove_count_le_10","Remove count <=10","ASV","c14e1054ccbbabd5f6ed8a6dab092c54","Type 5",59,0.00699308159029787,1
"remove_count_le_10","Remove count <=10","ASV","5d3f0656e47a33688c5d82c089cee67a","Type 3",37,0.00438549184476307,1
"remove_count_le_10","Remove count <=10","ASV","bcd0a153d188ac7b99c551d978ed960c","Type 1",11,0.0013037948727674,1
"remove_count_le_10","Remove count <=10","ASV","94fbb4b0771a91a921b26ff604e962c3","Type 2",20,0.00237053613230436,1
"remove_count_le_10","Remove count <=10","ASV","7f57656c2903cc0e4a5413209d4da1af","Type 5",260,0.0308169697199567,1
"remove_count_le_10","Remove count <=10","ASV","784dfe428331c049d5a0a20fd7a939fe","Type 5",203,0.0240609417428893,1
"remove_count_le_10","Remove count <=10","ASV","1ae95ce3e36377cc8659e64be3ab084e","Type 1",64,0.00758571562337396,1
"remove_count_le_10","Remove count <=10","ASV","7f8c11f5c31010b6715c3ca9ef6200fa","Type 5",146,0.0173049137658218,1
"remove_count_le_10","Remove count <=10","ASV","13ce8e79125adaa98c679516562ef5c1","Type 5",79,0.00936361772260223,1
"remove_count_le_10","Remove count <=10","ASV","2bf330a9022d84769b9614e94b2f538c","Type 1",12,0.00142232167938262,1
"remove_count_le_10","Remove count <=10","ASV","ebd2302aa5ede11e50f02551f053e107","Type 4",74,0.00877098368952614,1
"remove_count_le_10","Remove count <=10","ASV","4255f97aa6e37ce703f23fa0ba17cabf","Type 4",68,0.00805982284983483,1
"remove_count_le_10","Remove count <=10","ASV","5eb228bf1c42062f4a1bb7483a4d7587","Type 5",132,0.0156455384732088,1
"remove_count_le_10","Remove count <=10","ASV","6eaafdb42f2224a2c5efcbfe3bedb458","Type 5",210,0.0248906293891958,1
"remove_count_le_10","Remove count <=10","ASV","e0149147e75d7ce43fb933adea48ae7d","Type 4",27,0.00320022377861089,1
"remove_count_le_10","Remove count <=10","ASV","12166a5b0d932270f5123713f39afc4f","Type 4",16,0.00189642890584349,1
"remove_count_le_10","Remove count <=10","ASV","4796c398c36fe1a5150f394dacfdc43a","Type 4",21,0.00248906293891958,1
"remove_count_le_10","Remove count <=10","ASV","ac11709ab52cb834e916bfa1567a05cf","Type 5",32,0.00379285781168698,1
"remove_count_le_10","Remove count <=10","ASV","b4b5bc5494038ab50066faf48f1f6c4d","Type 2",24,0.00284464335876523,1
"remove_count_le_10","Remove count <=10","ASV","ee974b4d7e49cc84bc2a7503e47d54f0","Type 1",23,0.00272611655215002,1
"remove_count_le_10","Remove count <=10","ASV","f876aca38d2dbd1e06594034ea45d23b","Type 1",12,0.00142232167938262,1
"remove_count_le_10","Remove count <=10","ASV","34ce2d1fda8aba78d83daa5247f6e2eb","Type 4",15,0.00177790209922827,1
"remove_count_le_10","Remove count <=10","ASV","9ea4485f2cee6635d12db81b107c8ef2","Type 4",12,0.00142232167938262,1
"remove_count_le_10","Remove count <=10","ASV","53fc93dac42e393533fe2e8e0af269be","Type 1",16,0.00189642890584349,1
"remove_count_le_10","Remove count <=10","ASV","10338681707ca5771140ff6bd4937dd3","Type 2",14,0.00165937529261305,1
"remove_count_le_10","Remove count <=10","ASV","49e813348c65c7235cb09451648467d0","Type 2",21,0.00248906293891958,1
"remove_count_le_10","Remove count <=10","ASV","73a750d3b2a6e91e041ef166875e1804","Type 4",14,0.00165937529261305,1
"remove_count_le_10","Remove count <=10","ASV","1244b52e57b08f9ae61d0b38954e4718","Type 5",14,0.00165937529261305,1
"remove_count_le_10","Remove count <=10","ASV","a0a860ac77f1ad13600841fef376d52d","Type 5",44,0.0052151794910696,1
"remove_count_le_10","Remove count <=10","ASV","6d14cfb6da0fc9a4e9ea96d08ae0e079","Type 5",94,0.0111415198218305,1
"remove_count_le_10","Remove count <=10","ASV","86a06b58ab42d89224e34bbe11e2fa0b","Type 5",88,0.0104303589821392,1
"remove_count_le_10","Remove count <=10","ASV","92b44739c956b7f3946b176b16c3a376","Type 5",52,0.00616339394399134,1
"remove_count_le_10","Remove count <=10","ASV","94037073e80ac57b83c2796d57daf524","Type 4",54,0.00640044755722178,1
"remove_count_le_10","Remove count <=10","ASV","688c187c313cad335eebd97a15430f10","Type 5",17,0.00201495571245871,1
"remove_count_le_10","Remove count <=10","ASV","9c30c44d4987b64b2049eee6b3e27e13","Type 5",14,0.00165937529261305,1
"remove_count_le_10","Remove count <=10","ASV","89b4edcf0f4cada56a400b58769bbb8b","Type 1",38,0.00450401865137829,1
"remove_count_le_10","Remove count <=10","ASV","e8a982d893c071c22434b8c9bdcaa162","Type 2",28,0.00331875058522611,1
"remove_count_le_10","Remove count <=10","ASV","a4ef26785e961b55a96c70380e5cbe6b","Type 4",24,0.00284464335876523,1
"remove_count_le_10","Remove count <=10","ASV","f56193885befb53daefd2f32fac2fd5a","Type 2",13,0.00154084848599784,1
"remove_count_le_10","Remove count <=10","ASV","fd06b5bd8feab452ba90c4c2eb3729ac","Type 4",108,0.0128008951144436,1
"remove_count_le_10","Remove count <=10","ASV","2e728bead79d32a1b0788c8f2d3d8420","Type 2",14,0.00165937529261305,1
"remove_count_le_10","Remove count <=10","ASV","34085f1836e0fbc2e8a1843a65e93757","Type 1",12,0.00142232167938262,1
"remove_count_le_10","Remove count <=10","ASV","c67f047c0ed1a8beade5ac9b982881e5","Type 1",15,0.00177790209922827,1
"remove_count_le_10","Remove count <=10","ASV","2e9cafa6d587316096144e3d099fb30a","Type 2",17,0.00201495571245871,1
"remove_count_le_10","Remove count <=10","ASV","a0cd40d7714e666b1d764840b3cdf319","Type 1",18,0.00213348251907393,1
"remove_count_le_10","Remove count <=10","ASV","76f5c1687759e26c693a6f539fe2009d","Type 3",15,0.00177790209922827,1
"remove_count_le_10","Remove count <=10","ASV","f7c6068b3dede3a9d48719319aa5cc1e","Type 5",47,0.00557075991091525,1
"remove_count_le_10","Remove count <=10","ASV","fc754cb1fe3f0d2b6fc08490db74c1b1","Type 2",14,0.00165937529261305,1
"remove_count_le_10","Remove count <=10","ASV","858a3201b3fc82d96e1a176f1914717b","Type 4",11,0.0013037948727674,1
"remove_count_le_10","Remove count <=10","ASV","f3c9c6e5208843a0daef9a69261ee36b","Type 5",24,0.00284464335876523,1
"remove_count_le_10","Remove count <=10","ASV","9a632852f5d6fc1f4b29ba0db706c53a","Type 4",24,0.00284464335876523,1
"remove_count_le_10","Remove count <=10","ASV","ce67fc512d59368dd4f9fcf5161dbc21","Type 2",11,0.0013037948727674,1
"remove_count_le_10","Remove count <=10","ASV","69ff34f58e584c0b1b02a7bcfdf855fd","Type 2",15,0.00177790209922827,1
"remove_count_le_10","Remove count <=10","ASV","b15df828ee156e7ec0ff6300f38222e0","Type 2",12,0.00142232167938262,1
"remove_count_le_10","Remove count <=10","ASV","bbf9701d11f99ba22b59aca793ec3768","Type 3",17,0.00201495571245871,1
"remove_count_le_10","Remove count <=10","ASV","8637f7159567d7bfd9450413bb4179a2","Type 3",18,0.00213348251907393,1
"remove_count_le_10","Remove count <=10","ASV","be102a29264374176f6312d177b6d6cd","Type 2",24,0.00284464335876523,1
"remove_count_le_10","Remove count <=10","ASV","e0d57b1a5e59d57d24560ea8ef310b24","Type 1",11,0.0013037948727674,1
"remove_count_le_10","Remove count <=10","ASV","6ecd5dc263a525a429f3ace47e327c8c","Type 3",39,0.00462254545799351,1
"remove_count_le_10","Remove count <=10","ASV","d04774ec0ad626b2f528a513ef76e16e","Type 3",18,0.00213348251907393,1
"remove_count_le_10","Remove count <=10","ASV","7315dea030ebc0c0d2758a3b7aebd3cd","Type 3",11,0.0013037948727674,1
"remove_count_le_10","Remove count <=10","ASV","8b6f8757dcb356592ffba81e1e0debfc","Type 1",11,0.0013037948727674,1
"remove_count_le_10","Remove count <=10","ASV","7526a2c95c696fd8ca937ccd68bd2fcd","Type 3",21,0.00248906293891958,1
"remove_count_le_10","Remove count <=10","ASV","f4699a19fdee63d61a6caf46f5ecc390","Type 1",16,0.00189642890584349,1
"remove_count_le_10","Remove count <=10","ASV","bb1eb107d0a61c6060bbaf6966cf0f61","Type 4",22,0.0026075897455348,1
"remove_count_le_10","Remove count <=10","ASV","263fefc8e16acfee860dfd87afde222a","Type 3",14,0.00165937529261305,1
"remove_count_le_10","Remove count <=10","ASV","ea6e2a0954e19c543f780f4200b9beb0","Type 4",80,0.00948214452921745,1
"remove_count_le_10","Remove count <=10","ASV","809fe7ebc5cf81685b4d892d4ee81dc4","Type 4",14,0.00165937529261305,1
"remove_count_le_10","Remove count <=10","ASV","be8ca1b65b651c1c2e1bd0342ff2858a","Type 1",33,0.0039113846183022,1
"remove_count_le_10","Remove count <=10","ASV","ca72d1846c3120018243565d958062b1","Type 1",14,0.00165937529261305,1
"remove_count_le_10","Remove count <=10","ASV","8e87521a820f0ca80e3a5539e826fe4d","Type 2",32,0.00379285781168698,1
"remove_count_le_10","Remove count <=10","ASV","e8db59aad496e7ea6f56be95b50561d9","Type 3",28,0.00331875058522611,1
"remove_count_le_10","Remove count <=10","ASV","ac885b8716416b7e6b222fa583c4d9bc","Type 5",32,0.00379285781168698,1
"remove_count_le_10","Remove count <=10","ASV","6a6612ea89b0909f6c6e962f257c68ee","Type 3",14,0.00165937529261305,1
"remove_count_le_10","Remove count <=10","ASV","15287379f901b0787b04f6432a2f8bcf","Type 3",36,0.00426696503814785,1
"remove_count_le_10","Remove count <=10","ASV","82f63b24bb472e877b421b4d57b0adb7","Type 2",27,0.00320022377861089,1
"remove_count_le_10","Remove count <=10","ASV","d8123e3efcf0d3a797b395b1d7c65d48","Type 1",32,0.00379285781168698,1
"remove_count_le_10","Remove count <=10","ASV","1ee82c805bf01f801b44485c9187ccdf","Type 1",28,0.00331875058522611,1
"remove_count_le_10","Remove count <=10","ASV","ab21968769fce8fd83ac32c4c2d98df3","Type 2",35,0.00414843823153263,1
"remove_count_le_10","Remove count <=10","ASV","48ef97a59348879746a89b80d1593b15","Type 4",11,0.0013037948727674,1
"remove_count_le_10","Remove count <=10","ASV","bd559716e3bf152a62fbcbfc0a0cc1a2","Type 3",21,0.00248906293891958,1
"remove_count_le_10","Remove count <=10","ASV","1a33ed79a9c8e83630551bde1a575306","Type 3",18,0.00213348251907393,1
"remove_count_le_10","Remove count <=10","ASV","b0fe4620dfa192867543b0391db708e7","Type 1",17,0.00201495571245871,1
"remove_count_le_10","Remove count <=10","ASV","605498fd33deaba7f4b923afd4d50234","Type 2",30,0.00355580419845654,1
"remove_count_le_10","Remove count <=10","ASV","dee51dc122d97706cd45e35ed0343dcc","Type 2",14,0.00165937529261305,1
"remove_count_le_10","Remove count <=10","ASV","545e02d32bf168637a36e7689eb58894","Type 2",17,0.00201495571245871,1
"remove_count_le_10","Remove count <=10","ASV","029c76efcff7044afc7a4d56e859c483","Type 2",15,0.00177790209922827,1
"remove_count_le_10","Remove count <=10","ASV","704ec5c71a4dcf69af39f440e796b6a7","Type 4",23,0.00272611655215002,1
"remove_count_le_10","Remove count <=10","ASV","9a8c1d47b27b348d020dba894d2fadc4","Type 3",33,0.0039113846183022,1
"remove_count_le_10","Remove count <=10","ASV","05fca37ecccd748bbd5f890e103fe064","Type 3",15,0.00177790209922827,1
"remove_count_le_10","Remove count <=10","ASV","18905163f64e0e1b72929d15301400a9","Type 1",38,0.00450401865137829,1
"remove_count_le_10","Remove count <=10","ASV","c86620f71264f85026aec7d80edfdfa3","Type 5",13,0.00154084848599784,1
"remove_count_le_10","Remove count <=10","ASV","e4fe773517284737f6ea24d33053eca9","Type 3",37,0.00438549184476307,1
"remove_count_le_10","Remove count <=10","ASV","df44111a770b5aff2adb4b6a4ad4d970","Type 4",21,0.00248906293891958,1
"remove_count_le_10","Remove count <=10","ASV","e4c40c43c5710d384a07c987ab71574e","Type 1",17,0.00201495571245871,1
"remove_count_le_10","Remove count <=10","ASV","2a1c8e1b3ea9419b4c896b257a26f73a","Type 1",27,0.00320022377861089,1
"remove_count_le_10","Remove count <=10","ASV","414bfae9378a1bfc0d79b16b675a5f37","Type 3",26,0.00308169697199567,1
"remove_count_le_10","Remove count <=10","ASV","cbf7363f07bf1590bed3e57d18c59c8f","Type 1",12,0.00142232167938262,1
"remove_count_le_10","Remove count <=10","ASV","d5ee8fb237c3ac979986e551500506f4","Type 2",35,0.00414843823153263,1
"remove_count_le_10","Remove count <=10","ASV","61e8c9aa8af06abe1ba4bd8e16b2c0cd","Type 3",18,0.00213348251907393,1
"remove_count_le_10","Remove count <=10","ASV","653031199ed0ae5648c816429d97b622","Type 2",13,0.00154084848599784,1
"remove_count_le_10","Remove count <=10","ASV","048f4634b52d147dc183cae3a575e29c","Type 1",23,0.00272611655215002,1
"remove_count_le_10","Remove count <=10","ASV","cd75e2e81b81e0d4619b75a844c93946","Type 4",30,0.00355580419845654,1
"remove_count_le_10","Remove count <=10","ASV","20d75890ee83f1dc28af464610366daf","Type 5",25,0.00296317016538045,1
"remove_count_le_10","Remove count <=10","ASV","a13dce895add088f18d0e430280854b1","Type 4",81,0.00960067133583267,1
"remove_count_le_10","Remove count <=10","ASV","b8f3a13c9cc30a48a4a180b2652d7da5","Type 3",12,0.00142232167938262,1
"remove_count_le_10","Remove count <=10","ASV","054a3d89b18fe9efb721eae0b64f969b","Type 5",20,0.00237053613230436,1
"remove_count_le_10","Remove count <=10","ASV","7eec12da6222538ec66ac1a2888d6aa8","Type 5",20,0.00237053613230436,1
"remove_count_le_10","Remove count <=10","ASV","6726658e6ed1b518f3cdae63d51007c1","Type 2",14,0.00165937529261305,1
"remove_count_le_10","Remove count <=10","ASV","18ceb20f4a0682ada2a5849583d8a6eb","Type 1",31,0.00367433100507176,1
"remove_count_le_10","Remove count <=10","ASV","8b9e29f5765766ac33b2527c18d32b7c","Type 3",17,0.00201495571245871,1
"remove_count_le_10","Remove count <=10","ASV","b55b0efc0da8f7009505a40d6b04c82f","Type 3",27,0.00320022377861089,1
"remove_count_le_10","Remove count <=10","ASV","71c05ef4f89bfda417762c6a3a199da5","Type 2",13,0.00154084848599784,1
"remove_count_le_10","Remove count <=10","ASV","c70da99b564b8891f929a4eae3dd9a8c","Type 1",12,0.00142232167938262,1
"remove_count_le_10","Remove count <=10","ASV","73948445c2534487d73c1402eb9ca852","Type 3",45,0.00533370629768482,1
"remove_count_le_10","Remove count <=10","ASV","247d602f05f66004cc0ed1b3836024b1","Type 4",11,0.0013037948727674,1
"remove_count_le_10","Remove count <=10","ASV","777af065fba986b3744a73d72c79c51d","Type 4",21,0.00248906293891958,1
"remove_count_le_10","Remove count <=10","ASV","e7b34c409013003481efa65b7f7e3b93","Type 1",12,0.00142232167938262,1
"remove_count_le_10","Remove count <=10","ASV","97a96f227b5f9223f5a8a4d5ffedfec1","Type 5",59,0.00699308159029787,1
"remove_count_le_10","Remove count <=10","ASV","23d171acc6abd7a3b01835aa1586b272","Type 5",44,0.0052151794910696,1
"remove_count_le_10","Remove count <=10","ASV","beb20ef494d6232af88af5f79dea8650","Type 1",42,0.00497812587783916,1
"remove_count_le_10","Remove count <=10","ASV","9073ab0471335f19d68073228d0d8fa4","Type 5",34,0.00402991142491742,1
"remove_count_le_10","Remove count <=10","ASV","a426da67f474e95bd6883cb451d2556b","Type 1",14,0.00165937529261305,1
"remove_count_le_10","Remove count <=10","ASV","e075d7d3b6ae899ef1e8ccba4cd5114e","Type 4",28,0.00331875058522611,1
"remove_count_le_10","Remove count <=10","ASV","3c4244cc9a4ac8c05c6605547bbd2895","Type 1",15,0.00177790209922827,1
"remove_count_le_10","Remove count <=10","ASV","b7172f5577a9d4583fd459d1ce1384c3","Type 1",13,0.00154084848599784,1
"remove_count_le_10","Remove count <=10","ASV","3d9bab20ff7fa14c79580dc7911db354","Type 5",136,0.0161196456996697,1
"remove_count_le_10","Remove count <=10","ASV","57794dda7db6c9ef4758685f4030ca8d","Type 4",16,0.00189642890584349,1
"remove_count_le_10","Remove count <=10","ASV","4c89ba9e18b32fa33d430e2a5f3eba7a","Type 5",26,0.00308169697199567,1
"remove_count_le_10","Remove count <=10","ASV","95c01b2cfdf98cd12b61f06d1d021ca0","Type 3",16,0.00189642890584349,1
"remove_count_le_10","Remove count <=10","ASV","080266a49210198ced78b29bcbf641fa","Type 3",12,0.00142232167938262,1
"remove_count_le_10","Remove count <=10","ASV","66457a5338a928780549ae32bc828a3b","Type 3",20,0.00237053613230436,1
"remove_count_le_10","Remove count <=10","ASV","a26d974dd6312398121659ff2ba0e2bf","Type 4",24,0.00284464335876523,2
"remove_count_le_10","Remove count <=10","ASV","a62f2ed69f644b4c05318e044b51a3d0","Type 3",11,0.0013037948727674,1
"remove_count_le_10","Remove count <=10","ASV","5519cf66820a84698c557cfc18a75f97","Type 4",13,0.00154084848599784,1
"remove_count_le_10","Remove count <=10","ASV","3cfc284a366fcbf3cfbefd9e65622026","Type 4",13,0.00154084848599784,1
"remove_count_le_10","Remove count <=10","ASV","3dd3a546bb917a7e3f7735244cb7a72b","Type 5",14,0.00165937529261305,1
"remove_count_le_10","Remove count <=10","ASV","e41d1fadd13c2115f985e88c98cfa1b8","Type 1",23,0.00272611655215002,1
"remove_count_le_10","Remove count <=10","ASV","192c931fcd56daaadfc0f9974b9167c9","Type 3",36,0.00426696503814785,1
"remove_count_le_10","Remove count <=10","ASV","56e07ad9980241f14da48c67494de950","Type 3",21,0.00248906293891958,1
"remove_count_le_10","Remove count <=10","ASV","a4b0c67b9aaa0550c3aad8ceccac4c17","Type 4",100,0.0118526806615218,1
"remove_count_le_10","Remove count <=10","ASV","cfec99201fc68be2d0488bcc76a12890","Type 3",22,0.0026075897455348,1
"remove_count_le_10","Remove count <=10","ASV","2bbf31764c85261ddd17b0ff809fbfd3","Type 5",14,0.00165937529261305,1
"remove_count_le_10","Remove count <=10","ASV","4b66566c95ccf63f5ed4f16168619155","Type 2",17,0.00201495571245871,2
"remove_count_le_10","Remove count <=10","ASV","24a92adf5b79c4a8990caa63936088bc","Type 2",19,0.00225200932568914,1
"remove_count_le_10","Remove count <=10","ASV","47a81270e3ab23f92ad6164b8dd6bfbf","Type 2",13,0.00154084848599784,1
"remove_count_le_10","Remove count <=10","ASV","826aea9b9348e45bf0798f0e3caa8bab","Type 3",22,0.0026075897455348,1
"remove_count_le_10","Remove count <=10","ASV","9dccc11f81d739fc004341835bf66f59","Type 3",17,0.00201495571245871,1
"remove_count_le_10","Remove count <=10","ASV","d231cb98c71c340f2b3b49773c386ef2","Type 4",15,0.00177790209922827,1
"remove_count_le_10","Remove count <=10","ASV","9943b6aa3ea852ac004ba815b6a169ef","Type 4",60,0.00711160839691309,1
"remove_count_le_10","Remove count <=10","ASV","e2c7b64622a6b88d3869feac53491890","Type 5",16,0.00189642890584349,1
"remove_count_le_10","Remove count <=10","ASV","dfdda03ad1026d959e6b4971644512b6","Type 2",25,0.00296317016538045,1
"remove_count_le_10","Remove count <=10","ASV","bfa5941e75f86644e661471e582b1658","Type 1",17,0.00201495571245871,1
"remove_count_le_10","Remove count <=10","ASV","492041d34f2eea4453c112bd8bcc68fa","Type 3",11,0.0013037948727674,1
"remove_count_le_10","Remove count <=10","ASV","18815ed70a4f67feb48fb20a33f8368b","Type 4",70,0.00829687646306527,1
"remove_count_le_10","Remove count <=10","ASV","15086b11aba21e987d754ecbb4fd1158","Type 1",11,0.0013037948727674,1
"remove_count_le_10","Remove count <=10","ASV","442f2cd92425da3998c8d1630aefc80b","Type 4",53,0.00628192075060656,1
"remove_count_le_10","Remove count <=10","ASV","07233d1bdcd3aac125eced8f3255d444","Type 3",11,0.0013037948727674,1
"remove_count_le_10","Remove count <=10","ASV","04a5b91f99436935e3522af66a4dc184","Type 4",26,0.00308169697199567,1
"remove_count_le_10","Remove count <=10","ASV","edb41708317b577142243a9418d79fb0","Type 5",56,0.00663750117045222,1
"remove_count_le_10","Remove count <=10","ASV","75edbfa5120612d564c4caae4aaa4033","Type 4",26,0.00308169697199567,1
"remove_count_le_10","Remove count <=10","ASV","523795f8f08737aec2ac4128f3b6d502","Type 2",13,0.00154084848599784,1
"remove_count_le_10","Remove count <=10","ASV","520711e285a51c13c12f1990c707e88e","Type 4",26,0.00308169697199567,1
"remove_count_le_10","Remove count <=10","ASV","8502c427f848df77383072ae00cf0e89","Type 5",359,0.0425511235748633,1
"remove_count_le_10","Remove count <=10","ASV","29fbb6c4bfe1ccc74f563199c2090905","Type 5",42,0.00497812587783916,1
"remove_count_le_10","Remove count <=10","ASV","ae082604d1ad207a83f4bd7179d830b3","Type 4",14,0.00165937529261305,1
"remove_count_le_10","Remove count <=10","ASV","7e906aac4bfefe0d9a86ccf8fd2b23e8","Type 4",37,0.00438549184476307,1
"remove_count_le_10","Remove count <=10","ASV","a1bb2027b0704d6f3d2a5917c0b26c4e","Type 1",18,0.00213348251907393,2
"remove_count_le_10","Remove count <=10","ASV","68dd96ed48888354c0248741aad60f31","Type 4",18,0.00213348251907393,1
"remove_count_le_10","Remove count <=10","ASV","424d265622fba0f34bc3454727c5574b","Type 1",14,0.00165937529261305,1
"remove_count_le_10","Remove count <=10","ASV","ee5be990233f99eded70433e365148ee","Type 1",45,0.00533370629768482,1
"remove_count_le_10","Remove count <=10","ASV","cd996ce9a2e22ac638f602422d6163ae","Type 3",16,0.00189642890584349,1
"remove_count_le_10","Remove count <=10","ASV","d0bbb3cf6f8c4d7a6fdd6a81d94daa81","Type 3",14,0.00165937529261305,1
"remove_count_le_10","Remove count <=10","ASV","0ffe8c3708edd90a3777487c68d40b90","Type 1",29,0.00343727739184133,1
"remove_count_le_10","Remove count <=10","ASV","657bd2c689f54713d1b237b655dd8480","Type 1",16,0.00189642890584349,1
"remove_count_le_10","Remove count <=10","ASV","d419db02c125e2d7f91319e8fa284390","Type 1",16,0.00189642890584349,1
"remove_count_le_10","Remove count <=10","ASV","3f23ceb1ef108f7ce9cc7e5665c1f6af","Type 2",46,0.00545223310430003,1
"remove_count_le_10","Remove count <=10","ASV","7cd8a53a94d8ffa75abb0ad63ef3c2c8","Type 4",31,0.00367433100507176,1
"remove_count_le_10","Remove count <=10","ASV","f72abff20162a869f7fb14c9b9468835","Type 4",36,0.00426696503814785,1
"remove_count_le_10","Remove count <=10","ASV","4a61a2b4a61e16813fe4d51ff38dd8bd","Type 4",32,0.00379285781168698,1
"remove_count_le_10","Remove count <=10","ASV","bcdb82d673e7f6e7447e7512e846dcf7","Type 2",31,0.00367433100507176,1
"remove_count_le_10","Remove count <=10","ASV","7f592e98ad366477c8022b26133d0091","Type 4",46,0.00545223310430003,1
"remove_count_le_10","Remove count <=10","ASV","e50b139105cb4064eb6373e614fed20a","Type 2",22,0.0026075897455348,1
"remove_count_le_10","Remove count <=10","ASV","cd82c9bd767109b3ca7c8e86c03ec444","Type 5",95,0.0112600466284457,1
"remove_count_le_10","Remove count <=10","ASV","0618cf9c34ee4df6b087853875912d28","Type 1",35,0.00414843823153263,1
"remove_count_le_10","Remove count <=10","ASV","6b6f04347d8385126935c22e8414ddb0","Type 1",40,0.00474107226460873,1
"remove_count_le_10","Remove count <=10","ASV","7b6b658ea8035ee681dbf66dab76c00c","Type 5",47,0.00557075991091525,1
"remove_count_le_10","Remove count <=10","ASV","28fcecdd4f13c2afa6fe633ae8c3b25a","Type 3",26,0.00308169697199567,1
"remove_count_le_10","Remove count <=10","ASV","e193284193d0555199648d6fe8ab413e","Type 2",15,0.00177790209922827,1
"remove_count_le_10","Remove count <=10","ASV","bae61bbffd0eedfe800a2cc439ce9ce4","Type 2",37,0.00438549184476307,1
"remove_count_le_10","Remove count <=10","ASV","8f88d3ea5e28a765eb4aa889beb40002","Type 4",25,0.00296317016538045,1
"remove_count_le_10","Remove count <=10","ASV","fdd6eb14382579bbadaa8aa8d8fd5bb2","Type 5",99,0.0117341538549066,1
"remove_count_le_10","Remove count <=10","ASV","311f82d4fd5b43235054aee6289fe9a4","Type 1",14,0.00165937529261305,1
"remove_count_le_10","Remove count <=10","ASV","04151147f511f49cfecc16af42fca5d2","Type 4",31,0.00367433100507176,1
"remove_count_le_10","Remove count <=10","ASV","23d9592a5e4e37ac56b5de57300671c8","Type 1",13,0.00154084848599784,1
"remove_count_le_10","Remove count <=10","ASV","dda061028004d41f250f025ec9667d05","Type 1",37,0.00438549184476307,1
"remove_count_le_10","Remove count <=10","ASV","51afe6f25ec5be5d9c5aeddcb4e66131","Type 4",28,0.00331875058522611,1
"remove_count_le_10","Remove count <=10","ASV","cfbd8f5af4a8eaf8629d5121f245d3ba","Type 2",14,0.00165937529261305,1
"remove_count_le_10","Remove count <=10","ASV","238ed3a0d258e7fbd0ef5f5d69467a12","Type 5",106,0.0125638415012131,1
"remove_count_le_10","Remove count <=10","ASV","220e2a2b77903f1acc66366fbbb22ac1","Type 5",65,0.00770424242998918,1
"remove_count_le_10","Remove count <=10","ASV","ad058722cc7080d62b46b086572cb3b9","Type 4",12,0.00142232167938262,1
"remove_count_le_10","Remove count <=10","ASV","64ba83c26d7ba4305f1d13a770f7a5be","Type 1",80,0.00948214452921745,1
"remove_count_le_10","Remove count <=10","ASV","05d6e52f43d7282a75681384ad5ff6d8","Type 2",15,0.00177790209922827,1
"remove_count_le_10","Remove count <=10","ASV","1bbda1bd1ed2497f117db89ae37adc90","Type 4",30,0.00355580419845654,1
"remove_count_le_10","Remove count <=10","ASV","96cbbc1380a2fef582d73b372e485e62","Type 2",14,0.00165937529261305,1
"remove_count_le_10","Remove count <=10","ASV","fb0ad60ced49855048379742780e2529","Type 1",21,0.00248906293891958,1
"remove_count_le_10","Remove count <=10","ASV","f502ab3ec6263cd75a3609a76c6b0c44","Type 1",18,0.00213348251907393,1
"remove_count_le_10","Remove count <=10","ASV","3e8d09c7f1cbfb4fabd9d69f8119e60a","Type 1",21,0.00248906293891958,1
"remove_count_le_10","Remove count <=10","ASV","f9631fc9ac60a726ce57f64f6bbed3d9","Type 2",34,0.00402991142491742,1
"remove_count_le_10","Remove count <=10","ASV","8b045de6f7dd2a63ed4a4d4ac04d7a19","Type 4",17,0.00201495571245871,1
"remove_count_le_10","Remove count <=10","ASV","85eda76aff096e0b6fac26742776c12f","Type 4",36,0.00426696503814785,1
"remove_count_le_10","Remove count <=10","ASV","d77aff99f894706a2a1f9cdb8316f687","Type 1",80,0.00948214452921745,1
"remove_count_le_10","Remove count <=10","ASV","356ffd020a9e8bb3646e2809ae2187f9","Type 3",16,0.00189642890584349,1
"remove_count_le_10","Remove count <=10","ASV","f436e8c0a679f4ac07269f8f755ce58a","Type 5",15,0.00177790209922827,1
"remove_count_le_10","Remove count <=10","ASV","f687ad0122d17e879ef838e74fbeebcb","Type 2",27,0.00320022377861089,1
"remove_count_le_10","Remove count <=10","ASV","f9f901ece633ba981d92e738c875a484","Type 3",15,0.00177790209922827,1
"remove_count_le_10","Remove count <=10","ASV","7e571da0a9eeba30fcd37d56e243a2db","Type 4",18,0.00213348251907393,1
"remove_count_le_10","Remove count <=10","ASV","d5e9ebc22ca9b62b1fffe7782e365747","Type 2",30,0.00355580419845654,2
"remove_count_le_10","Remove count <=10","ASV","363727d90392e18e776aed1f3a71e89f","Type 2",12,0.00142232167938262,1
"remove_count_le_10","Remove count <=10","ASV","bb22e6d2b4e7939ff1edc50cab5c9130","Type 1",23,0.00272611655215002,1
"remove_count_le_10","Remove count <=10","ASV","3dd4409bdc87be1e492b2082b76e4ba9","Type 4",13,0.00154084848599784,1
"remove_count_le_10","Remove count <=10","ASV","6f91497606fe421fc1ff59d7d55e1186","Type 3",12,0.00142232167938262,1
"remove_count_le_10","Remove count <=10","ASV","ec838891faa3317f3afcd2d38b4e1923","Type 2",13,0.00154084848599784,1
"remove_count_le_10","Remove count <=10","ASV","670c1354afc6609d91dfc4184546ea58","Type 1",13,0.00154084848599784,1
"remove_count_le_10","Remove count <=10","ASV","a7ffb15524e3ef43b0311b3cd60f8156","Type 2",11,0.0013037948727674,1
"remove_count_le_10","Remove count <=10","ASV","caa5248c2660878fac2218b81b13b8e0","Type 5",33,0.0039113846183022,1
"remove_count_le_10","Remove count <=10","ASV","126f3c073f21d6632d9d256142537db3","Type 2",13,0.00154084848599784,1
"remove_count_le_10","Remove count <=10","ASV","cdd9e0b6ebfedae692db465b04f93178","Type 4",12,0.00142232167938262,1
"remove_count_le_10","Remove count <=10","ASV","b237acb7c9ea317b7038f24d96d5d302","Type 1",13,0.00154084848599784,1
"remove_count_le_10","Remove count <=10","ASV","455bc63de8cb4c9b308f9ba69f3af0b2","Type 3",12,0.00142232167938262,1
"remove_count_le_10","Remove count <=10","ASV","2513f9843a703a7416099a3fa5c07d4c","Type 2",11,0.0013037948727674,1
"remove_count_le_10","Remove count <=10","ASV","c95694f9e5f84f0518ab08af3e4811ec","Type 1",11,0.0013037948727674,1
"remove_count_le_10","Remove count <=10","ASV","1791749033c033469311c89113bf3622","Type 4",22,0.0026075897455348,1
"remove_count_le_10","Remove count <=10","ASV","108a4977d68123dfb038a844e0914e68","Type 2",41,0.00485959907122394,1
"remove_count_le_10","Remove count <=10","ASV","d023c6190da06c1d2d1f1477046cc3e3","Type 4",26,0.00308169697199567,1
"remove_count_le_10","Remove count <=10","ASV","d9a49f47c3835a42553e8e6bfd808773","Type 4",15,0.00177790209922827,1
"remove_count_le_10","Remove count <=10","ASV","8459d7cb3a2b19a181aa31512f398869","Type 4",15,0.00177790209922827,1
"remove_count_le_10","Remove count <=10","ASV","45e3f3f280507375f3d96c07e56be4c3","Type 4",182,0.0215718788039697,1
"remove_count_le_10","Remove count <=10","ASV","8c4d4bf4728b84e9a3f5c81a5bbcb20e","Type 5",29,0.00343727739184133,1
"remove_count_le_10","Remove count <=10","ASV","59e9209bb9de2d2ed76c4419a5d696dd","Type 5",20,0.00237053613230436,1
"remove_count_le_10","Remove count <=10","ASV","47197ee817bb57421f861e8b877e0588","Type 4",572,0.0677973333839048,1
"remove_count_le_10","Remove count <=10","ASV","16c63bbdf90bb1ded0a26d5fa70c0036","Type 4",16,0.00189642890584349,1
"remove_count_le_10","Remove count <=10","ASV","e863f60c2b404781ce435283c0b37574","Type 4",22,0.0026075897455348,1
"remove_count_le_10","Remove count <=10","ASV","de2b4b14636d09e2d4611f822ab82457","Type 5",69,0.00817834965645005,1
"remove_count_le_10","Remove count <=10","ASV","8330e416f5e9763da505ceb4330ea51d","Type 2",23,0.00272611655215002,1
"remove_count_le_10","Remove count <=10","ASV","c8f2f61d52781e18cc8ac65f9f89fcd1","Type 1",12,0.00142232167938262,1
"remove_count_le_10","Remove count <=10","ASV","b230581a663e0797c9116d2661cab125","Type 3",38,0.00450401865137829,1
"remove_count_le_10","Remove count <=10","ASV","4ca87931296e46e2741cdfd5d76d51e4","Type 4",11,0.0013037948727674,1
"remove_count_le_10","Remove count <=10","ASV","2c006b1016329ed90476ea009bf4606e","Type 2",25,0.00296317016538045,1
"remove_count_le_10","Remove count <=10","ASV","fe278eabfc85664fcf6e9acd8162be2d","Type 2",31,0.00367433100507176,1
"remove_count_le_10","Remove count <=10","ASV","a85cbd6cdbe21b8a481bd62661cdbb17","Type 1",21,0.00248906293891958,1
"remove_count_le_10","Remove count <=10","ASV","d69b34a41f5aa24c90f7d564311da27f","Type 1",20,0.00237053613230436,1
"remove_count_le_10","Remove count <=10","ASV","e44a352ce6fd903864f5e6d7b0d9048e","Type 1",12,0.00142232167938262,1
"remove_count_le_10","Remove count <=10","ASV","39da947d17b83a970fd2e6f749f1f83c","Type 1",20,0.00237053613230436,1
"remove_count_le_10","Remove count <=10","ASV","0a22045d1af57188e792411f56c7816d","Type 1",15,0.00177790209922827,1
"remove_count_le_10","Remove count <=10","ASV","630098d7056f6b23cb94fa1e04c7339c","Type 3",16,0.00189642890584349,1
"remove_count_le_10","Remove count <=10","ASV","c424e25d38598a304a88f865cc220714","Type 1",30,0.00355580419845654,1
"remove_count_le_10","Remove count <=10","ASV","40789c2114ba86642e3567cf4c9f17d2","Type 2",12,0.00142232167938262,1
"remove_count_le_10","Remove count <=10","ASV","50a12e0b6a6399f107bdfcadc93a8cc4","Type 4",22,0.0026075897455348,1
"remove_count_le_10","Remove count <=10","ASV","300837fe392a9506546f1970bd365d4b","Type 1",15,0.00177790209922827,1
"remove_count_le_10","Remove count <=10","ASV","b10310466c3f849345358aed50009bfd","Type 2",22,0.0026075897455348,1
"remove_count_le_10","Remove count <=10","ASV","359ecad657c87d48177d81d15298e080","Type 4",17,0.00201495571245871,1
"remove_count_le_10","Remove count <=10","ASV","05fcdbf22abe66e94b0ede4dfd85ca1e","Type 1",22,0.0026075897455348,2
"remove_count_le_10","Remove count <=10","ASV","67b916caef6efb59d8255dbf58b35007","Type 2",12,0.00142232167938262,1
"remove_count_le_10","Remove count <=10","ASV","b765346d065e508c6263c505decbb3f2","Type 5",54,0.00640044755722178,1
"remove_count_le_10","Remove count <=10","ASV","b723944ca7a77c9a7a36b0b233b77802","Type 1",13,0.00154084848599784,1
"remove_count_le_10","Remove count <=10","ASV","13fb1106cb988b93d742c82bb067cd7c","Type 1",36,0.00426696503814785,1
"remove_count_le_10","Remove count <=10","ASV","1422aef8849148a9b52ce185862dc22f","Type 2",19,0.00225200932568914,1
"remove_count_le_10","Remove count <=10","ASV","1a7e4f61cb855f1cf44b93f02d1e46e3","Type 3",12,0.00142232167938262,1
"remove_count_le_10","Remove count <=10","ASV","b9879da874f023629c4384ada519ba98","Type 3",21,0.00248906293891958,1
"remove_count_le_10","Remove count <=10","ASV","349bbba3e453a6a521f1a9eac332dd98","Type 3",31,0.00367433100507176,1
"remove_count_le_10","Remove count <=10","ASV","5717d67a168720c02bf93002d63744cb","Type 4",11,0.0013037948727674,1
"remove_count_le_10","Remove count <=10","ASV","08f8fc5189cd6ed0162bccde0be02367","Type 2",13,0.00154084848599784,1
"remove_count_le_10","Remove count <=10","ASV","fe00e9dc2b0d57671c5d87b12972291f","Type 2",18,0.00213348251907393,1
"remove_count_le_10","Remove count <=10","ASV","b75243ba24dd1bca83a696c6c58c9428","Type 2",13,0.00154084848599784,1
"remove_count_le_10","Remove count <=10","ASV","205b8ebbe28117767c6974e1c4e05f03","Type 3",78,0.00924509091598701,1
"remove_count_le_10","Remove count <=10","ASV","3d0b7ef791c9da681208357df760c2bf","Type 5",24,0.00284464335876523,1
"remove_count_le_10","Remove count <=10","ASV","1b572d1a5d309b0c223612f94c9291d0","Type 3",21,0.00248906293891958,1
"remove_count_le_10","Remove count <=10","ASV","55f4680484871fcda4400deafa7fb33b","Type 3",60,0.00711160839691309,1
"remove_count_le_10","Remove count <=10","ASV","696db1c0427aa5a7996d4c3a73306172","Type 4",46,0.00545223310430003,1
"remove_count_le_10","Remove count <=10","ASV","d28702f527ca84119434a5d089dea094","Type 1",143,0.0169493333459762,1
"remove_count_le_10","Remove count <=10","ASV","d4841fd1d61b4703cdd6ce863db17fea","Type 1",34,0.00402991142491742,1
"remove_count_le_10","Remove count <=10","ASV","0284a191bcee8c9f60a648f93ef001a6","Type 3",22,0.0026075897455348,1
"remove_count_le_10","Remove count <=10","ASV","00cfc29ac04e18cd07d7304660e727e6","Type 4",30,0.00355580419845654,1
"remove_count_le_10","Remove count <=10","ASV","dc390144e9abffd1f6d1acb507cbfc5e","Type 3",39,0.00462254545799351,1
"remove_count_le_10","Remove count <=10","ASV","87035d920420b74c23302e3b282b26e6","Type 1",13,0.00154084848599784,1
"remove_count_le_10","Remove count <=10","ASV","c55ca5a484eb8da50b59f3827aac2cc2","Type 3",13,0.00154084848599784,1
"remove_count_le_10","Remove count <=10","ASV","6ca13e87115a05cbc0f31f65b759b3d3","Type 5",11,0.0013037948727674,1
"remove_count_le_10","Remove count <=10","ASV","641c06a91741e70e0b4041534ed602fa","Type 1",21,0.00248906293891958,1
"remove_count_le_10","Remove count <=10","ASV","051d5187a1ef3b3c38a46f56d9448a99","Type 3",12,0.00142232167938262,1
"remove_count_le_10","Remove count <=10","ASV","a433a2d87737d2dbf73ad13321f67911","Type 4",14,0.00165937529261305,1
"remove_count_le_10","Remove count <=10","ASV","3d321b478b7fd39dc8ac6c68a827a622","Type 4",19,0.00225200932568914,1
"remove_count_le_10","Remove count <=10","ASV","d127837f1b6ab3f7bdad8d8d125f0b08","Type 1",14,0.00165937529261305,1
"remove_count_le_10","Remove count <=10","ASV","06923050b2a5b3f62a80aa7dc57d2748","Type 2",15,0.00177790209922827,1
"remove_count_le_10","Remove count <=10","ASV","8565dacf1db3e048ac63f478454923c7","Type 2",30,0.00355580419845654,1
"remove_count_le_10","Remove count <=10","ASV","a1e2b28fb788c9542caf556c169bd434","Type 4",102,0.0120897342747523,2
"remove_count_le_10","Remove count <=10","ASV","5798c3ce95dd924b01da7e7bb88de5c4","Type 4",26,0.00308169697199567,1
"remove_count_le_10","Remove count <=10","ASV","48a6357a325aff1f554259eb32174362","Type 2",11,0.0013037948727674,1
"remove_count_le_10","Remove count <=10","ASV","a47b8216f72af411c683bfe0846aa555","Type 2",29,0.00343727739184133,1
"remove_count_le_10","Remove count <=10","ASV","4ed1aaefaefe8f38b7f6a4c1fd82d1ba","Type 3",19,0.00225200932568914,1
"remove_count_le_10","Remove count <=10","ASV","31f58e24b1887b84bae983cb91ec62f0","Type 1",14,0.00165937529261305,1
"remove_count_le_10","Remove count <=10","ASV","b733b3851a774a99efd0dd4c1d92054c","Type 4",27,0.00320022377861089,1
"remove_count_le_10","Remove count <=10","ASV","302bf7a5ed63144059d0db8f906a743f","Type 3",27,0.00320022377861089,1
"remove_count_le_10","Remove count <=10","ASV","8ada8a5b8f21a7dc546f16c295fd64f4","Type 1",27,0.00320022377861089,1
"remove_count_le_10","Remove count <=10","ASV","94c7ec8370890fe34121a543865065b2","Type 1",26,0.00308169697199567,1
"remove_count_le_10","Remove count <=10","ASV","e9a5c982ac193caeef238cb8f19f17ed","Type 2",18,0.00213348251907393,1
"remove_count_le_10","Remove count <=10","ASV","e563960345dadf433f5917fc5c4d7468","Type 1",21,0.00248906293891958,1
"remove_count_le_10","Remove count <=10","ASV","be765e929e8c9e7845dc8abd26cbda3e","Type 2",22,0.0026075897455348,1
"remove_count_le_10","Remove count <=10","ASV","5618bfb6e050dba2c43d0f395fb3f460","Type 2",91,0.0107859394019848,1
"remove_count_le_10","Remove count <=10","ASV","b66b3e7d5986ed8721f7bd4f6538105c","Type 5",13,0.00154084848599784,1
"remove_count_le_10","Remove count <=10","ASV","7fe8ffcd13c28d9c2d3a19a8c0a3f278","Type 2",80,0.00948214452921745,1
"remove_count_le_10","Remove count <=10","ASV","d7208e0c7d049f549d0efd21aa3db055","Type 3",12,0.00142232167938262,1
"remove_count_le_10","Remove count <=10","ASV","c1d09c6dc27be51625c78d4c2e112af6","Type 1",39,0.00462254545799351,1
"remove_count_le_10","Remove count <=10","ASV","b4ba143526e0fa11c5a583122941a32a","Type 1",14,0.00165937529261305,1
"remove_count_le_10","Remove count <=10","ASV","bf8d8ea01aed4df108bbe47abdfce0b8","Type 2",23,0.00272611655215002,1
"remove_count_le_10","Remove count <=10","ASV","a903e90a0e27f596809dce31639a5cde","Type 3",16,0.00189642890584349,1
"remove_count_le_10","Remove count <=10","ASV","6df48c8a82fc59cef263a60322dfd5ed","Type 1",11,0.0013037948727674,1
"remove_count_le_10","Remove count <=10","ASV","38503c18a7280248bdf5ae9fc87bb0bf","Type 5",13,0.00154084848599784,1
"remove_count_le_10","Remove count <=10","ASV","3900788b7b84bd7fa2032124971a2365","Type 2",125,0.0148158508269023,1
"remove_count_le_10","Remove count <=10","ASV","0d7f3b8104652d6c4142f8bf5be5a1b3","Type 4",57,0.00675602797706743,1
"remove_count_le_10","Remove count <=10","ASV","187a90e1cd9dbe06946570ea904a10af","Type 3",23,0.00272611655215002,1
"remove_count_le_10","Remove count <=10","ASV","2eb110a5c2d77785c1a83c456a6b293f","Type 3",17,0.00201495571245871,1
"remove_count_le_10","Remove count <=10","ASV","10f0c27ef0406b085cb21cc3b5d5a072","Type 5",13,0.00154084848599784,1
"remove_count_le_10","Remove count <=10","ASV","020a8a0635b569b6cc23caeb158c7d76","Type 4",31,0.00367433100507176,1
"remove_count_le_10","Remove count <=10","ASV","bf02f0971786b11fc196cfa5d7ea64f2","Type 2",96,0.0113785734350609,1
"remove_count_le_10","Remove count <=10","ASV","df6cada9f6db0bcb5d29ce046701b42c","Type 1",17,0.00201495571245871,1
"remove_count_le_10","Remove count <=10","ASV","fd446e99694b50303ff580b0ad551915","Type 5",11,0.0013037948727674,1
"remove_count_le_10","Remove count <=10","ASV","8b785aa3309abaf00340534771e6cdb6","Type 5",18,0.00213348251907393,1
"remove_count_le_10","Remove count <=10","ASV","a8f1f675dc40132c56446417a5bbe00e","Type 4",11,0.0013037948727674,1
"remove_count_le_10","Remove count <=10","ASV","fc1273e8f972f9d78c2ea945f2622790","Type 4",33,0.0039113846183022,1
"remove_count_le_10","Remove count <=10","ASV","be839ee45d3e88dcc6313eaffe650de0","Type 5",72,0.00853393007629571,1
"remove_count_le_10","Remove count <=10","ASV","0dd85b618dc30ae6611a03503ba66b1b","Type 3",35,0.00414843823153263,1
"remove_count_le_10","Remove count <=10","ASV","948599c8068fa6ec2aaee5c1b78485ae","Type 1",20,0.00237053613230436,1
"remove_count_le_10","Remove count <=10","ASV","5414b3db0779eedac69c48841f50f261","Type 5",96,0.0113785734350609,1
"remove_count_le_10","Remove count <=10","ASV","b08756a44ede85aa4d6f7f3c913e76ce","Type 4",11,0.0013037948727674,1
"remove_count_le_10","Remove count <=10","ASV","5ca8ce8173ac6e336ff0fc63c430cec1","Type 4",20,0.00237053613230436,1
"remove_count_le_10","Remove count <=10","ASV","f9743a6c833cce380ae8e7e83190ebc1","Type 3",20,0.00237053613230436,1
"remove_count_le_10","Remove count <=10","ASV","e3cf1bbfceb034df2365bbe39e9b323a","Type 3",20,0.00237053613230436,1
"remove_count_le_10","Remove count <=10","ASV","539869c80f1953ffa410a09326827371","Type 5",900,0.106674125953696,1
"remove_count_le_10","Remove count <=10","ASV","b7da7f8eeca4712a739c4e8a6bdfa5c1","Type 5",51,0.00604486713737613,1
"remove_count_le_10","Remove count <=10","ASV","1d2b8d1af41f8d7257bf8116e16a2021","Type 2",16,0.00189642890584349,1
"remove_count_le_10","Remove count <=10","ASV","9dbd6155585814a9d251b8b0185e12fc","Type 5",93,0.0110229930152153,1
"remove_count_le_10","Remove count <=10","ASV","4402525cd64982c967d2e6580b8e6df2","Type 2",24,0.00284464335876523,1
"remove_count_le_10","Remove count <=10","ASV","4fb252ecf3ef16aae851798c3d5c3171","Type 5",22,0.0026075897455348,1
"remove_count_le_10","Remove count <=10","ASV","dc6fb269f7a88149b5926c1b7e56b458","Type 5",15,0.00177790209922827,1
"remove_count_le_10","Remove count <=10","ASV","417eff005643739dced1b953daaef36a","Type 4",11,0.0013037948727674,1
"remove_count_le_10","Remove count <=10","ASV","6c21129697cf5ff63c00f1015369f55a","Type 1",32,0.00379285781168698,1
"remove_count_le_10","Remove count <=10","ASV","51fdf8e8b47aab185af98c58f8c47316","Type 3",33,0.0039113846183022,1
"remove_count_le_10","Remove count <=10","ASV","78687aa4bee3344c547b97df8ca2d00f","Type 5",20,0.00237053613230436,1
"remove_count_le_10","Remove count <=10","ASV","87a6bbed6ceb02ec381f45db5ed37984","Type 2",27,0.00320022377861089,1
"remove_count_le_10","Remove count <=10","ASV","75867d7a16d9647ce25057cc21524cd3","Type 5",103,0.0122082610813675,1
"remove_count_le_10","Remove count <=10","ASV","b47e0dfb9983366b0ec2b9f75de6ec4c","Type 4",13,0.00154084848599784,1
"remove_count_le_10","Remove count <=10","ASV","2cce0f7944a0c4c2ba4a9a42f773cf7a","Type 4",51,0.00604486713737613,1
"remove_count_le_10","Remove count <=10","ASV","1c5d6c2c9b4a7166c7cb496fca023c12","Type 1",12,0.00142232167938262,1
"remove_count_le_10","Remove count <=10","ASV","dabc056db5cf680af3e3d098fd799e52","Type 4",15,0.00177790209922827,1
"remove_count_le_10","Remove count <=10","ASV","b7efbc42c9ff68fc2a12b5046976cfe6","Type 4",49,0.00580781352414569,1
"remove_count_le_10","Remove count <=10","ASV","e8f164ebbf18e0a918f35016783880e0","Type 1",13,0.00154084848599784,1
"remove_count_le_10","Remove count <=10","ASV","805df43deeabd7ff5fca548c90dd715f","Type 4",13,0.00154084848599784,1
"remove_count_le_10","Remove count <=10","ASV","719f736c916092f6d392c5a46e1091ea","Type 5",70,0.00829687646306527,1
"remove_count_le_10","Remove count <=10","ASV","e08d4237c94e6a9eecf3cd2f12b50362","Type 5",65,0.00770424242998918,1
"remove_count_le_10","Remove count <=10","ASV","b072272267230396c009815c123cb89c","Type 3",17,0.00201495571245871,1
"remove_count_le_10","Remove count <=10","ASV","db8f3b36bcda0d5ec49f794537a71a5c","Type 2",18,0.00213348251907393,1
"remove_count_le_10","Remove count <=10","ASV","b90d5c735e4f9bea8175e5eabfd3caab","Type 2",20,0.00237053613230436,1
"remove_count_le_10","Remove count <=10","ASV","20f150dfe46c537edc5310399040afb8","Type 4",16,0.00189642890584349,1
"remove_count_le_10","Remove count <=10","ASV","0adf67a3e396926259316a14f66e7ca1","Type 3",21,0.00248906293891958,1
"remove_count_le_10","Remove count <=10","ASV","8030ddc086f5359a9bd1686b4cfa4839","Type 2",26,0.00308169697199567,1
"remove_count_le_10","Remove count <=10","ASV","d31a407f8ea48b0ffb218c273e96aca7","Type 1",24,0.00284464335876523,1
"remove_count_le_10","Remove count <=10","ASV","6ff62b2f9b3b37ddac65890858affc59","Type 2",17,0.00201495571245871,1
"remove_count_le_10","Remove count <=10","ASV","3e50658e9b489006be4573114ca22b59","Type 4",14,0.00165937529261305,1
"remove_count_le_10","Remove count <=10","ASV","3e40912777b69502473bead5d31f868e","Type 4",30,0.00355580419845654,1
"remove_count_le_10","Remove count <=10","ASV","f858d88439d9e4c6c051ba75054211df","Type 4",130,0.0154084848599784,1
"remove_count_le_10","Remove count <=10","ASV","e2d0a4f1129bec2ba3a8508177be7d67","Type 1",46,0.00545223310430003,1
"remove_count_le_10","Remove count <=10","ASV","9260b142986548518cddb6e2a48fe424","Type 4",11,0.0013037948727674,1
"remove_count_le_10","Remove count <=10","ASV","09c7deab9ed1cd0e31f151b14eef8642","Type 3",113,0.0133935291475196,1
"remove_count_le_10","Remove count <=10","ASV","a20eaf9c049be7bb8d61ac35403a3f9b","Type 5",35,0.00414843823153263,1
"remove_count_le_10","Remove count <=10","ASV","78d7bb90ead26fa02bdffb25f2541e57","Type 4",14,0.00165937529261305,1
"remove_count_le_10","Remove count <=10","ASV","e05c20956cd13f21cb6ab1b281b551c5","Type 5",67,0.00794129604321961,1
"remove_count_le_10","Remove count <=10","ASV","0744c822daa560b81f10253cc08b19b2","Type 4",16,0.00189642890584349,1
"remove_count_le_10","Remove count <=10","ASV","adcae3f5a43e4dca840c01d62e6416a5","Type 2",47,0.00557075991091525,1
"remove_count_le_10","Remove count <=10","ASV","e9725fc74685ef05a1ba39435294042c","Type 2",16,0.00189642890584349,1
"remove_count_le_10","Remove count <=10","ASV","cea0a6f8b58238977831021560f03baf","Type 2",30,0.00355580419845654,1
"remove_count_le_10","Remove count <=10","ASV","faa040c810a1991fde363c213d493da8","Type 5",48,0.00568928671753047,1
"remove_count_le_10","Remove count <=10","ASV","535a343e6d1a2613487b8be887eafa91","Type 4",25,0.00296317016538045,1
"remove_count_le_10","Remove count <=10","ASV","3ae3506da5e58225245676cc245d0300","Type 3",14,0.00165937529261305,1
"remove_count_le_10","Remove count <=10","ASV","9366c1f1fa59361f62f702f094ae0c21","Type 1",31,0.00367433100507176,1
"remove_count_le_10","Remove count <=10","ASV","2b3b798b5635941bb0cb310e0892ccce","Type 4",57,0.00675602797706743,1
"remove_count_le_10","Remove count <=10","ASV","35d4cbfddf6c9639a996a7877cd4f0f2","Type 4",55,0.006518974363837,1
"remove_count_le_10","Remove count <=10","ASV","32167f781e8fefa652b6cc4ebcb481c1","Type 2",23,0.00272611655215002,1
"remove_count_le_10","Remove count <=10","ASV","c7089bd4161401741f025290ba11378c","Type 2",30,0.00355580419845654,1
"remove_count_le_10","Remove count <=10","ASV","7242943cc0985a97e0b15b71a0cb950c","Type 5",14,0.00165937529261305,1
"remove_count_le_10","Remove count <=10","ASV","cb87c4f867a6bf086284e61be0ec2f63","Type 1",300,0.0355580419845654,1
"remove_count_le_10","Remove count <=10","ASV","091871133f6759b698437cfa0b72adf3","Type 3",22,0.0026075897455348,1
"remove_count_le_10","Remove count <=10","ASV","74486d7dbfbb993360030db0f597b479","Type 5",23,0.00272611655215002,1
"remove_count_le_10","Remove count <=10","ASV","ec7469c79534d7b5c5eec4753c7c6929","Type 1",12,0.00142232167938262,1
"remove_count_le_10","Remove count <=10","ASV","49bd242006920acb2126ab0ceac5df84","Type 2",14,0.00165937529261305,1
"remove_count_le_10","Remove count <=10","ASV","959c0e4929c91e8c8b6172b5ffc0970f","Type 4",22,0.0026075897455348,1
"remove_count_le_10","Remove count <=10","ASV","20d107dde9ca302ebbdbd52154dac2a8","Type 5",18,0.00213348251907393,1
"remove_count_le_10","Remove count <=10","ASV","a92b3929c9b3f884c38dcc1c67c45279","Type 4",26,0.00308169697199567,1
"remove_count_le_10","Remove count <=10","ASV","7e7e11e24680c5b7e947d49c9d044d0e","Type 4",54,0.00640044755722178,1
"remove_count_le_10","Remove count <=10","ASV","d826288a4c89ac4ed869f9fad6f6158b","Type 3",13,0.00154084848599784,1
"remove_count_le_10","Remove count <=10","ASV","f3984c845c4d39ed3470255184a815b5","Type 1",76,0.00900803730275658,1
"remove_count_le_10","Remove count <=10","ASV","a3ae5f3ed32910263c54e6445a741c30","Type 3",34,0.00402991142491742,1
"remove_count_le_10","Remove count <=10","ASV","2c425f37607995524371352bb8ba8f17","Type 3",23,0.00272611655215002,1
"remove_count_le_10","Remove count <=10","ASV","6491d40531f324071bd90f65bbf0a4f5","Type 1",20,0.00237053613230436,1
"remove_count_le_10","Remove count <=10","ASV","e93f71384da01343c3b6eaf029f0ee41","Type 2",47,0.00557075991091525,1
"remove_count_le_10","Remove count <=10","ASV","97279ec030db98f66998a40c8d6b44a0","Type 2",17,0.00201495571245871,1
"remove_count_le_10","Remove count <=10","ASV","847a1ea3551399927eddf0e2c5f9523b","Type 4",27,0.00320022377861089,1
"remove_count_le_10","Remove count <=10","ASV","f2d5594d42b10cf823709df714b605ad","Type 2",26,0.00308169697199567,1
"remove_count_le_10","Remove count <=10","ASV","f46b250f940b7496642783a9e8307994","Type 2",20,0.00237053613230436,1
"remove_count_le_10","Remove count <=10","ASV","51dbd3d93881ce8448e4f5adc5289eb3","Type 5",31,0.00367433100507176,1
"remove_count_le_10","Remove count <=10","ASV","0ea650bc01b369df5467645d66293370","Type 4",30,0.00355580419845654,1
"remove_count_le_10","Remove count <=10","ASV","03ac4be8840dedf24d600004348bf7ca","Type 1",17,0.00201495571245871,1
"remove_count_le_10","Remove count <=10","ASV","ea1f67ebb6bdc861007272edf50c5fe0","Type 1",26,0.00308169697199567,1
"remove_count_le_10","Remove count <=10","ASV","e2d8dd9ebb898c22f8d0d74572b11034","Type 2",13,0.00154084848599784,1
"remove_count_le_10","Remove count <=10","ASV","f47c2f8d048b14cf81d7a3fcaf21f300","Type 4",46,0.00545223310430003,1
"remove_count_le_10","Remove count <=10","ASV","84739218645d09374bcecea50306c590","Type 5",333,0.0394694266028676,1
"remove_count_le_10","Remove count <=10","ASV","75cc2f81358ae3535dabf08bd863b930","Type 3",14,0.00165937529261305,1
"remove_count_le_10","Remove count <=10","ASV","d292922206673e50c24b34363f8827a7","Type 5",20,0.00237053613230436,1
"remove_count_le_10","Remove count <=10","ASV","491b45eedb1019a950560a7794082c76","Type 5",30,0.00355580419845654,1
"remove_count_le_10","Remove count <=10","ASV","aaae5c8942a79fc41dc341c9903b04cf","Type 4",18,0.00213348251907393,1
"remove_count_le_10","Remove count <=10","ASV","f07604a27a11dd42a2ff89eec91350ed","Type 4",40,0.00474107226460873,1
"remove_count_le_10","Remove count <=10","ASV","e27295c54d0c6153155d209342831b58","Type 5",31,0.00367433100507176,1
"remove_count_le_10","Remove count <=10","ASV","16983e5c822f6bf6eac99c4541bfa982","Type 2",19,0.00225200932568914,1
"remove_count_le_10","Remove count <=10","ASV","8e739521c1e024378dc253b59456f668","Type 3",39,0.00462254545799351,1
"remove_count_le_10","Remove count <=10","ASV","c25c933a077c8f1489487077ae49d897","Type 3",1143,0.135476139961194,1
"remove_count_le_10","Remove count <=10","ASV","e9103692f4d9d61faf5cdd01f302727f","Type 3",392,0.0464625081931655,1
"remove_count_le_10","Remove count <=10","ASV","bdc66ad1626658f3c46bb95b3b3ad6fa","Type 3",194,0.0229942004833523,1
"remove_count_le_10","Remove count <=10","ASV","5ef41547298fd3cb4f9668307b4459a5","Type 3",39,0.00462254545799351,1
"remove_count_le_10","Remove count <=10","ASV","41c857dad328fd9c4bcc06471369aaf6","Type 3",13,0.00154084848599784,1
"remove_count_le_10","Remove count <=10","ASV","08321f8653dd594963ea37734a659629","Type 4",15,0.00177790209922827,1
"remove_count_le_10","Remove count <=10","ASV","8b68c969cc3062defea62a2c38336714","Type 3",24,0.00284464335876523,1
"remove_count_le_10","Remove count <=10","ASV","84f932f291b157ef5aaf93a5ea82ebb2","Type 4",28,0.00331875058522611,1
"remove_count_le_10","Remove count <=10","ASV","9ccd7d666382101cff3486dcfbe61a98","Type 5",11,0.0013037948727674,1
"remove_count_le_10","Remove count <=10","ASV","9c354fbd197a974b0f9700425c161a91","Type 1",450,0.0533370629768482,1
"remove_count_le_10","Remove count <=10","ASV","aa57923408765fc46bc15cbeaa7491a6","Type 1",1041,0.123386405686442,1
"remove_count_le_10","Remove count <=10","ASV","abdb10ef959af94d4fc7574d556e3633","Type 4",50,0.00592634033076091,1
"remove_count_le_10","Remove count <=10","ASV","49bf16e6c356ce0fafd1a644e47ce762","Type 5",31,0.00367433100507176,1
"remove_count_le_10","Remove count <=10","ASV","76c7175da051546f4e9a9e16b80491d0","Type 3",12,0.00142232167938262,1
"remove_count_le_10","Remove count <=10","ASV","503dba32073ba6a69c867b7ee613a246","Type 5",106,0.0125638415012131,1
"remove_count_le_10","Remove count <=10","ASV","026a3a0dafa92325e18315a4e4b24397","Type 4",36,0.00426696503814785,1
"remove_count_le_10","Remove count <=10","ASV","0a3f70cfd4b3128f631493c1237c0a67","Type 3",22,0.0026075897455348,1
"remove_count_le_10","Remove count <=10","ASV","000e46c287a00bb452eb62426b163ac3","Type 3",89,0.0105488857887544,1
"remove_count_le_10","Remove count <=10","ASV","79ee9a7d5e918fa191f69a645a5837c7","Type 5",20,0.00237053613230436,1
"remove_count_le_10","Remove count <=10","ASV","fe80a71a587cd704427de3d3c840e206","Type 3",22,0.0026075897455348,1
"remove_count_le_10","Remove count <=10","ASV","bdfb3f6014357e36d2e3e62674bed999","Type 1",180,0.0213348251907393,1
"remove_count_le_10","Remove count <=10","ASV","abd0febc117d23cd49b9d4ef431153bc","Type 5",62,0.00734866201014352,1
"remove_count_le_10","Remove count <=10","ASV","bd44746f20b88918f977fb45831b0979","Type 5",40,0.00474107226460873,1
"remove_count_le_10","Remove count <=10","ASV","670ff01449495039c6e52f5f0fe307b1","Type 1",24,0.00284464335876523,1
"remove_count_le_10","Remove count <=10","ASV","1ebdd24efe5f1bdfc157a85babd1e2aa","Type 2",11,0.0013037948727674,1
"remove_count_le_10","Remove count <=10","ASV","ab13428f69e593a15a0a574466bb2ca4","Type 1",15,0.00177790209922827,1
"remove_count_le_10","Remove count <=10","ASV","40b48ec694b884aa93cc33fbfb00d625","Type 4",18,0.00213348251907393,1
"remove_count_le_10","Remove count <=10","ASV","67ea33e6e92c2b3175cf2c5bd905476b","Type 4",67,0.00794129604321961,2
"remove_count_le_10","Remove count <=10","ASV","9bafba648bb0930181f957e5ba40de0a","Type 1",15,0.00177790209922827,1
"remove_count_le_10","Remove count <=10","ASV","66b7507662a94e6fba998da71404a5b8","Type 2",14,0.00165937529261305,1
"remove_count_le_10","Remove count <=10","ASV","4190cb19d7dcaa1b900c5916f5c97130","Type 3",26,0.00308169697199567,1
"remove_count_le_10","Remove count <=10","ASV","58eb82260a9cf04183552f4c539e2fac","Type 2",29,0.00343727739184133,1
"remove_count_le_10","Remove count <=10","ASV","4867aa6bdd47923accdfd2879b0264b0","Type 2",18,0.00213348251907393,1
"remove_count_le_10","Remove count <=10","ASV","f5f21d2e22ad9f2596f71e4ff8ff221f","Type 1",13,0.00154084848599784,1
"remove_count_le_10","Remove count <=10","ASV","1a5d61cad42594043813504f07efa89b","Type 4",17,0.00201495571245871,1
"remove_count_le_10","Remove count <=10","ASV","4950417cc10ada1b2513b508df59b1b7","Type 2",12,0.00142232167938262,1
"remove_count_le_10","Remove count <=10","ASV","6899a05aba1c79bb03f4b1df326b5884","Type 5",30,0.00355580419845654,1
"remove_count_le_10","Remove count <=10","ASV","1fe1d90a93ffe8b8c2b7b32be0e750ea","Type 2",16,0.00189642890584349,1
"remove_count_le_10","Remove count <=10","ASV","806198a51c28a0e3cbb56fd6251ea18e","Type 2",237,0.0280908531678067,1
"remove_count_le_10","Remove count <=10","ASV","30d17b384b5e354005c2cb37d6aaf069","Type 3",20,0.00237053613230436,1
"remove_count_le_10","Remove count <=10","ASV","cc100181c853066f709adec38d43513f","Type 2",15,0.00177790209922827,1
"remove_count_le_10","Remove count <=10","ASV","b510eab43bc2ae3ce44ca3332afb6774","Type 5",40,0.00474107226460873,1
"remove_count_le_10","Remove count <=10","ASV","559106b3bbd8c2d297d6d5f711a844f3","Type 1",32,0.00379285781168698,1
"remove_count_le_10","Remove count <=10","ASV","a4bfcc56025d3266ec1c86c82e266e12","Type 2",13,0.00154084848599784,1
"remove_count_le_10","Remove count <=10","ASV","2a3de43855767f6bbbfa179beae0cc3d","Type 4",15,0.00177790209922827,1
"remove_count_le_10","Remove count <=10","ASV","da903c8d827a0808b8325dd9585b5c08","Type 4",36,0.00426696503814785,2
"remove_count_le_10","Remove count <=10","ASV","a2e29f5d7001469edc6a394262a51f75","Type 3",38,0.00450401865137829,1
"remove_count_le_10","Remove count <=10","ASV","5e28fbbd337c610b6bc1e4b000c0342f","Type 3",14,0.00165937529261305,1
"remove_count_le_10","Remove count <=10","ASV","5194d3d73493e349a90f8f90bcb90879","Type 4",13,0.00154084848599784,1
"remove_count_le_10","Remove count <=10","ASV","dc00c946e2dfb293b7d4c811398e4777","Type 4",23,0.00272611655215002,1
"remove_count_le_10","Remove count <=10","ASV","c87dd6cb7414c19c293b06583c1a1fcf","Type 4",146,0.0173049137658218,2
"remove_count_le_10","Remove count <=10","ASV","197708c5fa1f4f192f2e8ff6b62b7c56","Type 1",18,0.00213348251907393,1
"remove_count_le_10","Remove count <=10","ASV","8e924f645755507164e5f2c96faef2c7","Type 5",46,0.00545223310430003,1
"remove_count_le_10","Remove count <=10","ASV","2e604485d6fc45854513aafe2cf04de7","Type 1",14,0.00165937529261305,1
"remove_count_le_10","Remove count <=10","ASV","7f4dc360d64f42e122762c04a6711467","Type 4",35,0.00414843823153263,1
"remove_count_le_10","Remove count <=10","ASV","9ba7d7dbe0a97e4eae7f5fa4d7a37a92","Type 4",26,0.00308169697199567,1
"remove_count_le_10","Remove count <=10","ASV","29426558992083b53aba3b5adfb62ebc","Type 2",11,0.0013037948727674,1
"remove_count_le_10","Remove count <=10","ASV","38ce145ffdcca956e2be1b6f332f8afb","Type 4",17,0.00201495571245871,1
"remove_count_le_10","Remove count <=10","ASV","6e84be0d93bffb85cad87ffe27fc41f9","Type 3",14,0.00165937529261305,1
"remove_count_le_10","Remove count <=10","ASV","524d029de09846e4fa256406afc349fb","Type 4",23,0.00272611655215002,1
"remove_count_le_10","Remove count <=10","ASV","80d12d55b69a7148a1c604c708497cf5","Type 3",12,0.00142232167938262,1
"remove_count_le_10","Remove count <=10","ASV","9b21b487cca15d9243173e6003fe5f67","Type 4",12,0.00142232167938262,1
"remove_count_le_10","Remove count <=10","ASV","f8e719549495b584e09aed57e8d9b853","Type 4",27,0.00320022377861089,1
"remove_count_le_10","Remove count <=10","ASV","4e9ca07dcaec7e38e8c0689eb78540e3","Type 3",11,0.0013037948727674,1
"remove_count_le_10","Remove count <=10","ASV","21967f8f24338037507b06be0cbaa356","Type 4",27,0.00320022377861089,1
"remove_count_le_10","Remove count <=10","ASV","25883ae34f8f54c40b34e0cad04a3d79","Type 4",12,0.00142232167938262,1
"remove_count_le_10","Remove count <=10","ASV","7755f9e403c33124da42862820e8c679","Type 3",12,0.00142232167938262,1
"remove_count_le_10","Remove count <=10","ASV","713362abd8c4912d6c7d4caa1e766625","Type 3",14,0.00165937529261305,1
"remove_count_le_10","Remove count <=10","ASV","d78c7661f8e59acd50c80e8f2fd19582","Type 5",18,0.00213348251907393,1
"remove_count_le_10","Remove count <=10","ASV","c89aa29e55284c3120bbcee0177c18b9","Type 1",11,0.0013037948727674,1
"remove_count_le_10","Remove count <=10","ASV","7515c96cc69c940c2521d2ed4ac90adc","Type 4",11,0.0013037948727674,1
"remove_count_le_10","Remove count <=10","ASV","4518e5b3f462a669d90839f07bd8c881","Type 2",11,0.0013037948727674,1
"remove_count_le_10","Remove count <=10","ASV","dcf66aa40723a77eaf2bb42cb2c63f73","Type 5",13,0.00154084848599784,1
"remove_count_le_10","Remove count <=10","ASV","571796b579f51b838556444d4599a8c0","Type 3",45,0.00533370629768482,1
"remove_count_le_10","Remove count <=10","ASV","4258c6c64aca78ba88e04777b085006b","Type 3",113,0.0133935291475196,1
"remove_count_le_10","Remove count <=10","ASV","7a29274b08e0c86257462279e0fded28","Type 2",22,0.0026075897455348,1
"remove_count_le_10","Remove count <=10","ASV","18beac96a738809dd3343f116a7fc6af","Type 3",25,0.00296317016538045,1
"remove_count_le_10","Remove count <=10","ASV","5790e1e15de07d485fae866bfee8fda1","Type 4",38,0.00450401865137829,1
"remove_count_le_10","Remove count <=10","ASV","95386ab3e65783e770e228a0377c8f91","Type 4",13,0.00154084848599784,1
"remove_count_le_10","Remove count <=10","ASV","f89333bac73fb076475c957c48bf7be7","Type 2",20,0.00237053613230436,1
"remove_count_le_10","Remove count <=10","ASV","1c5cbc4c70c0adce05dc8d32013fe389","Type 2",15,0.00177790209922827,1
"remove_count_le_10","Remove count <=10","ASV","261dfeeb6c011ef257861b2a0fe3bb7d","Type 4",33,0.0039113846183022,1
"remove_count_le_10","Remove count <=10","ASV","114f5b7e8e105cf4463573379e587a3d","Type 5",12,0.00142232167938262,1
"remove_count_le_10","Remove count <=10","ASV","e6e7238668c9f53d71a928d2f5ec64ea","Type 5",44,0.0052151794910696,1
"remove_count_le_10","Remove count <=10","ASV","27c0f32b9443b430537b7105ac5d2abb","Type 1",43,0.00509665268445438,2
"remove_count_le_10","Remove count <=10","ASV","f58910ce86da8d491a9fd8f316d2d009","Type 2",24,0.00284464335876523,1
"remove_count_le_10","Remove count <=10","ASV","8dcc053ed353d5f57bd69f09ae86f681","Type 2",16,0.00189642890584349,1
"remove_count_le_10","Remove count <=10","ASV","513814ca332d29f7baeeacb394bee500","Type 4",21,0.00248906293891958,1
"remove_count_le_10","Remove count <=10","ASV","2b1312d5bdf27bcb4a10a2b0a71ed4ea","Type 4",15,0.00177790209922827,1
"remove_count_le_10","Remove count <=10","ASV","e973c53765ca51a9cf2bd8b4cfe77432","Type 2",38,0.00450401865137829,1
"remove_count_le_10","Remove count <=10","ASV","07f823ed91fe424a88e175a9101db80f","Type 3",13,0.00154084848599784,1
"remove_count_le_10","Remove count <=10","ASV","c493d201095c536f779a875aa81eb785","Type 3",19,0.00225200932568914,1
"remove_count_le_10","Remove count <=10","ASV","2b958f618a93c43c95ed97a27dbf99c1","Type 5",29,0.00343727739184133,1
"remove_count_le_10","Remove count <=10","ASV","252e53ae583e13acb3c82cbb37693975","Type 5",52,0.00616339394399134,1
"remove_count_le_10","Remove count <=10","ASV","970b9035dc044bbada421946a4d1b38f","Type 4",17,0.00201495571245871,1
"remove_count_le_10","Remove count <=10","ASV","e3cf88a0fc4731af23d477c14f7f8de6","Type 2",23,0.00272611655215002,1
"remove_count_le_10","Remove count <=10","ASV","46b0ba5afe1e2b9268573006c628405a","Type 3",11,0.0013037948727674,1
"remove_count_le_10","Remove count <=10","ASV","bff2858a173d483d7604323d8fc9a6e9","Type 4",55,0.006518974363837,1
"remove_count_le_10","Remove count <=10","ASV","9ac455d7d7a26fed46036043403628e6","Type 4",34,0.00402991142491742,1
"remove_count_le_10","Remove count <=10","ASV","6833f4ed5654eae9a6d6c4b4de5489b2","Type 4",12,0.00142232167938262,1
"remove_count_le_10","Remove count <=10","ASV","205d71d561e7e3a2870a906fe6fc7cd3","Type 4",21,0.00248906293891958,1
"remove_count_le_10","Remove count <=10","ASV","1915ee9cf12b68e7edf6a6acab0db930","Type 1",30,0.00355580419845654,1
"remove_count_le_10","Remove count <=10","ASV","6d2f7a03aef50fc495630619a382349b","Type 3",13,0.00154084848599784,1
"remove_count_le_10","Remove count <=10","ASV","42037eaa17824b063355a1c081dec5a9","Type 4",23,0.00272611655215002,1
"remove_count_le_10","Remove count <=10","ASV","ff6c13969bf904d1847a3dcfacbca45b","Type 4",34,0.00402991142491742,1
"remove_count_le_10","Remove count <=10","ASV","20da663dcf44899a4bc0758948c51ced","Type 4",30,0.00355580419845654,1
"remove_count_le_10","Remove count <=10","ASV","c8f0916f6fd2f533a204b73879084a4f","Type 1",16,0.00189642890584349,1
"remove_count_le_10","Remove count <=10","ASV","2235fb3906484370e48c37388c4cd746","Type 3",100,0.0118526806615218,1
"remove_count_le_10","Remove count <=10","ASV","79c2d824228c4d17533d54fa05f593ed","Type 5",20,0.00237053613230436,1
"remove_count_le_10","Remove count <=10","ASV","79efcc373159c11685c8a7343b8e0cd9","Type 5",13,0.00154084848599784,1
"remove_count_le_10","Remove count <=10","ASV","03007c3b04e8630cb1d7defdc4f86849","Type 3",12,0.00142232167938262,1
"remove_count_le_10","Remove count <=10","ASV","ed75f176ef3a36da1b63ac18f8893b08","Type 5",33,0.0039113846183022,1
"remove_count_le_10","Remove count <=10","ASV","693d7cbdb239aadc175ee647e29bddfb","Type 2",24,0.00284464335876523,1
"remove_count_le_10","Remove count <=10","ASV","041a808460c3e20eb708113a5ae6533d","Type 1",478,0.0566558135620743,1
"remove_count_le_10","Remove count <=10","ASV","d300fc435576f64ba7bdfeef68127764","Type 5",61,0.00723013520352831,1
"remove_count_le_10","Remove count <=10","ASV","d7889727bd45ae5ba27667cf1b4fef8d","Type 1",71,0.00841540326968049,1
"remove_count_le_10","Remove count <=10","ASV","42a737ec9a1e7f58a5917bf94bba2d84","Type 4",31,0.00367433100507176,1
"remove_count_le_10","Remove count <=10","ASV","c3241e1fde3826e45858fd4cd3f070d5","Type 5",32,0.00379285781168698,1
"remove_count_le_10","Remove count <=10","ASV","f80312dff7be1af70a4ee5966a53edf0","Type 3",19,0.00225200932568914,1
"remove_count_le_10","Remove count <=10","ASV","69163bca9e57b41a6f236660584bbde1","Type 1",12,0.00142232167938262,1
"remove_count_le_10","Remove count <=10","ASV","438ca565cc749b79a0e6304fe1a014e9","Type 5",33,0.0039113846183022,2
"remove_count_le_10","Remove count <=10","ASV","392e7b946a7fcf0542dd68a03992cf87","Type 4",17,0.00201495571245871,1
"remove_count_le_10","Remove count <=10","ASV","3573d917a9a8d04c8bd2b4d1fc5a4583","Type 3",28,0.00331875058522611,1
"remove_count_le_10","Remove count <=10","ASV","79ab60724f24643048b657b079f00b4b","Type 4",29,0.00343727739184133,1
"remove_count_le_10","Remove count <=10","ASV","db1eed5f4468a43728a2836a815a8c74","Type 3",35,0.00414843823153263,1
"remove_count_le_10","Remove count <=10","ASV","d80fa7424b67bb3c3c4782b972eb47a9","Type 4",17,0.00201495571245871,1
"remove_count_le_10","Remove count <=10","ASV","81367a807dd852ad2b2773da44de5f53","Type 3",12,0.00142232167938262,1
"remove_count_le_10","Remove count <=10","ASV","3ee6d540c94dd48932c569e06e902e95","Type 4",16,0.00189642890584349,1
"remove_count_le_10","Remove count <=10","ASV","c333b4ead34da146d83e5af854f37340","Type 2",13,0.00154084848599784,1
"remove_count_le_10","Remove count <=10","ASV","942cb33da7b46a8135de90c240d29894","Type 3",14,0.00165937529261305,1
"remove_count_le_10","Remove count <=10","ASV","f7734641299f704d4883f5df11e8e3ab","Type 2",24,0.00284464335876523,1
"remove_count_le_10","Remove count <=10","ASV","9d388ae42870966dcd11c7e9259bae83","Type 4",27,0.00320022377861089,1
"remove_count_le_10","Remove count <=10","ASV","63c14b6462cea84fa884444d6e615682","Type 4",16,0.00189642890584349,1
"remove_count_le_10","Remove count <=10","ASV","c7cac901fe0724476eb3f489e182793c","Type 3",86,0.0101933053689088,1
"remove_count_le_10","Remove count <=10","ASV","b094b1184aedb2687c38cbbd8efcf4d6","Type 5",11,0.0013037948727674,1
"remove_count_le_10","Remove count <=10","ASV","20c032fd73c325ca9fd5bf4e433479f1","Type 2",66,0.0078227692366044,1
"remove_count_le_10","Remove count <=10","ASV","a90c55d5aa730153ab9a15102189ec67","Type 2",32,0.00379285781168698,1
"remove_count_le_10","Remove count <=10","ASV","328123ac8b27b6acb3cedaa89b2b0156","Type 2",12,0.00142232167938262,1
"remove_count_le_10","Remove count <=10","ASV","2d6211651bac81782276e9c246d6e870","Type 4",34,0.00402991142491742,1
"remove_count_le_10","Remove count <=10","ASV","3feaa348a4888eaf1f0d479b540b88b5","Type 4",17,0.00201495571245871,1
"remove_count_le_10","Remove count <=10","ASV","303fed95dacebfe326c22601533e609a","Type 1",28,0.00331875058522611,1
"remove_count_le_10","Remove count <=10","ASV","28dfd726413f2bb5c6f134755edb5a53","Type 2",35,0.00414843823153263,1
"remove_count_le_10","Remove count <=10","ASV","7e1bc7d60bfc071968f2f3a29adfb3ad","Type 4",13,0.00154084848599784,1
"remove_count_le_10","Remove count <=10","ASV","8a5697dd780d03c6e76c591668969c2e","Type 4",20,0.00237053613230436,1
"remove_count_le_10","Remove count <=10","ASV","2d987778bfe227e69fa48a830eb88442","Type 2",36,0.00426696503814785,1
"remove_count_le_10","Remove count <=10","ASV","56780775e0997dd7164499d8ac2ae196","Type 2",13,0.00154084848599784,1
"remove_count_le_10","Remove count <=10","ASV","e9628b0e86930f97147b644bdcdb852a","Type 4",13,0.00154084848599784,1
"remove_count_le_10","Remove count <=10","ASV","e17026a5703195ae1e6c2a131e711da1","Type 4",11,0.0013037948727674,1
"remove_count_le_10","Remove count <=10","ASV","48a4d28972bdbd103ebad8d6e2ff59c6","Type 4",40,0.00474107226460873,1
"remove_count_le_10","Remove count <=10","ASV","6e6b82bd14f8062c528ed123df7552b9","Type 3",16,0.00189642890584349,1
"remove_count_le_10","Remove count <=10","ASV","d96f30c5b1cfccd1f824526c93d529c6","Type 1",23,0.00272611655215002,1
"remove_count_le_10","Remove count <=10","ASV","27780e3e86b02295e4137a6ec11406cc","Type 3",38,0.00450401865137829,1
"remove_count_le_10","Remove count <=10","ASV","224384c85de463e715399a909c988814","Type 4",34,0.00402991142491742,1
"remove_count_le_10","Remove count <=10","ASV","ac037e552a40bb49dae4dc77882fdefc","Type 4",12,0.00142232167938262,1
"remove_count_le_10","Remove count <=10","ASV","063fa097cb070f3eff4ae0029c835d82","Type 1",30,0.00355580419845654,1
"remove_count_le_10","Remove count <=10","ASV","b0e74d9adbe8a3059080bf03e65ed7ed","Type 3",14,0.00165937529261305,1
"remove_count_le_10","Remove count <=10","ASV","6212d89a09f592e5b8afd485f390a517","Type 3",11,0.0013037948727674,1
"remove_count_le_10","Remove count <=10","ASV","fe2511ea3e1cfe30c22a8f0c82808f91","Type 5",101,0.011971207468137,1
"remove_count_le_10","Remove count <=10","ASV","f6ae3a0effeabd5cd200d23678342421","Type 5",38,0.00450401865137829,1
"remove_count_le_10","Remove count <=10","ASV","dbebc4ce8918ea22d191eea699b3646c","Type 3",41,0.00485959907122394,1
"remove_count_le_10","Remove count <=10","ASV","81bd7f502e6889c4cca8a91a62ea2e01","Type 4",23,0.00272611655215002,1
"remove_count_le_10","Remove count <=10","ASV","c260bbd5d1d8a9597fb85e7b58b540e4","Type 2",31,0.00367433100507176,1
"remove_count_le_10","Remove count <=10","ASV","8179e14ffc901e02a8fb5b503377892d","Type 4",16,0.00189642890584349,1
"remove_count_le_10","Remove count <=10","ASV","577f945fb998727cfdcd0ada622929da","Type 5",14,0.00165937529261305,1
"remove_count_le_10","Remove count <=10","ASV","610569128de2506ec2eaef18e70e6b8b","Type 5",19,0.00225200932568914,1
"remove_count_le_10","Remove count <=10","ASV","d70a7746d155cfcc8137c6c386e721a6","Type 4",399,0.047292195839472,1
"remove_count_le_10","Remove count <=10","ASV","df92a5ba11df3741e12b85424169f6d7","Type 2",22,0.0026075897455348,1
"remove_count_le_10","Remove count <=10","ASV","1ded7a95822d98cfc2e9255f28fdc9b3","Type 3",23,0.00272611655215002,1
"remove_count_le_10","Remove count <=10","ASV","09b4d604d624149b680ffb1608aa8f38","Type 5",85,0.0100747785622935,1
"remove_count_le_10","Remove count <=10","ASV","c9c815e4af94c349c90ddd03e0a45ebd","Type 4",69,0.00817834965645005,1
"remove_count_le_10","Remove count <=10","ASV","2e695995cf390a528fef63f17881e82c","Type 2",41,0.00485959907122394,1
"remove_count_le_10","Remove count <=10","ASV","c425d5bf259eefaf92ad3aed76084998","Type 2",17,0.00201495571245871,1
"remove_count_le_10","Remove count <=10","ASV","3957ba2fbbbe4fd8f86fc8e07433c37e","Type 4",79,0.00936361772260223,1
"remove_count_le_10","Remove count <=10","ASV","c01cf90758bc9b552a3b24ed1b98b50e","Type 3",12,0.00142232167938262,1
"remove_count_le_10","Remove count <=10","ASV","383a109d96039d9bace81e928fa8ac10","Type 4",30,0.00355580419845654,1
"remove_count_le_10","Remove count <=10","ASV","e82b6cf2c864f18bc66f9cbcac73720e","Type 1",26,0.00308169697199567,1
"remove_count_le_10","Remove count <=10","ASV","89c0de0b7f79cbb0eea102c260910fff","Type 2",16,0.00189642890584349,1
"remove_count_le_10","Remove count <=10","ASV","d07f0d43b2a13f3b3e893c9e0c49f59c","Type 2",69,0.00817834965645005,1
"remove_count_le_10","Remove count <=10","ASV","c5f12a0cb4e6ff4059c2fe4a459a96d4","Type 4",12,0.00142232167938262,1
"remove_count_le_10","Remove count <=10","ASV","fb9c8dc0b79138f4f0e12330d846bc5a","Type 3",20,0.00237053613230436,1
"remove_count_le_10","Remove count <=10","ASV","8419a88871f926fceef995f5a8e815c1","Type 5",13,0.00154084848599784,1
"remove_count_le_10","Remove count <=10","ASV","cc9d3d347a8d46ec6afaad77d19076eb","Type 3",26,0.00308169697199567,1
"remove_count_le_10","Remove count <=10","ASV","542354e1a9067ae60ee319c941222218","Type 5",14,0.00165937529261305,1
"remove_count_le_10","Remove count <=10","ASV","ee22086e46362752abdb334fce3a7f73","Type 3",22,0.0026075897455348,1
"remove_count_le_10","Remove count <=10","ASV","7c371043b8c07a3a308ea936d37ba410","Type 5",37,0.00438549184476307,1
"remove_count_le_10","Remove count <=10","ASV","e76e276155c467e870d85d40a898ddc7","Type 5",28,0.00331875058522611,1
"remove_count_le_10","Remove count <=10","ASV","5e6d1b5ccc9080fd4746b29078e176bb","Type 4",50,0.00592634033076091,1
"remove_count_le_10","Remove count <=10","ASV","fa8e414578cac779abbca29767cb574a","Type 3",13,0.00154084848599784,1
"remove_count_le_10","Remove count <=10","ASV","047d74b43fee3d83afa5b2da3d802c48","Type 1",53,0.00628192075060656,1
"remove_count_le_10","Remove count <=10","ASV","0ebf6d992c01d8d4737d6326d974236b","Type 5",58,0.00687455478368265,1
"remove_count_le_10","Remove count <=10","Genus","3859ddfb4885964844ff7ada513a2597","Type 4",17,0.00201495571245871,1
"remove_count_le_10","Remove count <=10","Genus","5d3f0656e47a33688c5d82c089cee67a","Type 3",37,0.00438549184476307,1
"remove_count_le_10","Remove count <=10","Genus","10338681707ca5771140ff6bd4937dd3","Type 2",14,0.00165937529261305,1
"remove_count_le_10","Remove count <=10","Genus","e8a982d893c071c22434b8c9bdcaa162","Type 2",28,0.00331875058522611,1
"remove_count_le_10","Remove count <=10","Genus","2e728bead79d32a1b0788c8f2d3d8420","Type 2",14,0.00165937529261305,1
"remove_count_le_10","Remove count <=10","Genus","34085f1836e0fbc2e8a1843a65e93757","Type 1",12,0.00142232167938262,1
"remove_count_le_10","Remove count <=10","Genus","c67f047c0ed1a8beade5ac9b982881e5","Type 1",15,0.00177790209922827,1
"remove_count_le_10","Remove count <=10","Genus","2e9cafa6d587316096144e3d099fb30a","Type 2",17,0.00201495571245871,1
"remove_count_le_10","Remove count <=10","Genus","69ff34f58e584c0b1b02a7bcfdf855fd","Type 2",27,0.00320022377861089,2
"remove_count_le_10","Remove count <=10","Genus","15287379f901b0787b04f6432a2f8bcf","Type 3",36,0.00426696503814785,1
"remove_count_le_10","Remove count <=10","Genus","545e02d32bf168637a36e7689eb58894","Type 2",17,0.00201495571245871,1
"remove_count_le_10","Remove count <=10","Genus","029c76efcff7044afc7a4d56e859c483","Type 2",15,0.00177790209922827,1
"remove_count_le_10","Remove count <=10","Genus","054a3d89b18fe9efb721eae0b64f969b","Type 5",40,0.00474107226460873,1
"remove_count_le_10","Remove count <=10","Genus","6726658e6ed1b518f3cdae63d51007c1","Type 2",14,0.00165937529261305,1
"remove_count_le_10","Remove count <=10","Genus","73948445c2534487d73c1402eb9ca852","Type 3",45,0.00533370629768482,1
"remove_count_le_10","Remove count <=10","Genus","d0bbb3cf6f8c4d7a6fdd6a81d94daa81","Type 3",14,0.00165937529261305,1
"remove_count_le_10","Remove count <=10","Genus","f72abff20162a869f7fb14c9b9468835","Type 4",36,0.00426696503814785,1
"remove_count_le_10","Remove count <=10","Genus","ec838891faa3317f3afcd2d38b4e1923","Type 2",24,0.00284464335876523,2
"remove_count_le_10","Remove count <=10","Genus","caa5248c2660878fac2218b81b13b8e0","Type 5",33,0.0039113846183022,1
"remove_count_le_10","Remove count <=10","Genus","8459d7cb3a2b19a181aa31512f398869","Type 4",15,0.00177790209922827,1
"remove_count_le_10","Remove count <=10","Genus","45e3f3f280507375f3d96c07e56be4c3","Type 4",182,0.0215718788039697,1
"remove_count_le_10","Remove count <=10","Genus","e863f60c2b404781ce435283c0b37574","Type 4",38,0.00450401865137829,1
"remove_count_le_10","Remove count <=10","Genus","de2b4b14636d09e2d4611f822ab82457","Type 5",69,0.00817834965645005,1
"remove_count_le_10","Remove count <=10","Genus","4ca87931296e46e2741cdfd5d76d51e4","Type 4",11,0.0013037948727674,1
"remove_count_le_10","Remove count <=10","Genus","300837fe392a9506546f1970bd365d4b","Type 1",15,0.00177790209922827,1
"remove_count_le_10","Remove count <=10","Genus","13fb1106cb988b93d742c82bb067cd7c","Type 1",36,0.00426696503814785,1
"remove_count_le_10","Remove count <=10","Genus","1422aef8849148a9b52ce185862dc22f","Type 2",19,0.00225200932568914,1
"remove_count_le_10","Remove count <=10","Genus","1a7e4f61cb855f1cf44b93f02d1e46e3","Type 3",12,0.00142232167938262,1
"remove_count_le_10","Remove count <=10","Genus","b9879da874f023629c4384ada519ba98","Type 3",21,0.00248906293891958,1
"remove_count_le_10","Remove count <=10","Genus","fe00e9dc2b0d57671c5d87b12972291f","Type 2",31,0.00367433100507176,2
"remove_count_le_10","Remove count <=10","Genus","205b8ebbe28117767c6974e1c4e05f03","Type 3",78,0.00924509091598701,1
"remove_count_le_10","Remove count <=10","Genus","d28702f527ca84119434a5d089dea094","Type 1",143,0.0169493333459762,1
"remove_count_le_10","Remove count <=10","Genus","d4841fd1d61b4703cdd6ce863db17fea","Type 1",34,0.00402991142491742,1
"remove_count_le_10","Remove count <=10","Genus","a433a2d87737d2dbf73ad13321f67911","Type 4",14,0.00165937529261305,1
"remove_count_le_10","Remove count <=10","Genus","3d321b478b7fd39dc8ac6c68a827a622","Type 4",19,0.00225200932568914,1
"remove_count_le_10","Remove count <=10","Genus","d127837f1b6ab3f7bdad8d8d125f0b08","Type 1",14,0.00165937529261305,1
"remove_count_le_10","Remove count <=10","Genus","8565dacf1db3e048ac63f478454923c7","Type 2",30,0.00355580419845654,1
"remove_count_le_10","Remove count <=10","Genus","a1e2b28fb788c9542caf556c169bd434","Type 4",102,0.0120897342747523,2
"remove_count_le_10","Remove count <=10","Genus","4ed1aaefaefe8f38b7f6a4c1fd82d1ba","Type 3",19,0.00225200932568914,1
"remove_count_le_10","Remove count <=10","Genus","302bf7a5ed63144059d0db8f906a743f","Type 3",27,0.00320022377861089,1
"remove_count_le_10","Remove count <=10","Genus","be765e929e8c9e7845dc8abd26cbda3e","Type 2",22,0.0026075897455348,1
"remove_count_le_10","Remove count <=10","Genus","b66b3e7d5986ed8721f7bd4f6538105c","Type 5",13,0.00154084848599784,1
"remove_count_le_10","Remove count <=10","Genus","87a6bbed6ceb02ec381f45db5ed37984","Type 2",27,0.00320022377861089,1
"remove_count_le_10","Remove count <=10","Genus","1c5d6c2c9b4a7166c7cb496fca023c12","Type 1",12,0.00142232167938262,1
"remove_count_le_10","Remove count <=10","Genus","b7efbc42c9ff68fc2a12b5046976cfe6","Type 4",62,0.00734866201014352,1
"remove_count_le_10","Remove count <=10","Genus","719f736c916092f6d392c5a46e1091ea","Type 5",70,0.00829687646306527,1
"remove_count_le_10","Remove count <=10","Genus","b90d5c735e4f9bea8175e5eabfd3caab","Type 2",38,0.00450401865137829,1
"remove_count_le_10","Remove count <=10","Genus","20f150dfe46c537edc5310399040afb8","Type 4",16,0.00189642890584349,1
"remove_count_le_10","Remove count <=10","Genus","0adf67a3e396926259316a14f66e7ca1","Type 3",21,0.00248906293891958,1
"remove_count_le_10","Remove count <=10","Genus","3e50658e9b489006be4573114ca22b59","Type 4",14,0.00165937529261305,1
"remove_count_le_10","Remove count <=10","Genus","adcae3f5a43e4dca840c01d62e6416a5","Type 2",47,0.00557075991091525,1
"remove_count_le_10","Remove count <=10","Genus","e9725fc74685ef05a1ba39435294042c","Type 2",16,0.00189642890584349,1
"remove_count_le_10","Remove count <=10","Genus","cea0a6f8b58238977831021560f03baf","Type 2",30,0.00355580419845654,1
"remove_count_le_10","Remove count <=10","Genus","9366c1f1fa59361f62f702f094ae0c21","Type 1",31,0.00367433100507176,1
"remove_count_le_10","Remove count <=10","Genus","35d4cbfddf6c9639a996a7877cd4f0f2","Type 4",55,0.006518974363837,1
"remove_count_le_10","Remove count <=10","Genus","49bd242006920acb2126ab0ceac5df84","Type 2",14,0.00165937529261305,1
"remove_count_le_10","Remove count <=10","Genus","abdb10ef959af94d4fc7574d556e3633","Type 4",50,0.00592634033076091,1
"remove_count_le_10","Remove count <=10","Genus","49bf16e6c356ce0fafd1a644e47ce762","Type 5",31,0.00367433100507176,1
"remove_count_le_10","Remove count <=10","Genus","76c7175da051546f4e9a9e16b80491d0","Type 3",12,0.00142232167938262,1
"remove_count_le_10","Remove count <=10","Genus","abd0febc117d23cd49b9d4ef431153bc","Type 5",102,0.0120897342747523,1
"remove_count_le_10","Remove count <=10","Genus","670ff01449495039c6e52f5f0fe307b1","Type 1",24,0.00284464335876523,1
"remove_count_le_10","Remove count <=10","Genus","40b48ec694b884aa93cc33fbfb00d625","Type 4",18,0.00213348251907393,1
"remove_count_le_10","Remove count <=10","Genus","66b7507662a94e6fba998da71404a5b8","Type 2",14,0.00165937529261305,1
"remove_count_le_10","Remove count <=10","Genus","6899a05aba1c79bb03f4b1df326b5884","Type 5",30,0.00355580419845654,1
"remove_count_le_10","Remove count <=10","Genus","1fe1d90a93ffe8b8c2b7b32be0e750ea","Type 2",16,0.00189642890584349,1
"remove_count_le_10","Remove count <=10","Genus","806198a51c28a0e3cbb56fd6251ea18e","Type 2",237,0.0280908531678067,1
"remove_count_le_10","Remove count <=10","Genus","a4bfcc56025d3266ec1c86c82e266e12","Type 2",13,0.00154084848599784,1
"remove_count_le_10","Remove count <=10","Genus","da903c8d827a0808b8325dd9585b5c08","Type 4",36,0.00426696503814785,2
"remove_count_le_10","Remove count <=10","Genus","a2e29f5d7001469edc6a394262a51f75","Type 3",38,0.00450401865137829,1
"remove_count_le_10","Remove count <=10","Genus","5e28fbbd337c610b6bc1e4b000c0342f","Type 3",14,0.00165937529261305,1
"remove_count_le_10","Remove count <=10","Genus","29426558992083b53aba3b5adfb62ebc","Type 2",11,0.0013037948727674,1
"remove_count_le_10","Remove count <=10","Genus","38ce145ffdcca956e2be1b6f332f8afb","Type 4",17,0.00201495571245871,1
"remove_count_le_10","Remove count <=10","Genus","6e84be0d93bffb85cad87ffe27fc41f9","Type 3",14,0.00165937529261305,1
"remove_count_le_10","Remove count <=10","Genus","9b21b487cca15d9243173e6003fe5f67","Type 4",12,0.00142232167938262,1
"remove_count_le_10","Remove count <=10","Genus","f8e719549495b584e09aed57e8d9b853","Type 4",27,0.00320022377861089,1
"remove_count_le_10","Remove count <=10","Genus","4e9ca07dcaec7e38e8c0689eb78540e3","Type 3",11,0.0013037948727674,1
"remove_count_le_10","Remove count <=10","Genus","21967f8f24338037507b06be0cbaa356","Type 4",39,0.00462254545799351,1
"remove_count_le_10","Remove count <=10","Genus","713362abd8c4912d6c7d4caa1e766625","Type 3",26,0.00308169697199567,1
"remove_count_le_10","Remove count <=10","Genus","d78c7661f8e59acd50c80e8f2fd19582","Type 5",18,0.00213348251907393,1
"remove_count_le_10","Remove count <=10","Genus","c89aa29e55284c3120bbcee0177c18b9","Type 1",11,0.0013037948727674,1
"remove_count_le_10","Remove count <=10","Genus","7515c96cc69c940c2521d2ed4ac90adc","Type 4",11,0.0013037948727674,1
"remove_count_le_10","Remove count <=10","Genus","4518e5b3f462a669d90839f07bd8c881","Type 2",11,0.0013037948727674,1
"remove_count_le_10","Remove count <=10","Genus","dcf66aa40723a77eaf2bb42cb2c63f73","Type 5",13,0.00154084848599784,1
"remove_count_le_10","Remove count <=10","Genus","07f823ed91fe424a88e175a9101db80f","Type 3",13,0.00154084848599784,1
"remove_count_le_10","Remove count <=10","Genus","e3cf88a0fc4731af23d477c14f7f8de6","Type 2",23,0.00272611655215002,1
"remove_count_le_10","Remove count <=10","Genus","46b0ba5afe1e2b9268573006c628405a","Type 3",11,0.0013037948727674,1
"remove_count_le_10","Remove count <=10","Genus","bff2858a173d483d7604323d8fc9a6e9","Type 4",55,0.006518974363837,1
"remove_count_le_10","Remove count <=10","Genus","9ac455d7d7a26fed46036043403628e6","Type 4",34,0.00402991142491742,1
"remove_count_le_10","Remove count <=10","Genus","c8f0916f6fd2f533a204b73879084a4f","Type 1",16,0.00189642890584349,1
"remove_count_le_10","Remove count <=10","Genus","2235fb3906484370e48c37388c4cd746","Type 3",100,0.0118526806615218,1
"remove_count_le_10","Remove count <=10","Genus","79c2d824228c4d17533d54fa05f593ed","Type 5",20,0.00237053613230436,1
"remove_count_le_10","Remove count <=10","Genus","79efcc373159c11685c8a7343b8e0cd9","Type 5",13,0.00154084848599784,1
"remove_count_le_10","Remove count <=10","Genus","041a808460c3e20eb708113a5ae6533d","Type 1",478,0.0566558135620743,1
"remove_count_le_10","Remove count <=10","Genus","79ab60724f24643048b657b079f00b4b","Type 4",29,0.00343727739184133,1
"remove_count_le_10","Remove count <=10","Genus","f7734641299f704d4883f5df11e8e3ab","Type 2",24,0.00284464335876523,1
"prevalence_ge_2","Prevalence >=2 samples","ASV","d8123e3efcf0d3a797b395b1d7c65d48","Type 1",32,0.00390341011666317,1
"prevalence_ge_2","Prevalence >=2 samples","ASV","a26d974dd6312398121659ff2ba0e2bf","Type 4",24,0.00292755758749738,2
"prevalence_ge_2","Prevalence >=2 samples","ASV","4b66566c95ccf63f5ed4f16168619155","Type 2",17,0.00207368662447731,2
"prevalence_ge_2","Prevalence >=2 samples","ASV","9dccc11f81d739fc004341835bf66f59","Type 3",17,0.00207368662447731,1
"prevalence_ge_2","Prevalence >=2 samples","ASV","a1bb2027b0704d6f3d2a5917c0b26c4e","Type 1",18,0.00219566819062303,2
"prevalence_ge_2","Prevalence >=2 samples","ASV","d77aff99f894706a2a1f9cdb8316f687","Type 1",80,0.00975852529165792,1
"prevalence_ge_2","Prevalence >=2 samples","ASV","d5e9ebc22ca9b62b1fffe7782e365747","Type 2",30,0.00365944698437172,2
"prevalence_ge_2","Prevalence >=2 samples","ASV","05fcdbf22abe66e94b0ede4dfd85ca1e","Type 1",22,0.00268359445520593,2
"prevalence_ge_2","Prevalence >=2 samples","ASV","205b8ebbe28117767c6974e1c4e05f03","Type 3",78,0.00951456215936648,1
"prevalence_ge_2","Prevalence >=2 samples","ASV","a1e2b28fb788c9542caf556c169bd434","Type 4",102,0.0124421197468639,2
"prevalence_ge_2","Prevalence >=2 samples","ASV","c1d09c6dc27be51625c78d4c2e112af6","Type 1",39,0.00475728107968324,1
"prevalence_ge_2","Prevalence >=2 samples","ASV","3e40912777b69502473bead5d31f868e","Type 4",30,0.00365944698437172,1
"prevalence_ge_2","Prevalence >=2 samples","ASV","84739218645d09374bcecea50306c590","Type 5",333,0.0406198615265261,1
"prevalence_ge_2","Prevalence >=2 samples","ASV","491b45eedb1019a950560a7794082c76","Type 5",30,0.00365944698437172,1
"prevalence_ge_2","Prevalence >=2 samples","ASV","67ea33e6e92c2b3175cf2c5bd905476b","Type 4",67,0.00817276493176351,2
"prevalence_ge_2","Prevalence >=2 samples","ASV","da903c8d827a0808b8325dd9585b5c08","Type 4",36,0.00439133638124607,2
"prevalence_ge_2","Prevalence >=2 samples","ASV","c87dd6cb7414c19c293b06583c1a1fcf","Type 4",146,0.0178093086572757,2
"prevalence_ge_2","Prevalence >=2 samples","ASV","7f4dc360d64f42e122762c04a6711467","Type 4",35,0.00426935481510034,1
"prevalence_ge_2","Prevalence >=2 samples","ASV","365d57bb9aef35d31fbdb8e8f2befa2c","Type 1",8,0.000975852529165792,1
"prevalence_ge_2","Prevalence >=2 samples","ASV","27c0f32b9443b430537b7105ac5d2abb","Type 1",43,0.00524520734426613,2
"prevalence_ge_2","Prevalence >=2 samples","ASV","2b958f618a93c43c95ed97a27dbf99c1","Type 5",29,0.003537465418226,1
"prevalence_ge_2","Prevalence >=2 samples","ASV","438ca565cc749b79a0e6304fe1a014e9","Type 5",33,0.00402539168280889,2
"prevalence_ge_2","Prevalence >=2 samples","ASV","224384c85de463e715399a909c988814","Type 4",34,0.00414737324895462,1
"prevalence_ge_2","Prevalence >=2 samples","ASV","6938c2e8f42da1ed9788a2b56c67c847","Type 5",7,0.000853870963020068,1
"prevalence_ge_2","Prevalence >=2 samples","Genus","05fcdbf22abe66e94b0ede4dfd85ca1e","Type 1",22,0.00268359445520593,2
"prevalence_ge_2","Prevalence >=2 samples","Genus","205b8ebbe28117767c6974e1c4e05f03","Type 3",78,0.00951456215936648,1
"prevalence_ge_2","Prevalence >=2 samples","Genus","a1e2b28fb788c9542caf556c169bd434","Type 4",102,0.0124421197468639,2
"prevalence_ge_2","Prevalence >=2 samples","Genus","67ea33e6e92c2b3175cf2c5bd905476b","Type 4",67,0.00817276493176351,2
"prevalence_ge_2","Prevalence >=2 samples","Genus","da903c8d827a0808b8325dd9585b5c08","Type 4",36,0.00439133638124607,2
"mean_abundance_ge_0.1pct","Mean abundance >=0.1%","ASV","47197ee817bb57421f861e8b877e0588","Type 4",572,0.0772373861356191,1
"mean_abundance_ge_0.1pct","Mean abundance >=0.1%","ASV","aa57923408765fc46bc15cbeaa7491a6","Type 1",1041,0.140566641551013,1
"mean_abundance_ge_0.1pct","Mean abundance >=0.1%","Genus","47197ee817bb57421f861e8b877e0588","Type 4",572,0.0772373861356191,1
"mean_abundance_ge_0.1pct","Mean abundance >=0.1%","Genus","aa57923408765fc46bc15cbeaa7491a6","Type 1",1041,0.140566641551013,1
