"Type 1","Type 2","Type 3","Type 4","Type 5","taxon_id","Genus","subset","filtering"
TRUE,TRUE,FALSE,FALSE,FALSE,"2e914ff49c78ff61df377999bbc52463","Marmoricola","Total","No abundance filtering"
TRUE,FALSE,FALSE,FALSE,FALSE,"ac4224d32dea1c7253ed5070a65a1b3e","Nocardioides","Total","No abundance filtering"
FALSE,FALSE,FALSE,TRUE,TRUE,"37640dc68ceb2f67423497241ff862f3","Friedmanniella","Total","No abundance filtering"
FALSE,FALSE,FALSE,TRUE,TRUE,"3859ddfb4885964844ff7ada513a2597","Microlunatus","Total","No abundance filtering"
FALSE,FALSE,TRUE,TRUE,FALSE,"892feb56530bc24bd758934e83f18b92","Micropruina","Total","No abundance filtering"
FALSE,FALSE,FALSE,FALSE,TRUE,"d8e59a58b1954757c26b879a9829c4a7","Tessaracoccus","Total","No abundance filtering"
FALSE,FALSE,FALSE,FALSE,TRUE,"c456d3718aa91dcf3ef7d19a8499d593","Naumannella","Total","No abundance filtering"
TRUE,FALSE,TRUE,TRUE,TRUE,"c14e1054ccbbabd5f6ed8a6dab092c54","Marinilutecoccus","Total","No abundance filtering"
FALSE,FALSE,FALSE,TRUE,TRUE,"3270d6c06b6b0f0e2af3d81851a3993f","Scardovia","Total","No abundance filtering"
FALSE,FALSE,TRUE,FALSE,FALSE,"5d3f0656e47a33688c5d82c089cee67a","Mobiluncus","Total","No abundance filtering"
FALSE,TRUE,FALSE,FALSE,FALSE,"e523791eca087d243d36477d28789915","Varibaculum","Total","No abundance filtering"
TRUE,TRUE,TRUE,TRUE,FALSE,"39b80e4af59dd44a181b5a148a6f8a0d","Actinomycetaceae","Total","No abundance filtering"
TRUE,TRUE,TRUE,TRUE,TRUE,"ada74c108a4de9611526f0c0c7ad4fc9","Actinomyces","Total","No abundance filtering"
FALSE,TRUE,TRUE,FALSE,FALSE,"10338681707ca5771140ff6bd4937dd3","Georgenia","Total","No abundance filtering"
FALSE,FALSE,FALSE,TRUE,FALSE,"668ddc46cdbec2642f49fddde18308d2","Propioniciclava","Total","No abundance filtering"
TRUE,TRUE,TRUE,TRUE,TRUE,"856925f916eba95f669698c572f88d93","Propionibacteriaceae_f","Total","No abundance filtering"
TRUE,TRUE,TRUE,TRUE,TRUE,"2c38d9d5742202da694d4721608fd637","Cutibacterium","Total","No abundance filtering"
FALSE,TRUE,FALSE,FALSE,FALSE,"e8a982d893c071c22434b8c9bdcaa162","Propionibacterium","Total","No abundance filtering"
FALSE,FALSE,FALSE,FALSE,TRUE,"82e8fc4d3afec356107df3637c36de02","Pseudopropionibacterium","Total","No abundance filtering"
TRUE,TRUE,TRUE,TRUE,TRUE,"01cef7193e22002921dd48ed9ba9882b","Antricoccus","Total","No abundance filtering"
TRUE,TRUE,TRUE,TRUE,FALSE,"30e001262d5e22bc9879c1a6b14058cc","Nakamurella","Total","No abundance filtering"
FALSE,FALSE,TRUE,FALSE,FALSE,"f86053770615e8c2bed9d08c8218914b","Nocardiopsis","Total","No abundance filtering"
FALSE,FALSE,TRUE,FALSE,FALSE,"0246880f263e5f9d050691d5c089a905","Jiangella","Total","No abundance filtering"
FALSE,TRUE,FALSE,TRUE,FALSE,"fd06b5bd8feab452ba90c4c2eb3729ac","Micromonosporaceae_f","Total","No abundance filtering"
FALSE,TRUE,FALSE,FALSE,FALSE,"2e728bead79d32a1b0788c8f2d3d8420","Babeliaceae","Total","No abundance filtering"
FALSE,TRUE,FALSE,FALSE,FALSE,"963569a5bb9a8b1e06a8096993b64a24","Acidobacteriaceae_(Subgroup_1)_f","Total","No abundance filtering"
TRUE,TRUE,FALSE,FALSE,FALSE,"11aa9d4b0a51ee2a4e2a067c3db710f6","JGI_0001001-H03","Total","No abundance filtering"
FALSE,FALSE,TRUE,FALSE,FALSE,"5cbed13e671ef6879845c96f0efcfcae","Aridibacter","Total","No abundance filtering"
TRUE,FALSE,FALSE,FALSE,FALSE,"34085f1836e0fbc2e8a1843a65e93757","Oscillibacter","Total","No abundance filtering"
TRUE,FALSE,TRUE,FALSE,FALSE,"c67f047c0ed1a8beade5ac9b982881e5","Oscillospiraceae_f","Total","No abundance filtering"
FALSE,TRUE,FALSE,FALSE,FALSE,"92201a0da9fc3ee6db6f359cdc9ae158","Colidextribacter","Total","No abundance filtering"
FALSE,TRUE,FALSE,FALSE,FALSE,"2e9cafa6d587316096144e3d099fb30a","Incertae_Sedis","Total","No abundance filtering"
FALSE,FALSE,FALSE,FALSE,TRUE,"ca9f4bee4554e862e06ba4c488055776","Christensenellaceae_R-7_group","Total","No abundance filtering"
TRUE,FALSE,TRUE,FALSE,FALSE,"a0cd40d7714e666b1d764840b3cdf319","Clostridia_UCG-014","Total","No abundance filtering"
FALSE,TRUE,FALSE,FALSE,TRUE,"f7c6068b3dede3a9d48719319aa5cc1e","Dorea","Total","No abundance filtering"
TRUE,FALSE,FALSE,FALSE,FALSE,"7b789ab34a526249c04870ec1e3b14fb","Stomatobaculum","Total","No abundance filtering"
FALSE,TRUE,FALSE,TRUE,TRUE,"17a056ac493560449848261b2f51d68f","Oribacterium","Total","No abundance filtering"
TRUE,TRUE,FALSE,TRUE,FALSE,"27325c30c47914898ef234447825ab83","Lachnospiraceae_f","Total","No abundance filtering"
TRUE,TRUE,TRUE,TRUE,FALSE,"0cdb0219ef84707001971bd8592d6a11","Lachnospiraceae_NK4A136_group","Total","No abundance filtering"
TRUE,TRUE,FALSE,FALSE,FALSE,"69ff34f58e584c0b1b02a7bcfdf855fd","Lachnoanaerobaculum","Total","No abundance filtering"
TRUE,TRUE,TRUE,TRUE,TRUE,"72558b780028629aa73abc3c75849338","Anaerococcus","Total","No abundance filtering"
FALSE,FALSE,TRUE,FALSE,FALSE,"15287379f901b0787b04f6432a2f8bcf","Fenollaria","Total","No abundance filtering"
TRUE,TRUE,TRUE,TRUE,TRUE,"f3c298b72522fa8756d13ae50332f012","Finegoldia","Total","No abundance filtering"
TRUE,TRUE,TRUE,TRUE,TRUE,"f62c486b44892e1e1254d83edcef4f0b","Parvimonas","Total","No abundance filtering"
FALSE,TRUE,TRUE,FALSE,FALSE,"545e02d32bf168637a36e7689eb58894","Ezakiella","Total","No abundance filtering"
TRUE,FALSE,TRUE,FALSE,FALSE,"3647fcaddec766838b3532f38d53e49b","Family_XI_f","Total","No abundance filtering"
FALSE,TRUE,FALSE,TRUE,FALSE,"029c76efcff7044afc7a4d56e859c483","Tissierella","Total","No abundance filtering"
TRUE,TRUE,TRUE,TRUE,TRUE,"e7a499f9a323eb7371e4433ae24c2ba5","Peptoniphilus","Total","No abundance filtering"
FALSE,FALSE,TRUE,TRUE,FALSE,"ff4a81e61c87662b972b90e3ab36e375","[Eubacterium]_saphenum_group","Total","No abundance filtering"
TRUE,TRUE,TRUE,TRUE,TRUE,"fe3c004d8197f1b22882116b5be2deda","Mogibacterium","Total","No abundance filtering"
FALSE,TRUE,TRUE,TRUE,TRUE,"fab4e6f2ff0d67c9da977d16fc3cb422","[Eubacterium]_nodatum_group","Total","No abundance filtering"
TRUE,FALSE,TRUE,FALSE,FALSE,"bd70ff86d44ce073392ba44cc682ed77","S5-A14a","Total","No abundance filtering"
TRUE,FALSE,TRUE,FALSE,TRUE,"21aa4b4f658decb90eb33740ce2886c0","[Eubacterium]_brachy_group","Total","No abundance filtering"
TRUE,FALSE,FALSE,FALSE,FALSE,"c8a6218790712b8c08f605b865c6e497","Paeniclostridium","Total","No abundance filtering"
FALSE,TRUE,TRUE,TRUE,FALSE,"a13dce895add088f18d0e430280854b1","Romboutsia","Total","No abundance filtering"
FALSE,FALSE,TRUE,FALSE,FALSE,"ca98c2f71fa7860e8be3b69cc0e6c6c1","Peptostreptococcaceae_f","Total","No abundance filtering"
TRUE,FALSE,TRUE,TRUE,TRUE,"94280c1f9f716fbaaac5ea7d1925a3ac","Peptostreptococcus","Total","No abundance filtering"
FALSE,FALSE,FALSE,FALSE,TRUE,"054a3d89b18fe9efb721eae0b64f969b","Filifactor","Total","No abundance filtering"
FALSE,TRUE,FALSE,FALSE,FALSE,"6726658e6ed1b518f3cdae63d51007c1","Proteocatella","Total","No abundance filtering"
TRUE,FALSE,TRUE,FALSE,FALSE,"18ceb20f4a0682ada2a5849583d8a6eb","Clostridium_sensu_stricto_1","Total","No abundance filtering"
TRUE,FALSE,FALSE,FALSE,FALSE,"d5a4ec4339c4955f94811de7690ef425","Leptotrichia","Total","No abundance filtering"
TRUE,TRUE,TRUE,FALSE,TRUE,"71c05ef4f89bfda417762c6a3a199da5","Fusobacterium","Total","No abundance filtering"
FALSE,TRUE,TRUE,TRUE,TRUE,"a5dd882b4a1e48909e5c51966530bf29","Turicibacter","Total","No abundance filtering"
TRUE,FALSE,TRUE,FALSE,FALSE,"92439753fa9d8bf5da75e3ee7c14e69f","Anaeroplasma","Total","No abundance filtering"
FALSE,FALSE,TRUE,FALSE,FALSE,"73948445c2534487d73c1402eb9ca852","Bulleidia","Total","No abundance filtering"
TRUE,TRUE,FALSE,TRUE,TRUE,"777af065fba986b3744a73d72c79c51d","Solobacterium","Total","No abundance filtering"
FALSE,TRUE,FALSE,FALSE,FALSE,"5de75a73be3109110266de0a2c4b48d4","Erysipelotrichaceae_UCG-003","Total","No abundance filtering"
TRUE,TRUE,TRUE,TRUE,TRUE,"dc4c06e76c80792a6dd6a5170e96a392","Streptococcus","Total","No abundance filtering"
TRUE,FALSE,TRUE,TRUE,TRUE,"e075d7d3b6ae899ef1e8ccba4cd5114e","Lactococcus","Total","No abundance filtering"
TRUE,TRUE,TRUE,TRUE,TRUE,"46ec4ed0a75b0fcf231f1e4ff262fa8d","P5D1-392","Total","No abundance filtering"
TRUE,FALSE,FALSE,TRUE,FALSE,"ee5be990233f99eded70433e365148ee","Lactobacillales_o","Total","No abundance filtering"
FALSE,FALSE,TRUE,FALSE,FALSE,"d0bbb3cf6f8c4d7a6fdd6a81d94daa81","Marinilactibacillus","Total","No abundance filtering"
FALSE,FALSE,FALSE,FALSE,TRUE,"33a4b160e1f1411ea02ae36df2dcc388","Alkalibacterium","Total","No abundance filtering"
TRUE,TRUE,FALSE,TRUE,TRUE,"3f23ceb1ef108f7ce9cc7e5665c1f6af","Atopostipes","Total","No abundance filtering"
FALSE,FALSE,TRUE,FALSE,FALSE,"f5b86fa349f1d8d5abe6b1f25e437279","Salinicoccus","Total","No abundance filtering"
TRUE,FALSE,FALSE,TRUE,FALSE,"f72abff20162a869f7fb14c9b9468835","Jeotgalicoccus","Total","No abundance filtering"
TRUE,TRUE,TRUE,TRUE,TRUE,"28791a195fb16e432f328fc38c217a16","Staphylococcus","Total","No abundance filtering"
FALSE,TRUE,FALSE,TRUE,FALSE,"34f93d4b535472fbbe0ae88becfe4254","Fictibacillus","Total","No abundance filtering"
TRUE,TRUE,TRUE,TRUE,TRUE,"bb22e6d2b4e7939ff1edc50cab5c9130","Bacillus","Total","No abundance filtering"
TRUE,TRUE,FALSE,FALSE,FALSE,"ec838891faa3317f3afcd2d38b4e1923","Bacillaceae_f","Total","No abundance filtering"
TRUE,FALSE,FALSE,FALSE,FALSE,"28e82ac50faab22d9428d78c36181743","Hydrogenispora","Total","No abundance filtering"
FALSE,FALSE,TRUE,FALSE,FALSE,"e423277f6fcd9bead5bf13ade58d4de5","Brevibacillus","Total","No abundance filtering"
FALSE,FALSE,FALSE,FALSE,TRUE,"caa5248c2660878fac2218b81b13b8e0","Lysinibacillus","Total","No abundance filtering"
TRUE,FALSE,FALSE,FALSE,FALSE,"050d46a27980fc3cbc7f1a3d04b66b12","Planococcaceae_f","Total","No abundance filtering"
FALSE,TRUE,TRUE,TRUE,FALSE,"126f3c073f21d6632d9d256142537db3","Sporosarcina","Total","No abundance filtering"
TRUE,TRUE,TRUE,TRUE,FALSE,"b237acb7c9ea317b7038f24d96d5d302","Anoxybacillus","Total","No abundance filtering"
FALSE,FALSE,FALSE,FALSE,TRUE,"cca62ce55fa1104839106ebc7d1a7667","Paenibacillus","Total","No abundance filtering"
TRUE,TRUE,FALSE,FALSE,TRUE,"4ceaf0eaf760e1d547cc7b69a0caf8af","Leuconostoc","Total","No abundance filtering"
TRUE,FALSE,FALSE,FALSE,FALSE,"6bee3eeab5d2aed2aab34621e25b49d8","HT002","Total","No abundance filtering"
TRUE,FALSE,FALSE,FALSE,FALSE,"116562121bfd1151c28e32ea067b1228","Lactobacillaceae_f","Total","No abundance filtering"
TRUE,FALSE,FALSE,FALSE,FALSE,"c16345411b2428ad706dd067e17bd77d","Facklamia","Total","No abundance filtering"
TRUE,TRUE,TRUE,TRUE,TRUE,"026a1823043132ceb767cb524b84af87","Eremococcus","Total","No abundance filtering"
FALSE,TRUE,TRUE,TRUE,TRUE,"20c71ebbcfbabf45f16036be051b7769","Gemella","Total","No abundance filtering"
TRUE,FALSE,FALSE,TRUE,FALSE,"f0a2510f876ac61a2018bf5abf3db6a2","Dubosiella","Total","No abundance filtering"
TRUE,FALSE,FALSE,FALSE,FALSE,"9ae36e9a8e7cceb827cfd1fa46652a45","Veillonella","Total","No abundance filtering"
FALSE,FALSE,FALSE,FALSE,TRUE,"59ef38dc6b706ebe3087a9c3c12872bd","Sporomusa","Total","No abundance filtering"
FALSE,FALSE,FALSE,TRUE,FALSE,"f701cbc5da10b2d9cba3b0728f832f73","AKYG1722","Total","No abundance filtering"
TRUE,TRUE,TRUE,TRUE,TRUE,"74aa557dd13c317520912ce37b152b31","JG30-KF-CM45","Total","No abundance filtering"
TRUE,TRUE,FALSE,FALSE,FALSE,"7db7de8a510d8e855bc4f30b30e33de0","Treponema","Total","No abundance filtering"
TRUE,FALSE,FALSE,FALSE,FALSE,"0b2fe4fb7db539ff9a4fa9d27c0faa62","Nodosilinea_PCC-7104","Total","No abundance filtering"
FALSE,FALSE,FALSE,TRUE,FALSE,"8459d7cb3a2b19a181aa31512f398869","EcFYyy-200","Total","No abundance filtering"
FALSE,FALSE,TRUE,TRUE,FALSE,"45e3f3f280507375f3d96c07e56be4c3","Pleurocapsa_PCC-7319","Total","No abundance filtering"
FALSE,FALSE,FALSE,FALSE,TRUE,"1dd2d03bf672608a258cb4ef5543cad2","Cyanobacteriales_o","Total","No abundance filtering"
FALSE,FALSE,TRUE,TRUE,TRUE,"47197ee817bb57421f861e8b877e0588","Chroococcidiopsaceae_f","Total","No abundance filtering"
FALSE,FALSE,TRUE,TRUE,FALSE,"e863f60c2b404781ce435283c0b37574","Calothrix_PCC-6303","Total","No abundance filtering"
FALSE,FALSE,TRUE,FALSE,FALSE,"858b9292b21db7fe07ea3cc766b912dc","Taibaiella","Total","No abundance filtering"
TRUE,TRUE,FALSE,FALSE,FALSE,"94ba1d038ff0bdf31a29042ca50df39d","Haoranjiania","Total","No abundance filtering"
FALSE,TRUE,FALSE,FALSE,FALSE,"ae7508e0c0f5db07a8e8242c6148c34d","Lacibacter","Total","No abundance filtering"
FALSE,TRUE,FALSE,FALSE,FALSE,"b4cc697fe846f736906b4d261b088dfd","Hymenobacter","Total","No abundance filtering"
FALSE,FALSE,FALSE,TRUE,FALSE,"35527ffa9f44ebbf586ab787211da1c3","Dyadobacter","Total","No abundance filtering"
FALSE,FALSE,FALSE,TRUE,FALSE,"a67325486802911e948473f4b8b71ebe","Spirosoma","Total","No abundance filtering"
FALSE,FALSE,FALSE,TRUE,FALSE,"1813a356c899840a7219062a1a3f47b5","Spirosomaceae_f","Total","No abundance filtering"
FALSE,FALSE,FALSE,FALSE,TRUE,"de2b4b14636d09e2d4611f822ab82457","Bacteroidia_c","Total","No abundance filtering"
TRUE,TRUE,TRUE,FALSE,FALSE,"b230581a663e0797c9116d2661cab125","Sphingobacterium","Total","No abundance filtering"
FALSE,FALSE,TRUE,TRUE,FALSE,"4ca87931296e46e2741cdfd5d76d51e4","Pedobacter","Total","No abundance filtering"
FALSE,FALSE,FALSE,TRUE,FALSE,"ad490013f6967a5e303129f81df260cb","Nubsella","Total","No abundance filtering"
TRUE,TRUE,FALSE,FALSE,FALSE,"fe278eabfc85664fcf6e9acd8162be2d","Porphyromonas","Total","No abundance filtering"
TRUE,TRUE,TRUE,TRUE,FALSE,"93e5a7a097bc4ddfb97c9908b7e32efd","Prevotellaceae_f","Total","No abundance filtering"
TRUE,TRUE,FALSE,TRUE,TRUE,"50a12e0b6a6399f107bdfcadc93a8cc4","Prevotella","Total","No abundance filtering"
TRUE,FALSE,FALSE,FALSE,FALSE,"300837fe392a9506546f1970bd365d4b","Prevotella_7","Total","No abundance filtering"
FALSE,FALSE,FALSE,TRUE,FALSE,"88098ab3f8048c851897dbd0bcb5cb7d","Prevotellaceae_UCG-001","Total","No abundance filtering"
TRUE,FALSE,FALSE,TRUE,FALSE,"05fcdbf22abe66e94b0ede4dfd85ca1e","Alloprevotella","Total","No abundance filtering"
TRUE,TRUE,TRUE,FALSE,TRUE,"b765346d065e508c6263c505decbb3f2","Muribaculaceae","Total","No abundance filtering"
FALSE,FALSE,FALSE,TRUE,FALSE,"a7d73d00201f5dfac32d5042e3aa7039","Rikenellaceae_RC9_gut_group","Total","No abundance filtering"
TRUE,FALSE,FALSE,TRUE,FALSE,"13fb1106cb988b93d742c82bb067cd7c","Alistipes","Total","No abundance filtering"
FALSE,TRUE,FALSE,FALSE,FALSE,"1422aef8849148a9b52ce185862dc22f","Capnocytophaga","Total","No abundance filtering"
TRUE,FALSE,TRUE,FALSE,FALSE,"1a7e4f61cb855f1cf44b93f02d1e46e3","Flavobacterium","Total","No abundance filtering"
FALSE,FALSE,TRUE,FALSE,FALSE,"b9879da874f023629c4384ada519ba98","Fluviicola","Total","No abundance filtering"
TRUE,FALSE,FALSE,FALSE,FALSE,"2f7ab09df42772d54308dfa6e66bdfd0","Empedobacter","Total","No abundance filtering"
TRUE,FALSE,FALSE,FALSE,FALSE,"c267dc0912cbc6475bb64ff0f47644b0","Bergeyella","Total","No abundance filtering"
TRUE,TRUE,TRUE,TRUE,TRUE,"41fbe47dd5c90d3ffeac5d5f7c2cc30d","Chryseobacterium","Total","No abundance filtering"
FALSE,FALSE,FALSE,FALSE,TRUE,"dc9e2860e3fa93f9e4bf136144d697d6","Weeksellaceae_f","Total","No abundance filtering"
TRUE,TRUE,TRUE,FALSE,FALSE,"fe00e9dc2b0d57671c5d87b12972291f","Cloacibacterium","Total","No abundance filtering"
FALSE,FALSE,TRUE,TRUE,TRUE,"205b8ebbe28117767c6974e1c4e05f03","LWQ8","Total","No abundance filtering"
TRUE,FALSE,TRUE,TRUE,FALSE,"d233b6edb8f37e7f43a781f4ed7c7a7e","Saccharimonadales_o","Total","No abundance filtering"
TRUE,TRUE,TRUE,TRUE,TRUE,"b76595ac6cd24bb842f1374a9733e373","Saccharimonadales","Total","No abundance filtering"
TRUE,FALSE,FALSE,FALSE,FALSE,"d28702f527ca84119434a5d089dea094","TM7x","Total","No abundance filtering"
FALSE,TRUE,FALSE,FALSE,FALSE,"92981a4f9e607d7f28d045957da39fcf","Saccharimonadaceae_f","Total","No abundance filtering"
TRUE,FALSE,TRUE,TRUE,TRUE,"d4841fd1d61b4703cdd6ce863db17fea","Saccharimonadaceae","Total","No abundance filtering"
TRUE,TRUE,TRUE,TRUE,TRUE,"85c44a334114a5e2ca8dbe7d74e191d7","TM7a","Total","No abundance filtering"
TRUE,TRUE,TRUE,TRUE,TRUE,"303f5cdac869c2dc02db6ebe1323e12a","Deinococcus","Total","No abundance filtering"
TRUE,FALSE,FALSE,TRUE,TRUE,"a433a2d87737d2dbf73ad13321f67911","Thermus","Total","No abundance filtering"
FALSE,FALSE,TRUE,FALSE,FALSE,"0535f4bb8a671a91b7c6080f796b0bc0","JGI_0000069-P22","Total","No abundance filtering"
FALSE,FALSE,FALSE,TRUE,FALSE,"3d321b478b7fd39dc8ac6c68a827a622","Arcobacter","Total","No abundance filtering"
TRUE,FALSE,FALSE,FALSE,FALSE,"d127837f1b6ab3f7bdad8d8d125f0b08","Helicobacter","Total","No abundance filtering"
FALSE,TRUE,FALSE,TRUE,FALSE,"926726e3e0db3f70863c3e8a1f495968","Candidatus_Alysiosphaera","Total","No abundance filtering"
FALSE,TRUE,FALSE,TRUE,FALSE,"8565dacf1db3e048ac63f478454923c7","Nordella","Total","No abundance filtering"
FALSE,FALSE,TRUE,FALSE,FALSE,"a6a5c75bcf40728c389d91b17e569cb0","Reyranella","Total","No abundance filtering"
FALSE,FALSE,FALSE,TRUE,FALSE,"a1e2b28fb788c9542caf556c169bd434","Hyphomicrobium","Total","No abundance filtering"
TRUE,TRUE,TRUE,TRUE,FALSE,"a47b8216f72af411c683bfe0846aa555","Pedomicrobium","Total","No abundance filtering"
FALSE,FALSE,TRUE,FALSE,FALSE,"4ed1aaefaefe8f38b7f6a4c1fd82d1ba","Hyphomicrobiaceae_f","Total","No abundance filtering"
TRUE,FALSE,FALSE,TRUE,FALSE,"b733b3851a774a99efd0dd4c1d92054c","Phreatobacter","Total","No abundance filtering"
FALSE,FALSE,TRUE,FALSE,FALSE,"302bf7a5ed63144059d0db8f906a743f","Amb-16S-1323","Total","No abundance filtering"
TRUE,TRUE,FALSE,FALSE,FALSE,"8ada8a5b8f21a7dc546f16c295fd64f4","Pseudorhodoplanes","Total","No abundance filtering"
TRUE,TRUE,TRUE,TRUE,TRUE,"b0ce3a4407f76fe40d761ea266b304ff","Microvirga","Total","No abundance filtering"
TRUE,TRUE,TRUE,TRUE,TRUE,"d8a7df9e8bf0ac6efceee3f0424a5090","Beijerinckiaceae_f","Total","No abundance filtering"
FALSE,TRUE,FALSE,FALSE,FALSE,"be765e929e8c9e7845dc8abd26cbda3e","28-YEA-48","Total","No abundance filtering"
FALSE,TRUE,FALSE,FALSE,TRUE,"b66b3e7d5986ed8721f7bd4f6538105c","1174-901-12","Total","No abundance filtering"
TRUE,TRUE,TRUE,TRUE,TRUE,"5dac0955f00d983d7557e718591f0f42","Methylobacterium-Methylorubrum","Total","No abundance filtering"
TRUE,TRUE,TRUE,TRUE,TRUE,"fa5d10d0f5b3457021cf635a8268b986","Bosea","Total","No abundance filtering"
FALSE,FALSE,TRUE,TRUE,FALSE,"a354591ad123e5f645c3694abf4089f4","Rhodopseudomonas","Total","No abundance filtering"
FALSE,TRUE,FALSE,FALSE,FALSE,"87a6bbed6ceb02ec381f45db5ed37984","Afipia","Total","No abundance filtering"
TRUE,TRUE,TRUE,TRUE,TRUE,"75867d7a16d9647ce25057cc21524cd3","Xanthobacteraceae_f","Total","No abundance filtering"
TRUE,FALSE,FALSE,FALSE,FALSE,"1c5d6c2c9b4a7166c7cb496fca023c12","Bradyrhizobium","Total","No abundance filtering"
FALSE,FALSE,FALSE,TRUE,TRUE,"b7efbc42c9ff68fc2a12b5046976cfe6","Psychroglaciecola","Total","No abundance filtering"
FALSE,FALSE,FALSE,FALSE,TRUE,"719f736c916092f6d392c5a46e1091ea","Hyphomonadaceae_f","Total","No abundance filtering"
FALSE,TRUE,FALSE,FALSE,FALSE,"b90d5c735e4f9bea8175e5eabfd3caab","Asticcacaulis","Total","No abundance filtering"
FALSE,TRUE,TRUE,TRUE,TRUE,"8f120cf4ec104620d09446cdfbd8b7e9","Caulobacteraceae_f","Total","No abundance filtering"
FALSE,FALSE,FALSE,TRUE,FALSE,"20f150dfe46c537edc5310399040afb8","Caulobacteraceae","Total","No abundance filtering"
FALSE,FALSE,TRUE,TRUE,FALSE,"0adf67a3e396926259316a14f66e7ca1","Brevundimonas","Total","No abundance filtering"
TRUE,TRUE,FALSE,TRUE,TRUE,"e04521050f0d75fa388bddc4f2f34e56","Caulobacter","Total","No abundance filtering"
TRUE,TRUE,TRUE,FALSE,TRUE,"d31a407f8ea48b0ffb218c273e96aca7","Phenylobacterium","Total","No abundance filtering"
FALSE,FALSE,FALSE,TRUE,FALSE,"3e50658e9b489006be4573114ca22b59","Rubellimicrobium","Total","No abundance filtering"
FALSE,FALSE,FALSE,FALSE,TRUE,"54581694fce0637591ea45b0eff658f0","Rhodobacteraceae_f","Total","No abundance filtering"
TRUE,TRUE,TRUE,TRUE,TRUE,"65c9fb2233a8c0d21e99ba69d13d1e6d","Haematobacter","Total","No abundance filtering"
FALSE,FALSE,TRUE,TRUE,FALSE,"cec2b7d32bc35658a948ffb4c0357677","Amaricoccus","Total","No abundance filtering"
TRUE,TRUE,TRUE,TRUE,TRUE,"515ecf421a951bc274a7daaa791dc894","Paracoccus","Total","No abundance filtering"
FALSE,TRUE,FALSE,FALSE,FALSE,"adcae3f5a43e4dca840c01d62e6416a5","Pleomorphomonas","Total","No abundance filtering"
FALSE,TRUE,FALSE,FALSE,FALSE,"e9725fc74685ef05a1ba39435294042c","Pseudaminobacter","Total","No abundance filtering"
FALSE,TRUE,FALSE,FALSE,FALSE,"cea0a6f8b58238977831021560f03baf","Aminobacter","Total","No abundance filtering"
TRUE,TRUE,TRUE,TRUE,TRUE,"b42d663cf6e4bf6e9916cf88ac74a818","Rhizobiaceae_f","Total","No abundance filtering"
TRUE,FALSE,FALSE,FALSE,FALSE,"9366c1f1fa59361f62f702f094ae0c21","Aliihoeflea","Total","No abundance filtering"
FALSE,FALSE,FALSE,TRUE,FALSE,"35d4cbfddf6c9639a996a7877cd4f0f2","Ciceribacter","Total","No abundance filtering"
TRUE,TRUE,TRUE,TRUE,FALSE,"c213f9d573bc251e6187c95f276feca6","Shinella","Total","No abundance filtering"
TRUE,TRUE,TRUE,TRUE,FALSE,"b7b3626747fe84c91b5f419eea29bbdf","Ensifer","Total","No abundance filtering"
TRUE,TRUE,TRUE,TRUE,FALSE,"cb87c4f867a6bf086284e61be0ec2f63","Aureimonas","Total","No abundance filtering"
TRUE,TRUE,TRUE,TRUE,FALSE,"6cba61242453f471b9c15fdcb5026986","Allorhizobium-Neorhizobium-Pararhizobium-Rhizobium","Total","No abundance filtering"
FALSE,TRUE,TRUE,TRUE,FALSE,"da9d2bcf5ad7eb890398dee9beaf9949","Devosiaceae_f","Total","No abundance filtering"
TRUE,TRUE,TRUE,TRUE,FALSE,"8bad83080a2375457f0c9a882b0518b9","Devosia","Total","No abundance filtering"
FALSE,TRUE,FALSE,FALSE,FALSE,"49bd242006920acb2126ab0ceac5df84","D05-2","Total","No abundance filtering"
FALSE,FALSE,FALSE,TRUE,FALSE,"1e143504935212a1de58af7db86e9075","Alphaproteobacteria_c","Total","No abundance filtering"
TRUE,TRUE,TRUE,TRUE,TRUE,"baec25fd95d764324fe292e10e6f1620","Sphingomonas","Total","No abundance filtering"
FALSE,TRUE,FALSE,FALSE,FALSE,"6d6ea94f2c732bf7767af01e1308cb38","Rhizorhapis","Total","No abundance filtering"
FALSE,FALSE,FALSE,TRUE,FALSE,"89080b3c5ba6bf78d58df159a692470f","MN_122.2a","Total","No abundance filtering"
TRUE,TRUE,TRUE,TRUE,TRUE,"6e52e1651130d2a07800abe723ea721e","Sphingomonadaceae_f","Total","No abundance filtering"
TRUE,FALSE,TRUE,TRUE,TRUE,"84739218645d09374bcecea50306c590","Sphingobium","Total","No abundance filtering"
FALSE,TRUE,TRUE,TRUE,TRUE,"7a1929bf9979112b01541e3fc354d129","Qipengyuania","Total","No abundance filtering"
TRUE,FALSE,TRUE,TRUE,TRUE,"c25c933a077c8f1489487077ae49d897","Novosphingobium","Total","No abundance filtering"
FALSE,TRUE,FALSE,TRUE,TRUE,"84f932f291b157ef5aaf93a5ea82ebb2","Sphingopyxis","Total","No abundance filtering"
TRUE,TRUE,FALSE,TRUE,FALSE,"aa57923408765fc46bc15cbeaa7491a6","Skermanella","Total","No abundance filtering"
FALSE,FALSE,FALSE,TRUE,FALSE,"abdb10ef959af94d4fc7574d556e3633","Rickettsia","Total","No abundance filtering"
TRUE,TRUE,TRUE,TRUE,TRUE,"97402210ae7735706d9a9a42b71b8fda","Acetobacteraceae_f","Total","No abundance filtering"
TRUE,FALSE,FALSE,FALSE,TRUE,"49bf16e6c356ce0fafd1a644e47ce762","Bacteria_k","Total","No abundance filtering"
TRUE,TRUE,TRUE,TRUE,TRUE,"1b5f84de8f1ac02d81de16f9b8ae2d0e","Roseomonas","Total","No abundance filtering"
FALSE,FALSE,TRUE,TRUE,FALSE,"76c7175da051546f4e9a9e16b80491d0","Craurococcus-Caldovatus","Total","No abundance filtering"
TRUE,TRUE,FALSE,FALSE,FALSE,"fe64ec7791e1fcd2d40f449b7ec5b4bb","Muricoccus","Total","No abundance filtering"
FALSE,FALSE,FALSE,FALSE,TRUE,"abd0febc117d23cd49b9d4ef431153bc","Rhodovarius","Total","No abundance filtering"
TRUE,FALSE,FALSE,FALSE,FALSE,"bc9fce29d86dd59b106f60bd7b227020","Belnapia","Total","No abundance filtering"
TRUE,FALSE,FALSE,FALSE,FALSE,"670ff01449495039c6e52f5f0fe307b1","Acidocella","Total","No abundance filtering"
FALSE,TRUE,TRUE,FALSE,FALSE,"639fa34b4e7141c951ee83fd68fe2b47","Gluconacetobacter","Total","No abundance filtering"
TRUE,TRUE,FALSE,FALSE,FALSE,"75195c7c5253e5a13cb2176aa9f782c2","Asaia","Total","No abundance filtering"
FALSE,FALSE,FALSE,TRUE,FALSE,"40b48ec694b884aa93cc33fbfb00d625","Kozakia","Total","No abundance filtering"
TRUE,TRUE,TRUE,TRUE,FALSE,"67ea33e6e92c2b3175cf2c5bd905476b","Acetobacter","Total","No abundance filtering"
TRUE,TRUE,TRUE,FALSE,FALSE,"9e3c906dc28276c52554085ff636a2a8","Rickettsiella","Total","No abundance filtering"
FALSE,TRUE,FALSE,FALSE,FALSE,"66b7507662a94e6fba998da71404a5b8","Nevskia","Total","No abundance filtering"
FALSE,FALSE,TRUE,FALSE,FALSE,"64c6c9854a1938f12b659f40a0f6a954","Vulcaniibacterium","Total","No abundance filtering"
TRUE,FALSE,TRUE,TRUE,FALSE,"4599f62c522946dffd848e0b0d9fca4b","Xanthomonas","Total","No abundance filtering"
FALSE,TRUE,FALSE,FALSE,FALSE,"342ce74435d2330505ee013a1e0cfe40","Pseudoxanthomonas","Total","No abundance filtering"
TRUE,TRUE,TRUE,TRUE,FALSE,"58eb82260a9cf04183552f4c539e2fac","Stenotrophomonas","Total","No abundance filtering"
FALSE,TRUE,FALSE,FALSE,FALSE,"b49c1c742ff9a26c0ce116574c094ea7","SN8","Total","No abundance filtering"
FALSE,TRUE,TRUE,TRUE,FALSE,"0cbd1ae79969bad86b80d96bf2b6b814","Luteimonas","Total","No abundance filtering"
FALSE,FALSE,FALSE,FALSE,TRUE,"d8b64490de90a224be2172096edcb67b","Xanthomonadaceae_f","Total","No abundance filtering"
FALSE,FALSE,TRUE,TRUE,FALSE,"a7382b45b4ef915003f6e6983632974f","Lysobacter","Total","No abundance filtering"
TRUE,FALSE,FALSE,FALSE,FALSE,"ec788ffe7eee824ad4c2d4519f2eb96b","Burkholderiales_o","Total","No abundance filtering"
FALSE,TRUE,FALSE,FALSE,FALSE,"eca7f723fb8b7b170b6f546b650537f7","Thauera","Total","No abundance filtering"
TRUE,TRUE,TRUE,TRUE,TRUE,"82504c984bcb5a584c737c78906bd2bf","Massilia","Total","No abundance filtering"
TRUE,TRUE,TRUE,FALSE,TRUE,"6899a05aba1c79bb03f4b1df326b5884","Neisseria","Total","No abundance filtering"
FALSE,FALSE,TRUE,FALSE,FALSE,"55129a90f08f521cd6bd80a65b8308fc","Methylophilus","Total","No abundance filtering"
TRUE,TRUE,TRUE,TRUE,TRUE,"19045d0398e54e66ed333ad6780ae0d4","Neisseriaceae_f","Total","No abundance filtering"
TRUE,TRUE,FALSE,FALSE,FALSE,"5f52a8f708db5f6885b892c90f153983","Hydrogenophilus","Total","No abundance filtering"
TRUE,FALSE,FALSE,TRUE,TRUE,"906baa19422f87b92ad2957fae66a741","Methyloversatilis","Total","No abundance filtering"
TRUE,TRUE,FALSE,FALSE,FALSE,"1fe1d90a93ffe8b8c2b7b32be0e750ea","Cupriavidus","Total","No abundance filtering"
FALSE,FALSE,TRUE,FALSE,TRUE,"b03c414290fa278a0f09d9b4c819ac40","Ralstonia","Total","No abundance filtering"
FALSE,TRUE,FALSE,TRUE,FALSE,"67ebdb997e828699fa913b0ed18ba924","Ottowia","Total","No abundance filtering"
FALSE,TRUE,FALSE,TRUE,FALSE,"806198a51c28a0e3cbb56fd6251ea18e","Comamonas","Total","No abundance filtering"
TRUE,FALSE,TRUE,TRUE,FALSE,"30d17b384b5e354005c2cb37d6aaf069","Comamonadaceae_f","Total","No abundance filtering"
FALSE,FALSE,TRUE,FALSE,FALSE,"a36f517260cdac623044af72be907f03","Delftia","Total","No abundance filtering"
TRUE,TRUE,TRUE,FALSE,FALSE,"ec6e497c2bea91ad44fad5bd08f3a5d2","Xenophilus","Total","No abundance filtering"
FALSE,FALSE,TRUE,FALSE,FALSE,"abd916b960b81098025c1ca1755c6cc3","Variovorax","Total","No abundance filtering"
TRUE,TRUE,TRUE,FALSE,TRUE,"b510eab43bc2ae3ce44ca3332afb6774","Acidovorax","Total","No abundance filtering"
FALSE,TRUE,FALSE,TRUE,FALSE,"a4bfcc56025d3266ec1c86c82e266e12","Aquabacterium","Total","No abundance filtering"
TRUE,FALSE,FALSE,TRUE,TRUE,"403eadaf52132415552a3a9990cf2070","Tepidimonas","Total","No abundance filtering"
FALSE,FALSE,TRUE,FALSE,FALSE,"c16bda45083cf985cb674a0320788363","Pelomonas","Total","No abundance filtering"
FALSE,TRUE,FALSE,TRUE,FALSE,"394b62243678d5f00cbfb8f1c4a6ee6d","Schlegelella","Total","No abundance filtering"
TRUE,FALSE,FALSE,TRUE,TRUE,"da903c8d827a0808b8325dd9585b5c08","Burkholderia-Caballeronia-Paraburkholderia","Total","No abundance filtering"
TRUE,TRUE,FALSE,TRUE,FALSE,"84b98c898e7a9a2d3f9b1be2df4908c7","Lautropia","Total","No abundance filtering"
TRUE,FALSE,FALSE,FALSE,FALSE,"8d8da6172e2c91f26a13e27dea7fcb95","Coxiella","Total","No abundance filtering"
TRUE,FALSE,TRUE,TRUE,FALSE,"01a417c3176de0348b0ca6ceefbd4491","Legionella","Total","No abundance filtering"
FALSE,FALSE,FALSE,FALSE,TRUE,"f74d3e35b55e74c8e5323eeb0f436f14","Methylomonas","Total","No abundance filtering"
TRUE,FALSE,FALSE,FALSE,FALSE,"2eb5f39293ce179eff805fa32d12a432","Alishewanella","Total","No abundance filtering"
FALSE,FALSE,TRUE,FALSE,FALSE,"94d3ada8c73a636337fccb769efa8b28","Enterobacterales_o","Total","No abundance filtering"
TRUE,TRUE,TRUE,FALSE,FALSE,"a2e29f5d7001469edc6a394262a51f75","Erwiniaceae_f","Total","No abundance filtering"
FALSE,TRUE,TRUE,FALSE,FALSE,"5e28fbbd337c610b6bc1e4b000c0342f","Enterobacteriaceae_f","Total","No abundance filtering"
FALSE,FALSE,FALSE,FALSE,TRUE,"e50d17ad0dc1144b6adebdcc150f3b51","Pantoea","Total","No abundance filtering"
FALSE,TRUE,FALSE,FALSE,FALSE,"8fa0171ff9cdc7f7e3d869c458a4a73a","Raoultella","Total","No abundance filtering"
FALSE,TRUE,TRUE,TRUE,TRUE,"3444f19e0cb194dfbd485cc396c59f71","Haemophilus","Total","No abundance filtering"
TRUE,TRUE,TRUE,TRUE,TRUE,"5325c97ed1a497a5a586815b59aed735","Enhydrobacter","Total","No abundance filtering"
TRUE,TRUE,TRUE,TRUE,FALSE,"5d7c35adf23e3104ee8e2886a1194c17","Acinetobacter","Total","No abundance filtering"
TRUE,TRUE,TRUE,TRUE,FALSE,"2c87af46c878a9884a0e448e106cfe42","Pseudomonas","Total","No abundance filtering"
FALSE,TRUE,FALSE,FALSE,FALSE,"29426558992083b53aba3b5adfb62ebc","Cellvibrio","Total","No abundance filtering"
FALSE,FALSE,FALSE,FALSE,TRUE,"fadf24138f6bd36ac33ba59dafc1be2b","Thiopseudomonas","Total","No abundance filtering"
FALSE,TRUE,FALSE,FALSE,FALSE,"ed198d2e3e59eb9b4f0cef8d45e05e98","Myxococcaceae_f","Total","No abundance filtering"
FALSE,TRUE,FALSE,TRUE,FALSE,"38ce145ffdcca956e2be1b6f332f8afb","Bdellovibrio","Total","No abundance filtering"
FALSE,FALSE,TRUE,FALSE,FALSE,"71ddab1f3aa488f911f2b333353e2f78","Oligoflexaceae_f","Total","No abundance filtering"
FALSE,FALSE,FALSE,TRUE,FALSE,"8513c3d7e955e463f8fb4b0e3f8ca6b0","Gastranaerophilales","Total","No abundance filtering"
FALSE,FALSE,TRUE,FALSE,FALSE,"6e84be0d93bffb85cad87ffe27fc41f9","Coriobacteriales_o","Total","No abundance filtering"
FALSE,FALSE,TRUE,TRUE,FALSE,"9e0c133b35d63be7741321765a951d0e","Olsenella","Total","No abundance filtering"
TRUE,TRUE,TRUE,TRUE,FALSE,"543ac8da8a84103fde70c9ee9ccf3aeb","Atopobium","Total","No abundance filtering"
TRUE,TRUE,FALSE,FALSE,FALSE,"2dba47ded95ae634746f33d9c695e7f9","Armatimonadales","Total","No abundance filtering"
TRUE,FALSE,FALSE,FALSE,FALSE,"b6490793b61729fade75800b9a5746ab","Hydrogenobacter","Total","No abundance filtering"
FALSE,FALSE,FALSE,TRUE,FALSE,"9b21b487cca15d9243173e6003fe5f67","Gemmatimonadaceae_f","Total","No abundance filtering"
FALSE,FALSE,FALSE,TRUE,FALSE,"f8e719549495b584e09aed57e8d9b853","Gemmatimonas","Total","No abundance filtering"
FALSE,FALSE,TRUE,FALSE,FALSE,"db9c46272955268b239e5d89618d7ac1","Berkelbacteria","Total","No abundance filtering"
TRUE,FALSE,FALSE,FALSE,FALSE,"aeecfb2e13eb0e176bff7d58e44422f9","Abditibacterium","Total","No abundance filtering"
FALSE,TRUE,FALSE,FALSE,FALSE,"259733dd148441d7853462e466b51c86","SM1A02","Total","No abundance filtering"
FALSE,FALSE,TRUE,FALSE,FALSE,"4e9ca07dcaec7e38e8c0689eb78540e3","Paludisphaera","Total","No abundance filtering"
TRUE,FALSE,TRUE,TRUE,FALSE,"8accb7ac69a09173bb86ac2883b7dff7","Isosphaeraceae_f","Total","No abundance filtering"
FALSE,FALSE,FALSE,TRUE,FALSE,"21967f8f24338037507b06be0cbaa356","Pirellula","Total","No abundance filtering"
FALSE,FALSE,TRUE,FALSE,FALSE,"86d9f851fe319e04da6496f277487456","Pirellulaceae_f","Total","No abundance filtering"
FALSE,FALSE,TRUE,TRUE,FALSE,"713362abd8c4912d6c7d4caa1e766625","Pir4_lineage","Total","No abundance filtering"
FALSE,TRUE,FALSE,FALSE,FALSE,"d2b0b2aee1af0c2d0b268bbdd47e2924","Gemmataceae_f","Total","No abundance filtering"
TRUE,FALSE,TRUE,FALSE,FALSE,"5e75994e109e5e60edd869e18ac9e50a","Gemmata","Total","No abundance filtering"
FALSE,FALSE,FALSE,FALSE,TRUE,"d78c7661f8e59acd50c80e8f2fd19582","Fimbriiglobus","Total","No abundance filtering"
TRUE,FALSE,FALSE,FALSE,FALSE,"c9b3032f54d5eae836e9bbc111d61d57","SH-PL14","Total","No abundance filtering"
TRUE,FALSE,FALSE,FALSE,FALSE,"c89aa29e55284c3120bbcee0177c18b9","Planctomycetales_o","Total","No abundance filtering"
FALSE,TRUE,FALSE,FALSE,FALSE,"c0948aae3210c6d223a5b3ac7bc18fb0","Planctomicrobium","Total","No abundance filtering"
FALSE,TRUE,FALSE,TRUE,FALSE,"d27a5dbc45888651009c7373394586e2","Planctomycetes_c","Total","No abundance filtering"
FALSE,FALSE,FALSE,FALSE,TRUE,"aa746099ad73c67aac56c81536549595","Thermoleophilum","Total","No abundance filtering"
FALSE,FALSE,FALSE,TRUE,FALSE,"7515c96cc69c940c2521d2ed4ac90adc","67-14","Total","No abundance filtering"
FALSE,TRUE,FALSE,FALSE,FALSE,"4518e5b3f462a669d90839f07bd8c881","Conexibacter","Total","No abundance filtering"
FALSE,FALSE,FALSE,FALSE,TRUE,"dcf66aa40723a77eaf2bb42cb2c63f73","Patulibacter","Total","No abundance filtering"
TRUE,TRUE,TRUE,TRUE,TRUE,"e26b0fa334d8f338ba34578cb7c0d3cc","Parviterribacter","Total","No abundance filtering"
FALSE,FALSE,FALSE,TRUE,TRUE,"292254d46addbc010ae77b2aad22c07b","Microtrichales_o","Total","No abundance filtering"
TRUE,TRUE,TRUE,TRUE,FALSE,"5bd3af0138e11ba03030ffee3ff0d14d","Acidimicrobiia_c","Total","No abundance filtering"
TRUE,TRUE,TRUE,TRUE,TRUE,"4748e8a42d43b5abde091a50264f9a92","Blastococcus","Total","No abundance filtering"
FALSE,TRUE,FALSE,TRUE,TRUE,"261dfeeb6c011ef257861b2a0fe3bb7d","Brevibacterium","Total","No abundance filtering"
TRUE,TRUE,TRUE,TRUE,TRUE,"81e7661c8ebb6e0fc435211e9aa6a47c","Kocuria","Total","No abundance filtering"
TRUE,TRUE,TRUE,TRUE,TRUE,"443fb2d16fc7d839c24c5a7a7826dec6","Rothia","Total","No abundance filtering"
FALSE,FALSE,TRUE,FALSE,FALSE,"07f823ed91fe424a88e175a9101db80f","Kytococcus","Total","No abundance filtering"
FALSE,TRUE,TRUE,TRUE,TRUE,"db1e0886cb9529333a47b8ff4347c63b","Intrasporangiaceae_f","Total","No abundance filtering"
FALSE,TRUE,TRUE,FALSE,FALSE,"21673413c8312614eaf4f3f0e9ac6eba","Knoellia","Total","No abundance filtering"
TRUE,TRUE,TRUE,TRUE,TRUE,"873b0b68e099323e1d2ca5d17606a11d","Pseudoclavibacter","Total","No abundance filtering"
FALSE,TRUE,FALSE,FALSE,FALSE,"e3cf88a0fc4731af23d477c14f7f8de6","Galbitalea","Total","No abundance filtering"
FALSE,FALSE,TRUE,FALSE,FALSE,"46b0ba5afe1e2b9268573006c628405a","Plantibacter","Total","No abundance filtering"
FALSE,FALSE,FALSE,TRUE,FALSE,"bff2858a173d483d7604323d8fc9a6e9","Diaminobutyricimonas","Total","No abundance filtering"
FALSE,FALSE,FALSE,TRUE,FALSE,"9ac455d7d7a26fed46036043403628e6","Agrococcus","Total","No abundance filtering"
TRUE,TRUE,TRUE,TRUE,TRUE,"c123804c63e25b6390ad734e64c31e6c","Microbacterium","Total","No abundance filtering"
TRUE,TRUE,TRUE,TRUE,TRUE,"f889bb2bb25f73012084bb11ae950a17","Microbacteriaceae_f","Total","No abundance filtering"
TRUE,TRUE,TRUE,TRUE,TRUE,"0db1ad2d6b4b45fa3e3e40aa9f5ee692","Janibacter","Total","No abundance filtering"
TRUE,TRUE,FALSE,FALSE,FALSE,"c8f0916f6fd2f533a204b73879084a4f","Cellulomonas","Total","No abundance filtering"
FALSE,FALSE,TRUE,FALSE,FALSE,"2235fb3906484370e48c37388c4cd746","Promicromonospora","Total","No abundance filtering"
FALSE,TRUE,FALSE,FALSE,FALSE,"488029799c26f2d7eaf7df8899ad7c34","Cellulosimicrobium","Total","No abundance filtering"
FALSE,FALSE,FALSE,FALSE,TRUE,"79c2d824228c4d17533d54fa05f593ed","Terrabacter","Total","No abundance filtering"
TRUE,TRUE,TRUE,TRUE,TRUE,"2babd2316a955b8126c1d574928eded1","Arsenicicoccus","Total","No abundance filtering"
FALSE,FALSE,FALSE,FALSE,TRUE,"79efcc373159c11685c8a7343b8e0cd9","Ornithinicoccus","Total","No abundance filtering"
FALSE,FALSE,FALSE,FALSE,TRUE,"cbb091b5e5b0289d04c52c93172f0400","Ornithinimicrobium","Total","No abundance filtering"
TRUE,TRUE,FALSE,TRUE,TRUE,"978d54ee5abc9bf229fa247683b8d7f2","Dermabacter","Total","No abundance filtering"
TRUE,FALSE,TRUE,TRUE,TRUE,"f5f63b20073a5689ec99521de809cfa9","Brachybacterium","Total","No abundance filtering"
TRUE,FALSE,FALSE,FALSE,FALSE,"9fb4d1ef56025a3efd044096543a3686","Leucobacter","Total","No abundance filtering"
FALSE,FALSE,TRUE,FALSE,FALSE,"867ea09fd0e8bc911475f9097bd2e57d","Arthrobacter","Total","No abundance filtering"
TRUE,TRUE,TRUE,TRUE,TRUE,"aa84576af3343730c84146140496a807","Calidifontibacter","Total","No abundance filtering"
TRUE,TRUE,TRUE,TRUE,TRUE,"2bec1063c452ea81ad6d1f8ea021d50d","Yimella","Total","No abundance filtering"
TRUE,FALSE,FALSE,FALSE,FALSE,"041a808460c3e20eb708113a5ae6533d","Mobilicoccus","Total","No abundance filtering"
TRUE,TRUE,TRUE,TRUE,TRUE,"f88845e22ed4975c40c05e8f527554b3","Piscicoccus","Total","No abundance filtering"
TRUE,TRUE,TRUE,TRUE,TRUE,"73664aa4932bcfe5379274e489d0bf1c","Micrococcus","Total","No abundance filtering"
FALSE,FALSE,FALSE,TRUE,TRUE,"4961a9855736776cbb628fcf27ee7f72","Actinobacteria_c","Total","No abundance filtering"
TRUE,TRUE,TRUE,TRUE,TRUE,"8c78f224069832cd7fd7e9efcf616ab9","Dermacoccus","Total","No abundance filtering"
TRUE,TRUE,TRUE,TRUE,TRUE,"13b8688bc0b096a8da1566d3bb25a9db","Williamsia","Total","No abundance filtering"
TRUE,FALSE,TRUE,FALSE,TRUE,"c3241e1fde3826e45858fd4cd3f070d5","Streptomyces","Total","No abundance filtering"
FALSE,FALSE,FALSE,TRUE,FALSE,"8d3243f2860964ff8177daf941fb6068","Lechevalieria","Total","No abundance filtering"
FALSE,FALSE,FALSE,FALSE,TRUE,"1a917b265c943f0b7fe898239bb29ed5","Millisia","Total","No abundance filtering"
TRUE,TRUE,TRUE,TRUE,TRUE,"0de497e4baa9d071845afc073d10fba6","Gordonia","Total","No abundance filtering"
TRUE,TRUE,TRUE,TRUE,TRUE,"a1d949f27725f089c27c233027c5f692","Rhodococcus","Total","No abundance filtering"
FALSE,FALSE,FALSE,TRUE,FALSE,"79ab60724f24643048b657b079f00b4b","Corynebacteriales_o","Total","No abundance filtering"
TRUE,TRUE,TRUE,TRUE,TRUE,"e582ed5906dc643509303e1e7de0e8e9","Actinomycetospora","Total","No abundance filtering"
TRUE,TRUE,TRUE,TRUE,TRUE,"a8ebe6695f3741b63f135708fa4c894d","Pseudonocardia","Total","No abundance filtering"
FALSE,TRUE,FALSE,FALSE,FALSE,"f7734641299f704d4883f5df11e8e3ab","Nocardia","Total","No abundance filtering"
TRUE,TRUE,FALSE,TRUE,FALSE,"78f43f7e335424a99400a11453add8ab","Tsukamurella","Total","No abundance filtering"
TRUE,TRUE,TRUE,TRUE,TRUE,"33a077fde7c403e6b08c5b967e3df0a1","Mycobacterium","Total","No abundance filtering"
TRUE,TRUE,TRUE,TRUE,TRUE,"daca34875367c76ab8b8452940d60fdf","Dietzia","Total","No abundance filtering"
TRUE,TRUE,TRUE,TRUE,TRUE,"0df52bde0ac287bb20a6c5a9a66201f2","Lawsonella","Total","No abundance filtering"
TRUE,TRUE,TRUE,TRUE,TRUE,"8de58ef371630c3e4c24d74a8f7ecf2a","Corynebacteriaceae","Total","No abundance filtering"
TRUE,TRUE,TRUE,TRUE,TRUE,"04ae6d4e93605dc0fd87868b6069bbbf","Corynebacteriaceae_f","Total","No abundance filtering"
TRUE,TRUE,TRUE,TRUE,TRUE,"b5abf1472c7313362f3234de5c1a8efa","Corynebacterium","Total","No abundance filtering"
TRUE,TRUE,FALSE,FALSE,FALSE,"2e914ff49c78ff61df377999bbc52463","Marmoricola","Antecubital fossa","No abundance filtering"
TRUE,FALSE,FALSE,FALSE,FALSE,"ac4224d32dea1c7253ed5070a65a1b3e","Nocardioides","Antecubital fossa","No abundance filtering"
FALSE,FALSE,FALSE,TRUE,TRUE,"37640dc68ceb2f67423497241ff862f3","Friedmanniella","Antecubital fossa","No abundance filtering"
FALSE,FALSE,FALSE,TRUE,FALSE,"3859ddfb4885964844ff7ada513a2597","Microlunatus","Antecubital fossa","No abundance filtering"
FALSE,FALSE,TRUE,FALSE,FALSE,"892feb56530bc24bd758934e83f18b92","Micropruina","Antecubital fossa","No abundance filtering"
FALSE,FALSE,FALSE,FALSE,TRUE,"d8e59a58b1954757c26b879a9829c4a7","Tessaracoccus","Antecubital fossa","No abundance filtering"
FALSE,FALSE,TRUE,TRUE,TRUE,"c14e1054ccbbabd5f6ed8a6dab092c54","Marinilutecoccus","Antecubital fossa","No abundance filtering"
FALSE,FALSE,FALSE,TRUE,TRUE,"3270d6c06b6b0f0e2af3d81851a3993f","Scardovia","Antecubital fossa","No abundance filtering"
FALSE,TRUE,FALSE,FALSE,FALSE,"e523791eca087d243d36477d28789915","Varibaculum","Antecubital fossa","No abundance filtering"
TRUE,TRUE,TRUE,TRUE,FALSE,"39b80e4af59dd44a181b5a148a6f8a0d","Actinomycetaceae","Antecubital fossa","No abundance filtering"
TRUE,TRUE,TRUE,TRUE,TRUE,"ada74c108a4de9611526f0c0c7ad4fc9","Actinomyces","Antecubital fossa","No abundance filtering"
FALSE,FALSE,TRUE,FALSE,FALSE,"10338681707ca5771140ff6bd4937dd3","Georgenia","Antecubital fossa","No abundance filtering"
FALSE,FALSE,FALSE,TRUE,FALSE,"668ddc46cdbec2642f49fddde18308d2","Propioniciclava","Antecubital fossa","No abundance filtering"
TRUE,TRUE,TRUE,TRUE,TRUE,"856925f916eba95f669698c572f88d93","Propionibacteriaceae_f","Antecubital fossa","No abundance filtering"
TRUE,TRUE,TRUE,TRUE,TRUE,"2c38d9d5742202da694d4721608fd637","Cutibacterium","Antecubital fossa","No abundance filtering"
TRUE,TRUE,TRUE,TRUE,FALSE,"01cef7193e22002921dd48ed9ba9882b","Antricoccus","Antecubital fossa","No abundance filtering"
TRUE,TRUE,TRUE,TRUE,FALSE,"30e001262d5e22bc9879c1a6b14058cc","Nakamurella","Antecubital fossa","No abundance filtering"
FALSE,FALSE,TRUE,FALSE,FALSE,"f86053770615e8c2bed9d08c8218914b","Nocardiopsis","Antecubital fossa","No abundance filtering"
FALSE,FALSE,TRUE,FALSE,FALSE,"0246880f263e5f9d050691d5c089a905","Jiangella","Antecubital fossa","No abundance filtering"
FALSE,TRUE,FALSE,TRUE,FALSE,"fd06b5bd8feab452ba90c4c2eb3729ac","Micromonosporaceae_f","Antecubital fossa","No abundance filtering"
FALSE,TRUE,FALSE,FALSE,FALSE,"2e728bead79d32a1b0788c8f2d3d8420","Babeliaceae","Antecubital fossa","No abundance filtering"
TRUE,FALSE,FALSE,FALSE,FALSE,"11aa9d4b0a51ee2a4e2a067c3db710f6","JGI_0001001-H03","Antecubital fossa","No abundance filtering"
TRUE,FALSE,FALSE,FALSE,FALSE,"34085f1836e0fbc2e8a1843a65e93757","Oscillibacter","Antecubital fossa","No abundance filtering"
FALSE,TRUE,FALSE,FALSE,FALSE,"92201a0da9fc3ee6db6f359cdc9ae158","Colidextribacter","Antecubital fossa","No abundance filtering"
FALSE,TRUE,FALSE,FALSE,FALSE,"2e9cafa6d587316096144e3d099fb30a","Incertae_Sedis","Antecubital fossa","No abundance filtering"
FALSE,FALSE,FALSE,FALSE,TRUE,"ca9f4bee4554e862e06ba4c488055776","Christensenellaceae_R-7_group","Antecubital fossa","No abundance filtering"
TRUE,FALSE,TRUE,FALSE,FALSE,"a0cd40d7714e666b1d764840b3cdf319","Clostridia_UCG-014","Antecubital fossa","No abundance filtering"
TRUE,FALSE,FALSE,FALSE,FALSE,"7b789ab34a526249c04870ec1e3b14fb","Stomatobaculum","Antecubital fossa","No abundance filtering"
FALSE,TRUE,FALSE,TRUE,TRUE,"17a056ac493560449848261b2f51d68f","Oribacterium","Antecubital fossa","No abundance filtering"
TRUE,TRUE,FALSE,TRUE,FALSE,"27325c30c47914898ef234447825ab83","Lachnospiraceae_f","Antecubital fossa","No abundance filtering"
TRUE,TRUE,TRUE,TRUE,FALSE,"0cdb0219ef84707001971bd8592d6a11","Lachnospiraceae_NK4A136_group","Antecubital fossa","No abundance filtering"
TRUE,TRUE,FALSE,FALSE,FALSE,"69ff34f58e584c0b1b02a7bcfdf855fd","Lachnoanaerobaculum","Antecubital fossa","No abundance filtering"
TRUE,TRUE,TRUE,TRUE,TRUE,"72558b780028629aa73abc3c75849338","Anaerococcus","Antecubital fossa","No abundance filtering"
FALSE,FALSE,TRUE,FALSE,FALSE,"15287379f901b0787b04f6432a2f8bcf","Fenollaria","Antecubital fossa","No abundance filtering"
TRUE,TRUE,TRUE,TRUE,TRUE,"f3c298b72522fa8756d13ae50332f012","Finegoldia","Antecubital fossa","No abundance filtering"
TRUE,FALSE,TRUE,TRUE,TRUE,"f62c486b44892e1e1254d83edcef4f0b","Parvimonas","Antecubital fossa","No abundance filtering"
FALSE,TRUE,FALSE,FALSE,FALSE,"545e02d32bf168637a36e7689eb58894","Ezakiella","Antecubital fossa","No abundance filtering"
TRUE,FALSE,FALSE,FALSE,FALSE,"3647fcaddec766838b3532f38d53e49b","Family_XI_f","Antecubital fossa","No abundance filtering"
FALSE,TRUE,FALSE,TRUE,FALSE,"029c76efcff7044afc7a4d56e859c483","Tissierella","Antecubital fossa","No abundance filtering"
TRUE,TRUE,TRUE,TRUE,TRUE,"e7a499f9a323eb7371e4433ae24c2ba5","Peptoniphilus","Antecubital fossa","No abundance filtering"
TRUE,TRUE,TRUE,TRUE,TRUE,"fe3c004d8197f1b22882116b5be2deda","Mogibacterium","Antecubital fossa","No abundance filtering"
FALSE,TRUE,TRUE,TRUE,TRUE,"fab4e6f2ff0d67c9da977d16fc3cb422","[Eubacterium]_nodatum_group","Antecubital fossa","No abundance filtering"
TRUE,FALSE,FALSE,FALSE,FALSE,"bd70ff86d44ce073392ba44cc682ed77","S5-A14a","Antecubital fossa","No abundance filtering"
TRUE,FALSE,TRUE,FALSE,TRUE,"21aa4b4f658decb90eb33740ce2886c0","[Eubacterium]_brachy_group","Antecubital fossa","No abundance filtering"
TRUE,FALSE,FALSE,FALSE,FALSE,"c8a6218790712b8c08f605b865c6e497","Paeniclostridium","Antecubital fossa","No abundance filtering"
FALSE,FALSE,TRUE,TRUE,FALSE,"a13dce895add088f18d0e430280854b1","Romboutsia","Antecubital fossa","No abundance filtering"
FALSE,FALSE,FALSE,FALSE,TRUE,"94280c1f9f716fbaaac5ea7d1925a3ac","Peptostreptococcus","Antecubital fossa","No abundance filtering"
FALSE,FALSE,FALSE,FALSE,TRUE,"054a3d89b18fe9efb721eae0b64f969b","Filifactor","Antecubital fossa","No abundance filtering"
TRUE,FALSE,TRUE,FALSE,FALSE,"18ceb20f4a0682ada2a5849583d8a6eb","Clostridium_sensu_stricto_1","Antecubital fossa","No abundance filtering"
TRUE,TRUE,FALSE,FALSE,TRUE,"71c05ef4f89bfda417762c6a3a199da5","Fusobacterium","Antecubital fossa","No abundance filtering"
FALSE,FALSE,TRUE,TRUE,TRUE,"a5dd882b4a1e48909e5c51966530bf29","Turicibacter","Antecubital fossa","No abundance filtering"
TRUE,FALSE,TRUE,FALSE,FALSE,"92439753fa9d8bf5da75e3ee7c14e69f","Anaeroplasma","Antecubital fossa","No abundance filtering"
FALSE,FALSE,TRUE,FALSE,FALSE,"73948445c2534487d73c1402eb9ca852","Bulleidia","Antecubital fossa","No abundance filtering"
TRUE,TRUE,FALSE,TRUE,TRUE,"777af065fba986b3744a73d72c79c51d","Solobacterium","Antecubital fossa","No abundance filtering"
FALSE,TRUE,FALSE,FALSE,FALSE,"5de75a73be3109110266de0a2c4b48d4","Erysipelotrichaceae_UCG-003","Antecubital fossa","No abundance filtering"
TRUE,TRUE,TRUE,TRUE,TRUE,"dc4c06e76c80792a6dd6a5170e96a392","Streptococcus","Antecubital fossa","No abundance filtering"
FALSE,FALSE,TRUE,TRUE,TRUE,"e075d7d3b6ae899ef1e8ccba4cd5114e","Lactococcus","Antecubital fossa","No abundance filtering"
TRUE,TRUE,TRUE,TRUE,TRUE,"46ec4ed0a75b0fcf231f1e4ff262fa8d","P5D1-392","Antecubital fossa","No abundance filtering"
FALSE,FALSE,FALSE,TRUE,FALSE,"ee5be990233f99eded70433e365148ee","Lactobacillales_o","Antecubital fossa","No abundance filtering"
FALSE,FALSE,TRUE,FALSE,FALSE,"d0bbb3cf6f8c4d7a6fdd6a81d94daa81","Marinilactibacillus","Antecubital fossa","No abundance filtering"
FALSE,FALSE,FALSE,FALSE,TRUE,"33a4b160e1f1411ea02ae36df2dcc388","Alkalibacterium","Antecubital fossa","No abundance filtering"
TRUE,TRUE,FALSE,TRUE,TRUE,"3f23ceb1ef108f7ce9cc7e5665c1f6af","Atopostipes","Antecubital fossa","No abundance filtering"
TRUE,FALSE,FALSE,TRUE,FALSE,"f72abff20162a869f7fb14c9b9468835","Jeotgalicoccus","Antecubital fossa","No abundance filtering"
TRUE,TRUE,TRUE,TRUE,TRUE,"28791a195fb16e432f328fc38c217a16","Staphylococcus","Antecubital fossa","No abundance filtering"
FALSE,TRUE,FALSE,TRUE,FALSE,"34f93d4b535472fbbe0ae88becfe4254","Fictibacillus","Antecubital fossa","No abundance filtering"
TRUE,TRUE,TRUE,TRUE,TRUE,"bb22e6d2b4e7939ff1edc50cab5c9130","Bacillus","Antecubital fossa","No abundance filtering"
TRUE,TRUE,FALSE,FALSE,FALSE,"ec838891faa3317f3afcd2d38b4e1923","Bacillaceae_f","Antecubital fossa","No abundance filtering"
TRUE,FALSE,FALSE,FALSE,FALSE,"28e82ac50faab22d9428d78c36181743","Hydrogenispora","Antecubital fossa","No abundance filtering"
TRUE,FALSE,FALSE,FALSE,FALSE,"050d46a27980fc3cbc7f1a3d04b66b12","Planococcaceae_f","Antecubital fossa","No abundance filtering"
FALSE,TRUE,TRUE,TRUE,FALSE,"126f3c073f21d6632d9d256142537db3","Sporosarcina","Antecubital fossa","No abundance filtering"
TRUE,TRUE,TRUE,TRUE,FALSE,"b237acb7c9ea317b7038f24d96d5d302","Anoxybacillus","Antecubital fossa","No abundance filtering"
FALSE,FALSE,FALSE,FALSE,TRUE,"cca62ce55fa1104839106ebc7d1a7667","Paenibacillus","Antecubital fossa","No abundance filtering"
TRUE,FALSE,FALSE,FALSE,FALSE,"4ceaf0eaf760e1d547cc7b69a0caf8af","Leuconostoc","Antecubital fossa","No abundance filtering"
TRUE,FALSE,FALSE,FALSE,FALSE,"c16345411b2428ad706dd067e17bd77d","Facklamia","Antecubital fossa","No abundance filtering"
TRUE,TRUE,TRUE,TRUE,TRUE,"026a1823043132ceb767cb524b84af87","Eremococcus","Antecubital fossa","No abundance filtering"
FALSE,TRUE,TRUE,TRUE,TRUE,"20c71ebbcfbabf45f16036be051b7769","Gemella","Antecubital fossa","No abundance filtering"
TRUE,FALSE,FALSE,FALSE,FALSE,"f0a2510f876ac61a2018bf5abf3db6a2","Dubosiella","Antecubital fossa","No abundance filtering"
FALSE,FALSE,FALSE,FALSE,TRUE,"59ef38dc6b706ebe3087a9c3c12872bd","Sporomusa","Antecubital fossa","No abundance filtering"
TRUE,TRUE,TRUE,TRUE,TRUE,"74aa557dd13c317520912ce37b152b31","JG30-KF-CM45","Antecubital fossa","No abundance filtering"
TRUE,FALSE,FALSE,FALSE,FALSE,"0b2fe4fb7db539ff9a4fa9d27c0faa62","Nodosilinea_PCC-7104","Antecubital fossa","No abundance filtering"
FALSE,FALSE,FALSE,TRUE,FALSE,"8459d7cb3a2b19a181aa31512f398869","EcFYyy-200","Antecubital fossa","No abundance filtering"
FALSE,FALSE,TRUE,TRUE,FALSE,"45e3f3f280507375f3d96c07e56be4c3","Pleurocapsa_PCC-7319","Antecubital fossa","No abundance filtering"
FALSE,FALSE,FALSE,FALSE,TRUE,"1dd2d03bf672608a258cb4ef5543cad2","Cyanobacteriales_o","Antecubital fossa","No abundance filtering"
FALSE,FALSE,TRUE,TRUE,TRUE,"47197ee817bb57421f861e8b877e0588","Chroococcidiopsaceae_f","Antecubital fossa","No abundance filtering"
FALSE,FALSE,FALSE,TRUE,FALSE,"e863f60c2b404781ce435283c0b37574","Calothrix_PCC-6303","Antecubital fossa","No abundance filtering"
FALSE,FALSE,FALSE,TRUE,FALSE,"35527ffa9f44ebbf586ab787211da1c3","Dyadobacter","Antecubital fossa","No abundance filtering"
FALSE,FALSE,FALSE,TRUE,FALSE,"a67325486802911e948473f4b8b71ebe","Spirosoma","Antecubital fossa","No abundance filtering"
FALSE,FALSE,FALSE,TRUE,FALSE,"1813a356c899840a7219062a1a3f47b5","Spirosomaceae_f","Antecubital fossa","No abundance filtering"
TRUE,FALSE,FALSE,FALSE,FALSE,"b230581a663e0797c9116d2661cab125","Sphingobacterium","Antecubital fossa","No abundance filtering"
FALSE,FALSE,FALSE,TRUE,FALSE,"ad490013f6967a5e303129f81df260cb","Nubsella","Antecubital fossa","No abundance filtering"
TRUE,TRUE,TRUE,TRUE,FALSE,"93e5a7a097bc4ddfb97c9908b7e32efd","Prevotellaceae_f","Antecubital fossa","No abundance filtering"
TRUE,TRUE,FALSE,TRUE,TRUE,"50a12e0b6a6399f107bdfcadc93a8cc4","Prevotella","Antecubital fossa","No abundance filtering"
TRUE,FALSE,FALSE,FALSE,FALSE,"300837fe392a9506546f1970bd365d4b","Prevotella_7","Antecubital fossa","No abundance filtering"
FALSE,FALSE,FALSE,TRUE,FALSE,"88098ab3f8048c851897dbd0bcb5cb7d","Prevotellaceae_UCG-001","Antecubital fossa","No abundance filtering"
TRUE,FALSE,FALSE,FALSE,FALSE,"05fcdbf22abe66e94b0ede4dfd85ca1e","Alloprevotella","Antecubital fossa","No abundance filtering"
TRUE,TRUE,TRUE,FALSE,FALSE,"b765346d065e508c6263c505decbb3f2","Muribaculaceae","Antecubital fossa","No abundance filtering"
FALSE,FALSE,FALSE,TRUE,FALSE,"a7d73d00201f5dfac32d5042e3aa7039","Rikenellaceae_RC9_gut_group","Antecubital fossa","No abundance filtering"
TRUE,FALSE,FALSE,TRUE,FALSE,"13fb1106cb988b93d742c82bb067cd7c","Alistipes","Antecubital fossa","No abundance filtering"
FALSE,TRUE,FALSE,FALSE,FALSE,"1422aef8849148a9b52ce185862dc22f","Capnocytophaga","Antecubital fossa","No abundance filtering"
TRUE,FALSE,FALSE,FALSE,FALSE,"1a7e4f61cb855f1cf44b93f02d1e46e3","Flavobacterium","Antecubital fossa","No abundance filtering"
TRUE,FALSE,FALSE,FALSE,FALSE,"2f7ab09df42772d54308dfa6e66bdfd0","Empedobacter","Antecubital fossa","No abundance filtering"
TRUE,FALSE,FALSE,FALSE,FALSE,"c267dc0912cbc6475bb64ff0f47644b0","Bergeyella","Antecubital fossa","No abundance filtering"
TRUE,TRUE,TRUE,TRUE,FALSE,"41fbe47dd5c90d3ffeac5d5f7c2cc30d","Chryseobacterium","Antecubital fossa","No abundance filtering"
TRUE,TRUE,FALSE,FALSE,FALSE,"fe00e9dc2b0d57671c5d87b12972291f","Cloacibacterium","Antecubital fossa","No abundance filtering"
FALSE,FALSE,TRUE,TRUE,TRUE,"205b8ebbe28117767c6974e1c4e05f03","LWQ8","Antecubital fossa","No abundance filtering"
TRUE,FALSE,TRUE,TRUE,FALSE,"d233b6edb8f37e7f43a781f4ed7c7a7e","Saccharimonadales_o","Antecubital fossa","No abundance filtering"
FALSE,TRUE,TRUE,TRUE,TRUE,"b76595ac6cd24bb842f1374a9733e373","Saccharimonadales","Antecubital fossa","No abundance filtering"
TRUE,FALSE,FALSE,TRUE,TRUE,"d4841fd1d61b4703cdd6ce863db17fea","Saccharimonadaceae","Antecubital fossa","No abundance filtering"
TRUE,TRUE,TRUE,TRUE,TRUE,"85c44a334114a5e2ca8dbe7d74e191d7","TM7a","Antecubital fossa","No abundance filtering"
TRUE,TRUE,TRUE,TRUE,TRUE,"303f5cdac869c2dc02db6ebe1323e12a","Deinococcus","Antecubital fossa","No abundance filtering"
TRUE,FALSE,FALSE,TRUE,FALSE,"a433a2d87737d2dbf73ad13321f67911","Thermus","Antecubital fossa","No abundance filtering"
FALSE,FALSE,TRUE,FALSE,FALSE,"0535f4bb8a671a91b7c6080f796b0bc0","JGI_0000069-P22","Antecubital fossa","No abundance filtering"
FALSE,FALSE,FALSE,TRUE,FALSE,"3d321b478b7fd39dc8ac6c68a827a622","Arcobacter","Antecubital fossa","No abundance filtering"
TRUE,FALSE,FALSE,FALSE,FALSE,"d127837f1b6ab3f7bdad8d8d125f0b08","Helicobacter","Antecubital fossa","No abundance filtering"
FALSE,TRUE,FALSE,TRUE,FALSE,"926726e3e0db3f70863c3e8a1f495968","Candidatus_Alysiosphaera","Antecubital fossa","No abundance filtering"
FALSE,TRUE,FALSE,TRUE,FALSE,"8565dacf1db3e048ac63f478454923c7","Nordella","Antecubital fossa","No abundance filtering"
FALSE,FALSE,TRUE,FALSE,FALSE,"a6a5c75bcf40728c389d91b17e569cb0","Reyranella","Antecubital fossa","No abundance filtering"
FALSE,FALSE,FALSE,TRUE,FALSE,"a1e2b28fb788c9542caf556c169bd434","Hyphomicrobium","Antecubital fossa","No abundance filtering"
TRUE,TRUE,TRUE,FALSE,FALSE,"a47b8216f72af411c683bfe0846aa555","Pedomicrobium","Antecubital fossa","No abundance filtering"
FALSE,FALSE,TRUE,FALSE,FALSE,"4ed1aaefaefe8f38b7f6a4c1fd82d1ba","Hyphomicrobiaceae_f","Antecubital fossa","No abundance filtering"
TRUE,FALSE,FALSE,TRUE,FALSE,"b733b3851a774a99efd0dd4c1d92054c","Phreatobacter","Antecubital fossa","No abundance filtering"
FALSE,FALSE,TRUE,FALSE,FALSE,"302bf7a5ed63144059d0db8f906a743f","Amb-16S-1323","Antecubital fossa","No abundance filtering"
TRUE,TRUE,FALSE,FALSE,FALSE,"8ada8a5b8f21a7dc546f16c295fd64f4","Pseudorhodoplanes","Antecubital fossa","No abundance filtering"
TRUE,TRUE,TRUE,TRUE,TRUE,"b0ce3a4407f76fe40d761ea266b304ff","Microvirga","Antecubital fossa","No abundance filtering"
TRUE,TRUE,TRUE,TRUE,TRUE,"d8a7df9e8bf0ac6efceee3f0424a5090","Beijerinckiaceae_f","Antecubital fossa","No abundance filtering"
FALSE,TRUE,FALSE,FALSE,FALSE,"be765e929e8c9e7845dc8abd26cbda3e","28-YEA-48","Antecubital fossa","No abundance filtering"
FALSE,FALSE,FALSE,FALSE,TRUE,"b66b3e7d5986ed8721f7bd4f6538105c","1174-901-12","Antecubital fossa","No abundance filtering"
TRUE,TRUE,TRUE,TRUE,TRUE,"5dac0955f00d983d7557e718591f0f42","Methylobacterium-Methylorubrum","Antecubital fossa","No abundance filtering"
TRUE,TRUE,TRUE,TRUE,TRUE,"fa5d10d0f5b3457021cf635a8268b986","Bosea","Antecubital fossa","No abundance filtering"
FALSE,FALSE,TRUE,TRUE,FALSE,"a354591ad123e5f645c3694abf4089f4","Rhodopseudomonas","Antecubital fossa","No abundance filtering"
TRUE,TRUE,TRUE,TRUE,TRUE,"75867d7a16d9647ce25057cc21524cd3","Xanthobacteraceae_f","Antecubital fossa","No abundance filtering"
TRUE,FALSE,FALSE,FALSE,FALSE,"1c5d6c2c9b4a7166c7cb496fca023c12","Bradyrhizobium","Antecubital fossa","No abundance filtering"
FALSE,FALSE,FALSE,TRUE,TRUE,"b7efbc42c9ff68fc2a12b5046976cfe6","Psychroglaciecola","Antecubital fossa","No abundance filtering"
FALSE,TRUE,FALSE,FALSE,FALSE,"b90d5c735e4f9bea8175e5eabfd3caab","Asticcacaulis","Antecubital fossa","No abundance filtering"
FALSE,FALSE,TRUE,TRUE,TRUE,"8f120cf4ec104620d09446cdfbd8b7e9","Caulobacteraceae_f","Antecubital fossa","No abundance filtering"
FALSE,FALSE,FALSE,TRUE,FALSE,"20f150dfe46c537edc5310399040afb8","Caulobacteraceae","Antecubital fossa","No abundance filtering"
FALSE,FALSE,TRUE,FALSE,FALSE,"0adf67a3e396926259316a14f66e7ca1","Brevundimonas","Antecubital fossa","No abundance filtering"
FALSE,TRUE,FALSE,TRUE,TRUE,"e04521050f0d75fa388bddc4f2f34e56","Caulobacter","Antecubital fossa","No abundance filtering"
TRUE,FALSE,FALSE,FALSE,TRUE,"d31a407f8ea48b0ffb218c273e96aca7","Phenylobacterium","Antecubital fossa","No abundance filtering"
FALSE,FALSE,FALSE,TRUE,FALSE,"3e50658e9b489006be4573114ca22b59","Rubellimicrobium","Antecubital fossa","No abundance filtering"
TRUE,TRUE,TRUE,TRUE,TRUE,"65c9fb2233a8c0d21e99ba69d13d1e6d","Haematobacter","Antecubital fossa","No abundance filtering"
FALSE,FALSE,TRUE,TRUE,FALSE,"cec2b7d32bc35658a948ffb4c0357677","Amaricoccus","Antecubital fossa","No abundance filtering"
TRUE,TRUE,TRUE,TRUE,TRUE,"515ecf421a951bc274a7daaa791dc894","Paracoccus","Antecubital fossa","No abundance filtering"
FALSE,TRUE,FALSE,FALSE,FALSE,"adcae3f5a43e4dca840c01d62e6416a5","Pleomorphomonas","Antecubital fossa","No abundance filtering"
FALSE,TRUE,FALSE,FALSE,FALSE,"e9725fc74685ef05a1ba39435294042c","Pseudaminobacter","Antecubital fossa","No abundance filtering"
FALSE,TRUE,FALSE,FALSE,FALSE,"cea0a6f8b58238977831021560f03baf","Aminobacter","Antecubital fossa","No abundance filtering"
TRUE,TRUE,TRUE,TRUE,TRUE,"b42d663cf6e4bf6e9916cf88ac74a818","Rhizobiaceae_f","Antecubital fossa","No abundance filtering"
FALSE,FALSE,FALSE,TRUE,FALSE,"35d4cbfddf6c9639a996a7877cd4f0f2","Ciceribacter","Antecubital fossa","No abundance filtering"
TRUE,FALSE,TRUE,TRUE,FALSE,"c213f9d573bc251e6187c95f276feca6","Shinella","Antecubital fossa","No abundance filtering"
TRUE,TRUE,TRUE,TRUE,FALSE,"b7b3626747fe84c91b5f419eea29bbdf","Ensifer","Antecubital fossa","No abundance filtering"
TRUE,TRUE,TRUE,TRUE,FALSE,"cb87c4f867a6bf086284e61be0ec2f63","Aureimonas","Antecubital fossa","No abundance filtering"
TRUE,TRUE,TRUE,TRUE,FALSE,"6cba61242453f471b9c15fdcb5026986","Allorhizobium-Neorhizobium-Pararhizobium-Rhizobium","Antecubital fossa","No abundance filtering"
FALSE,TRUE,TRUE,TRUE,FALSE,"da9d2bcf5ad7eb890398dee9beaf9949","Devosiaceae_f","Antecubital fossa","No abundance filtering"
TRUE,TRUE,TRUE,TRUE,FALSE,"8bad83080a2375457f0c9a882b0518b9","Devosia","Antecubital fossa","No abundance filtering"
TRUE,TRUE,TRUE,TRUE,TRUE,"baec25fd95d764324fe292e10e6f1620","Sphingomonas","Antecubital fossa","No abundance filtering"
FALSE,FALSE,FALSE,TRUE,FALSE,"89080b3c5ba6bf78d58df159a692470f","MN_122.2a","Antecubital fossa","No abundance filtering"
TRUE,TRUE,TRUE,TRUE,TRUE,"6e52e1651130d2a07800abe723ea721e","Sphingomonadaceae_f","Antecubital fossa","No abundance filtering"
TRUE,FALSE,TRUE,TRUE,TRUE,"84739218645d09374bcecea50306c590","Sphingobium","Antecubital fossa","No abundance filtering"
FALSE,TRUE,FALSE,TRUE,TRUE,"7a1929bf9979112b01541e3fc354d129","Qipengyuania","Antecubital fossa","No abundance filtering"
TRUE,FALSE,TRUE,TRUE,TRUE,"c25c933a077c8f1489487077ae49d897","Novosphingobium","Antecubital fossa","No abundance filtering"
FALSE,TRUE,FALSE,TRUE,TRUE,"84f932f291b157ef5aaf93a5ea82ebb2","Sphingopyxis","Antecubital fossa","No abundance filtering"
TRUE,TRUE,FALSE,TRUE,FALSE,"aa57923408765fc46bc15cbeaa7491a6","Skermanella","Antecubital fossa","No abundance filtering"
TRUE,TRUE,TRUE,TRUE,TRUE,"97402210ae7735706d9a9a42b71b8fda","Acetobacteraceae_f","Antecubital fossa","No abundance filtering"
TRUE,TRUE,TRUE,TRUE,TRUE,"1b5f84de8f1ac02d81de16f9b8ae2d0e","Roseomonas","Antecubital fossa","No abundance filtering"
FALSE,TRUE,FALSE,FALSE,FALSE,"fe64ec7791e1fcd2d40f449b7ec5b4bb","Muricoccus","Antecubital fossa","No abundance filtering"
FALSE,FALSE,TRUE,FALSE,FALSE,"639fa34b4e7141c951ee83fd68fe2b47","Gluconacetobacter","Antecubital fossa","No abundance filtering"
TRUE,TRUE,FALSE,FALSE,FALSE,"75195c7c5253e5a13cb2176aa9f782c2","Asaia","Antecubital fossa","No abundance filtering"
FALSE,FALSE,FALSE,TRUE,FALSE,"40b48ec694b884aa93cc33fbfb00d625","Kozakia","Antecubital fossa","No abundance filtering"
TRUE,TRUE,TRUE,TRUE,FALSE,"67ea33e6e92c2b3175cf2c5bd905476b","Acetobacter","Antecubital fossa","No abundance filtering"
TRUE,TRUE,TRUE,FALSE,FALSE,"9e3c906dc28276c52554085ff636a2a8","Rickettsiella","Antecubital fossa","No abundance filtering"
FALSE,TRUE,FALSE,FALSE,FALSE,"66b7507662a94e6fba998da71404a5b8","Nevskia","Antecubital fossa","No abundance filtering"
FALSE,FALSE,TRUE,FALSE,FALSE,"64c6c9854a1938f12b659f40a0f6a954","Vulcaniibacterium","Antecubital fossa","No abundance filtering"
TRUE,FALSE,TRUE,TRUE,FALSE,"4599f62c522946dffd848e0b0d9fca4b","Xanthomonas","Antecubital fossa","No abundance filtering"
FALSE,TRUE,FALSE,FALSE,FALSE,"342ce74435d2330505ee013a1e0cfe40","Pseudoxanthomonas","Antecubital fossa","No abundance filtering"
TRUE,TRUE,TRUE,TRUE,FALSE,"58eb82260a9cf04183552f4c539e2fac","Stenotrophomonas","Antecubital fossa","No abundance filtering"
FALSE,TRUE,FALSE,FALSE,FALSE,"b49c1c742ff9a26c0ce116574c094ea7","SN8","Antecubital fossa","No abundance filtering"
FALSE,TRUE,FALSE,TRUE,FALSE,"0cbd1ae79969bad86b80d96bf2b6b814","Luteimonas","Antecubital fossa","No abundance filtering"
FALSE,FALSE,FALSE,FALSE,TRUE,"d8b64490de90a224be2172096edcb67b","Xanthomonadaceae_f","Antecubital fossa","No abundance filtering"
FALSE,FALSE,TRUE,TRUE,FALSE,"a7382b45b4ef915003f6e6983632974f","Lysobacter","Antecubital fossa","No abundance filtering"
TRUE,FALSE,FALSE,FALSE,FALSE,"ec788ffe7eee824ad4c2d4519f2eb96b","Burkholderiales_o","Antecubital fossa","No abundance filtering"
TRUE,TRUE,FALSE,TRUE,TRUE,"82504c984bcb5a584c737c78906bd2bf","Massilia","Antecubital fossa","No abundance filtering"
TRUE,TRUE,FALSE,FALSE,TRUE,"6899a05aba1c79bb03f4b1df326b5884","Neisseria","Antecubital fossa","No abundance filtering"
TRUE,FALSE,FALSE,TRUE,TRUE,"19045d0398e54e66ed333ad6780ae0d4","Neisseriaceae_f","Antecubital fossa","No abundance filtering"
FALSE,TRUE,FALSE,FALSE,FALSE,"5f52a8f708db5f6885b892c90f153983","Hydrogenophilus","Antecubital fossa","No abundance filtering"
FALSE,FALSE,FALSE,TRUE,TRUE,"906baa19422f87b92ad2957fae66a741","Methyloversatilis","Antecubital fossa","No abundance filtering"
TRUE,FALSE,FALSE,FALSE,FALSE,"1fe1d90a93ffe8b8c2b7b32be0e750ea","Cupriavidus","Antecubital fossa","No abundance filtering"
FALSE,FALSE,TRUE,FALSE,TRUE,"b03c414290fa278a0f09d9b4c819ac40","Ralstonia","Antecubital fossa","No abundance filtering"
FALSE,TRUE,FALSE,TRUE,FALSE,"67ebdb997e828699fa913b0ed18ba924","Ottowia","Antecubital fossa","No abundance filtering"
FALSE,TRUE,FALSE,FALSE,FALSE,"806198a51c28a0e3cbb56fd6251ea18e","Comamonas","Antecubital fossa","No abundance filtering"
FALSE,FALSE,FALSE,TRUE,FALSE,"30d17b384b5e354005c2cb37d6aaf069","Comamonadaceae_f","Antecubital fossa","No abundance filtering"
FALSE,FALSE,TRUE,FALSE,FALSE,"a36f517260cdac623044af72be907f03","Delftia","Antecubital fossa","No abundance filtering"
FALSE,FALSE,TRUE,FALSE,FALSE,"ec6e497c2bea91ad44fad5bd08f3a5d2","Xenophilus","Antecubital fossa","No abundance filtering"
TRUE,FALSE,TRUE,FALSE,FALSE,"b510eab43bc2ae3ce44ca3332afb6774","Acidovorax","Antecubital fossa","No abundance filtering"
FALSE,TRUE,FALSE,TRUE,FALSE,"a4bfcc56025d3266ec1c86c82e266e12","Aquabacterium","Antecubital fossa","No abundance filtering"
FALSE,FALSE,FALSE,TRUE,FALSE,"403eadaf52132415552a3a9990cf2070","Tepidimonas","Antecubital fossa","No abundance filtering"
FALSE,FALSE,TRUE,FALSE,FALSE,"c16bda45083cf985cb674a0320788363","Pelomonas","Antecubital fossa","No abundance filtering"
FALSE,FALSE,FALSE,TRUE,FALSE,"394b62243678d5f00cbfb8f1c4a6ee6d","Schlegelella","Antecubital fossa","No abundance filtering"
FALSE,FALSE,FALSE,FALSE,TRUE,"da903c8d827a0808b8325dd9585b5c08","Burkholderia-Caballeronia-Paraburkholderia","Antecubital fossa","No abundance filtering"
TRUE,TRUE,FALSE,TRUE,FALSE,"84b98c898e7a9a2d3f9b1be2df4908c7","Lautropia","Antecubital fossa","No abundance filtering"
TRUE,FALSE,FALSE,FALSE,FALSE,"8d8da6172e2c91f26a13e27dea7fcb95","Coxiella","Antecubital fossa","No abundance filtering"
TRUE,FALSE,TRUE,TRUE,FALSE,"01a417c3176de0348b0ca6ceefbd4491","Legionella","Antecubital fossa","No abundance filtering"
FALSE,FALSE,FALSE,FALSE,TRUE,"f74d3e35b55e74c8e5323eeb0f436f14","Methylomonas","Antecubital fossa","No abundance filtering"
TRUE,FALSE,FALSE,FALSE,FALSE,"2eb5f39293ce179eff805fa32d12a432","Alishewanella","Antecubital fossa","No abundance filtering"
TRUE,FALSE,FALSE,FALSE,FALSE,"a2e29f5d7001469edc6a394262a51f75","Erwiniaceae_f","Antecubital fossa","No abundance filtering"
FALSE,TRUE,FALSE,FALSE,FALSE,"8fa0171ff9cdc7f7e3d869c458a4a73a","Raoultella","Antecubital fossa","No abundance filtering"
FALSE,TRUE,TRUE,TRUE,TRUE,"3444f19e0cb194dfbd485cc396c59f71","Haemophilus","Antecubital fossa","No abundance filtering"
TRUE,TRUE,TRUE,TRUE,TRUE,"5325c97ed1a497a5a586815b59aed735","Enhydrobacter","Antecubital fossa","No abundance filtering"
TRUE,FALSE,TRUE,TRUE,FALSE,"5d7c35adf23e3104ee8e2886a1194c17","Acinetobacter","Antecubital fossa","No abundance filtering"
TRUE,TRUE,TRUE,TRUE,FALSE,"2c87af46c878a9884a0e448e106cfe42","Pseudomonas","Antecubital fossa","No abundance filtering"
FALSE,TRUE,FALSE,FALSE,FALSE,"29426558992083b53aba3b5adfb62ebc","Cellvibrio","Antecubital fossa","No abundance filtering"
FALSE,TRUE,FALSE,TRUE,FALSE,"38ce145ffdcca956e2be1b6f332f8afb","Bdellovibrio","Antecubital fossa","No abundance filtering"
FALSE,FALSE,TRUE,FALSE,FALSE,"71ddab1f3aa488f911f2b333353e2f78","Oligoflexaceae_f","Antecubital fossa","No abundance filtering"
FALSE,FALSE,FALSE,TRUE,FALSE,"8513c3d7e955e463f8fb4b0e3f8ca6b0","Gastranaerophilales","Antecubital fossa","No abundance filtering"
FALSE,FALSE,TRUE,FALSE,FALSE,"6e84be0d93bffb85cad87ffe27fc41f9","Coriobacteriales_o","Antecubital fossa","No abundance filtering"
FALSE,FALSE,TRUE,TRUE,FALSE,"9e0c133b35d63be7741321765a951d0e","Olsenella","Antecubital fossa","No abundance filtering"
TRUE,TRUE,TRUE,TRUE,FALSE,"543ac8da8a84103fde70c9ee9ccf3aeb","Atopobium","Antecubital fossa","No abundance filtering"
FALSE,FALSE,FALSE,TRUE,FALSE,"9b21b487cca15d9243173e6003fe5f67","Gemmatimonadaceae_f","Antecubital fossa","No abundance filtering"
FALSE,FALSE,FALSE,TRUE,FALSE,"f8e719549495b584e09aed57e8d9b853","Gemmatimonas","Antecubital fossa","No abundance filtering"
FALSE,FALSE,TRUE,FALSE,FALSE,"db9c46272955268b239e5d89618d7ac1","Berkelbacteria","Antecubital fossa","No abundance filtering"
FALSE,TRUE,FALSE,FALSE,FALSE,"259733dd148441d7853462e466b51c86","SM1A02","Antecubital fossa","No abundance filtering"
FALSE,FALSE,TRUE,FALSE,FALSE,"4e9ca07dcaec7e38e8c0689eb78540e3","Paludisphaera","Antecubital fossa","No abundance filtering"
TRUE,FALSE,TRUE,TRUE,FALSE,"8accb7ac69a09173bb86ac2883b7dff7","Isosphaeraceae_f","Antecubital fossa","No abundance filtering"
FALSE,FALSE,FALSE,TRUE,FALSE,"21967f8f24338037507b06be0cbaa356","Pirellula","Antecubital fossa","No abundance filtering"
FALSE,FALSE,TRUE,FALSE,FALSE,"86d9f851fe319e04da6496f277487456","Pirellulaceae_f","Antecubital fossa","No abundance filtering"
FALSE,FALSE,TRUE,TRUE,FALSE,"713362abd8c4912d6c7d4caa1e766625","Pir4_lineage","Antecubital fossa","No abundance filtering"
FALSE,TRUE,FALSE,FALSE,FALSE,"d2b0b2aee1af0c2d0b268bbdd47e2924","Gemmataceae_f","Antecubital fossa","No abundance filtering"
TRUE,FALSE,TRUE,FALSE,FALSE,"5e75994e109e5e60edd869e18ac9e50a","Gemmata","Antecubital fossa","No abundance filtering"
TRUE,FALSE,FALSE,FALSE,FALSE,"c9b3032f54d5eae836e9bbc111d61d57","SH-PL14","Antecubital fossa","No abundance filtering"
FALSE,TRUE,FALSE,FALSE,FALSE,"c0948aae3210c6d223a5b3ac7bc18fb0","Planctomicrobium","Antecubital fossa","No abundance filtering"
FALSE,TRUE,FALSE,TRUE,FALSE,"d27a5dbc45888651009c7373394586e2","Planctomycetes_c","Antecubital fossa","No abundance filtering"
FALSE,FALSE,FALSE,TRUE,FALSE,"7515c96cc69c940c2521d2ed4ac90adc","67-14","Antecubital fossa","No abundance filtering"
FALSE,TRUE,FALSE,FALSE,FALSE,"4518e5b3f462a669d90839f07bd8c881","Conexibacter","Antecubital fossa","No abundance filtering"
FALSE,FALSE,FALSE,FALSE,TRUE,"dcf66aa40723a77eaf2bb42cb2c63f73","Patulibacter","Antecubital fossa","No abundance filtering"
TRUE,FALSE,FALSE,TRUE,TRUE,"e26b0fa334d8f338ba34578cb7c0d3cc","Parviterribacter","Antecubital fossa","No abundance filtering"
FALSE,FALSE,FALSE,TRUE,TRUE,"292254d46addbc010ae77b2aad22c07b","Microtrichales_o","Antecubital fossa","No abundance filtering"
FALSE,TRUE,TRUE,FALSE,FALSE,"5bd3af0138e11ba03030ffee3ff0d14d","Acidimicrobiia_c","Antecubital fossa","No abundance filtering"
TRUE,TRUE,TRUE,TRUE,TRUE,"4748e8a42d43b5abde091a50264f9a92","Blastococcus","Antecubital fossa","No abundance filtering"
FALSE,FALSE,FALSE,TRUE,TRUE,"261dfeeb6c011ef257861b2a0fe3bb7d","Brevibacterium","Antecubital fossa","No abundance filtering"
TRUE,TRUE,TRUE,TRUE,TRUE,"81e7661c8ebb6e0fc435211e9aa6a47c","Kocuria","Antecubital fossa","No abundance filtering"
TRUE,TRUE,TRUE,TRUE,TRUE,"443fb2d16fc7d839c24c5a7a7826dec6","Rothia","Antecubital fossa","No abundance filtering"
FALSE,FALSE,TRUE,FALSE,FALSE,"07f823ed91fe424a88e175a9101db80f","Kytococcus","Antecubital fossa","No abundance filtering"
FALSE,TRUE,TRUE,TRUE,TRUE,"db1e0886cb9529333a47b8ff4347c63b","Intrasporangiaceae_f","Antecubital fossa","No abundance filtering"
FALSE,TRUE,TRUE,FALSE,FALSE,"21673413c8312614eaf4f3f0e9ac6eba","Knoellia","Antecubital fossa","No abundance filtering"
TRUE,FALSE,TRUE,TRUE,TRUE,"873b0b68e099323e1d2ca5d17606a11d","Pseudoclavibacter","Antecubital fossa","No abundance filtering"
FALSE,TRUE,FALSE,FALSE,FALSE,"e3cf88a0fc4731af23d477c14f7f8de6","Galbitalea","Antecubital fossa","No abundance filtering"
FALSE,FALSE,TRUE,FALSE,FALSE,"46b0ba5afe1e2b9268573006c628405a","Plantibacter","Antecubital fossa","No abundance filtering"
FALSE,FALSE,FALSE,TRUE,FALSE,"bff2858a173d483d7604323d8fc9a6e9","Diaminobutyricimonas","Antecubital fossa","No abundance filtering"
FALSE,FALSE,FALSE,TRUE,FALSE,"9ac455d7d7a26fed46036043403628e6","Agrococcus","Antecubital fossa","No abundance filtering"
TRUE,TRUE,TRUE,TRUE,TRUE,"c123804c63e25b6390ad734e64c31e6c","Microbacterium","Antecubital fossa","No abundance filtering"
TRUE,TRUE,TRUE,TRUE,TRUE,"f889bb2bb25f73012084bb11ae950a17","Microbacteriaceae_f","Antecubital fossa","No abundance filtering"
TRUE,FALSE,TRUE,TRUE,TRUE,"0db1ad2d6b4b45fa3e3e40aa9f5ee692","Janibacter","Antecubital fossa","No abundance filtering"
TRUE,TRUE,TRUE,TRUE,FALSE,"2babd2316a955b8126c1d574928eded1","Arsenicicoccus","Antecubital fossa","No abundance filtering"
FALSE,FALSE,FALSE,FALSE,TRUE,"79efcc373159c11685c8a7343b8e0cd9","Ornithinicoccus","Antecubital fossa","No abundance filtering"
FALSE,FALSE,FALSE,FALSE,TRUE,"cbb091b5e5b0289d04c52c93172f0400","Ornithinimicrobium","Antecubital fossa","No abundance filtering"
TRUE,TRUE,FALSE,TRUE,TRUE,"978d54ee5abc9bf229fa247683b8d7f2","Dermabacter","Antecubital fossa","No abundance filtering"
TRUE,FALSE,TRUE,TRUE,TRUE,"f5f63b20073a5689ec99521de809cfa9","Brachybacterium","Antecubital fossa","No abundance filtering"
TRUE,FALSE,FALSE,FALSE,FALSE,"9fb4d1ef56025a3efd044096543a3686","Leucobacter","Antecubital fossa","No abundance filtering"
TRUE,TRUE,TRUE,TRUE,TRUE,"aa84576af3343730c84146140496a807","Calidifontibacter","Antecubital fossa","No abundance filtering"
TRUE,TRUE,TRUE,TRUE,TRUE,"2bec1063c452ea81ad6d1f8ea021d50d","Yimella","Antecubital fossa","No abundance filtering"
TRUE,FALSE,FALSE,FALSE,FALSE,"041a808460c3e20eb708113a5ae6533d","Mobilicoccus","Antecubital fossa","No abundance filtering"
TRUE,TRUE,TRUE,TRUE,TRUE,"f88845e22ed4975c40c05e8f527554b3","Piscicoccus","Antecubital fossa","No abundance filtering"
TRUE,TRUE,TRUE,TRUE,TRUE,"73664aa4932bcfe5379274e489d0bf1c","Micrococcus","Antecubital fossa","No abundance filtering"
FALSE,FALSE,FALSE,TRUE,TRUE,"4961a9855736776cbb628fcf27ee7f72","Actinobacteria_c","Antecubital fossa","No abundance filtering"
TRUE,TRUE,TRUE,TRUE,TRUE,"8c78f224069832cd7fd7e9efcf616ab9","Dermacoccus","Antecubital fossa","No abundance filtering"
TRUE,TRUE,TRUE,TRUE,TRUE,"13b8688bc0b096a8da1566d3bb25a9db","Williamsia","Antecubital fossa","No abundance filtering"
FALSE,FALSE,FALSE,FALSE,TRUE,"1a917b265c943f0b7fe898239bb29ed5","Millisia","Antecubital fossa","No abundance filtering"
TRUE,TRUE,TRUE,TRUE,TRUE,"0de497e4baa9d071845afc073d10fba6","Gordonia","Antecubital fossa","No abundance filtering"
TRUE,TRUE,TRUE,TRUE,TRUE,"a1d949f27725f089c27c233027c5f692","Rhodococcus","Antecubital fossa","No abundance filtering"
TRUE,TRUE,TRUE,TRUE,TRUE,"e582ed5906dc643509303e1e7de0e8e9","Actinomycetospora","Antecubital fossa","No abundance filtering"
TRUE,TRUE,TRUE,TRUE,TRUE,"a8ebe6695f3741b63f135708fa4c894d","Pseudonocardia","Antecubital fossa","No abundance filtering"
FALSE,TRUE,FALSE,FALSE,FALSE,"f7734641299f704d4883f5df11e8e3ab","Nocardia","Antecubital fossa","No abundance filtering"
TRUE,TRUE,FALSE,TRUE,FALSE,"78f43f7e335424a99400a11453add8ab","Tsukamurella","Antecubital fossa","No abundance filtering"
TRUE,TRUE,TRUE,TRUE,TRUE,"33a077fde7c403e6b08c5b967e3df0a1","Mycobacterium","Antecubital fossa","No abundance filtering"
TRUE,TRUE,TRUE,TRUE,TRUE,"daca34875367c76ab8b8452940d60fdf","Dietzia","Antecubital fossa","No abundance filtering"
TRUE,TRUE,TRUE,TRUE,TRUE,"0df52bde0ac287bb20a6c5a9a66201f2","Lawsonella","Antecubital fossa","No abundance filtering"
TRUE,TRUE,TRUE,TRUE,FALSE,"8de58ef371630c3e4c24d74a8f7ecf2a","Corynebacteriaceae","Antecubital fossa","No abundance filtering"
TRUE,TRUE,TRUE,TRUE,TRUE,"04ae6d4e93605dc0fd87868b6069bbbf","Corynebacteriaceae_f","Antecubital fossa","No abundance filtering"
TRUE,TRUE,TRUE,TRUE,TRUE,"b5abf1472c7313362f3234de5c1a8efa","Corynebacterium","Antecubital fossa","No abundance filtering"
FALSE,FALSE,FALSE,FALSE,TRUE,"3859ddfb4885964844ff7ada513a2597","Microlunatus","Forehead","No abundance filtering"
FALSE,FALSE,FALSE,TRUE,FALSE,"892feb56530bc24bd758934e83f18b92","Micropruina","Forehead","No abundance filtering"
FALSE,FALSE,FALSE,FALSE,TRUE,"c456d3718aa91dcf3ef7d19a8499d593","Naumannella","Forehead","No abundance filtering"
TRUE,FALSE,TRUE,TRUE,TRUE,"c14e1054ccbbabd5f6ed8a6dab092c54","Marinilutecoccus","Forehead","No abundance filtering"
FALSE,FALSE,TRUE,FALSE,FALSE,"5d3f0656e47a33688c5d82c089cee67a","Mobiluncus","Forehead","No abundance filtering"
TRUE,FALSE,FALSE,FALSE,FALSE,"39b80e4af59dd44a181b5a148a6f8a0d","Actinomycetaceae","Forehead","No abundance filtering"
TRUE,TRUE,TRUE,FALSE,TRUE,"ada74c108a4de9611526f0c0c7ad4fc9","Actinomyces","Forehead","No abundance filtering"
FALSE,TRUE,FALSE,FALSE,FALSE,"10338681707ca5771140ff6bd4937dd3","Georgenia","Forehead","No abundance filtering"
TRUE,TRUE,TRUE,TRUE,TRUE,"856925f916eba95f669698c572f88d93","Propionibacteriaceae_f","Forehead","No abundance filtering"
TRUE,TRUE,TRUE,TRUE,TRUE,"2c38d9d5742202da694d4721608fd637","Cutibacterium","Forehead","No abundance filtering"
FALSE,TRUE,FALSE,FALSE,FALSE,"e8a982d893c071c22434b8c9bdcaa162","Propionibacterium","Forehead","No abundance filtering"
FALSE,FALSE,FALSE,FALSE,TRUE,"82e8fc4d3afec356107df3637c36de02","Pseudopropionibacterium","Forehead","No abundance filtering"
TRUE,TRUE,TRUE,TRUE,TRUE,"01cef7193e22002921dd48ed9ba9882b","Antricoccus","Forehead","No abundance filtering"
FALSE,TRUE,FALSE,TRUE,FALSE,"30e001262d5e22bc9879c1a6b14058cc","Nakamurella","Forehead","No abundance filtering"
FALSE,TRUE,FALSE,FALSE,FALSE,"963569a5bb9a8b1e06a8096993b64a24","Acidobacteriaceae_(Subgroup_1)_f","Forehead","No abundance filtering"
FALSE,TRUE,FALSE,FALSE,FALSE,"11aa9d4b0a51ee2a4e2a067c3db710f6","JGI_0001001-H03","Forehead","No abundance filtering"
FALSE,FALSE,TRUE,FALSE,FALSE,"5cbed13e671ef6879845c96f0efcfcae","Aridibacter","Forehead","No abundance filtering"
TRUE,FALSE,TRUE,FALSE,FALSE,"c67f047c0ed1a8beade5ac9b982881e5","Oscillospiraceae_f","Forehead","No abundance filtering"
FALSE,TRUE,FALSE,FALSE,TRUE,"f7c6068b3dede3a9d48719319aa5cc1e","Dorea","Forehead","No abundance filtering"
FALSE,FALSE,TRUE,FALSE,FALSE,"0cdb0219ef84707001971bd8592d6a11","Lachnospiraceae_NK4A136_group","Forehead","No abundance filtering"
FALSE,TRUE,FALSE,FALSE,FALSE,"69ff34f58e584c0b1b02a7bcfdf855fd","Lachnoanaerobaculum","Forehead","No abundance filtering"
TRUE,TRUE,TRUE,TRUE,TRUE,"72558b780028629aa73abc3c75849338","Anaerococcus","Forehead","No abundance filtering"
TRUE,TRUE,TRUE,TRUE,TRUE,"f3c298b72522fa8756d13ae50332f012","Finegoldia","Forehead","No abundance filtering"
FALSE,TRUE,FALSE,FALSE,TRUE,"f62c486b44892e1e1254d83edcef4f0b","Parvimonas","Forehead","No abundance filtering"
FALSE,FALSE,TRUE,FALSE,FALSE,"545e02d32bf168637a36e7689eb58894","Ezakiella","Forehead","No abundance filtering"
FALSE,FALSE,TRUE,FALSE,FALSE,"3647fcaddec766838b3532f38d53e49b","Family_XI_f","Forehead","No abundance filtering"
TRUE,TRUE,TRUE,TRUE,TRUE,"e7a499f9a323eb7371e4433ae24c2ba5","Peptoniphilus","Forehead","No abundance filtering"
FALSE,FALSE,TRUE,TRUE,FALSE,"ff4a81e61c87662b972b90e3ab36e375","[Eubacterium]_saphenum_group","Forehead","No abundance filtering"
TRUE,TRUE,TRUE,FALSE,FALSE,"fe3c004d8197f1b22882116b5be2deda","Mogibacterium","Forehead","No abundance filtering"
FALSE,FALSE,TRUE,FALSE,FALSE,"bd70ff86d44ce073392ba44cc682ed77","S5-A14a","Forehead","No abundance filtering"
TRUE,FALSE,TRUE,FALSE,FALSE,"21aa4b4f658decb90eb33740ce2886c0","[Eubacterium]_brachy_group","Forehead","No abundance filtering"
FALSE,TRUE,TRUE,FALSE,FALSE,"a13dce895add088f18d0e430280854b1","Romboutsia","Forehead","No abundance filtering"
FALSE,FALSE,TRUE,FALSE,FALSE,"ca98c2f71fa7860e8be3b69cc0e6c6c1","Peptostreptococcaceae_f","Forehead","No abundance filtering"
TRUE,FALSE,TRUE,TRUE,FALSE,"94280c1f9f716fbaaac5ea7d1925a3ac","Peptostreptococcus","Forehead","No abundance filtering"
FALSE,TRUE,FALSE,FALSE,FALSE,"6726658e6ed1b518f3cdae63d51007c1","Proteocatella","Forehead","No abundance filtering"
FALSE,FALSE,TRUE,FALSE,FALSE,"18ceb20f4a0682ada2a5849583d8a6eb","Clostridium_sensu_stricto_1","Forehead","No abundance filtering"
TRUE,FALSE,FALSE,FALSE,FALSE,"d5a4ec4339c4955f94811de7690ef425","Leptotrichia","Forehead","No abundance filtering"
FALSE,FALSE,TRUE,FALSE,FALSE,"71c05ef4f89bfda417762c6a3a199da5","Fusobacterium","Forehead","No abundance filtering"
FALSE,TRUE,FALSE,FALSE,FALSE,"a5dd882b4a1e48909e5c51966530bf29","Turicibacter","Forehead","No abundance filtering"
TRUE,FALSE,FALSE,TRUE,FALSE,"777af065fba986b3744a73d72c79c51d","Solobacterium","Forehead","No abundance filtering"
TRUE,TRUE,TRUE,TRUE,TRUE,"dc4c06e76c80792a6dd6a5170e96a392","Streptococcus","Forehead","No abundance filtering"
TRUE,FALSE,FALSE,FALSE,FALSE,"e075d7d3b6ae899ef1e8ccba4cd5114e","Lactococcus","Forehead","No abundance filtering"
TRUE,TRUE,FALSE,TRUE,TRUE,"46ec4ed0a75b0fcf231f1e4ff262fa8d","P5D1-392","Forehead","No abundance filtering"
TRUE,FALSE,FALSE,TRUE,FALSE,"ee5be990233f99eded70433e365148ee","Lactobacillales_o","Forehead","No abundance filtering"
TRUE,FALSE,FALSE,FALSE,TRUE,"3f23ceb1ef108f7ce9cc7e5665c1f6af","Atopostipes","Forehead","No abundance filtering"
FALSE,FALSE,TRUE,FALSE,FALSE,"f5b86fa349f1d8d5abe6b1f25e437279","Salinicoccus","Forehead","No abundance filtering"
TRUE,TRUE,TRUE,TRUE,TRUE,"28791a195fb16e432f328fc38c217a16","Staphylococcus","Forehead","No abundance filtering"
TRUE,FALSE,TRUE,FALSE,FALSE,"bb22e6d2b4e7939ff1edc50cab5c9130","Bacillus","Forehead","No abundance filtering"
FALSE,FALSE,TRUE,FALSE,FALSE,"e423277f6fcd9bead5bf13ade58d4de5","Brevibacillus","Forehead","No abundance filtering"
FALSE,FALSE,FALSE,FALSE,TRUE,"caa5248c2660878fac2218b81b13b8e0","Lysinibacillus","Forehead","No abundance filtering"
FALSE,TRUE,TRUE,FALSE,FALSE,"126f3c073f21d6632d9d256142537db3","Sporosarcina","Forehead","No abundance filtering"
FALSE,TRUE,FALSE,FALSE,TRUE,"4ceaf0eaf760e1d547cc7b69a0caf8af","Leuconostoc","Forehead","No abundance filtering"
TRUE,FALSE,FALSE,FALSE,FALSE,"6bee3eeab5d2aed2aab34621e25b49d8","HT002","Forehead","No abundance filtering"
TRUE,FALSE,FALSE,FALSE,FALSE,"116562121bfd1151c28e32ea067b1228","Lactobacillaceae_f","Forehead","No abundance filtering"
FALSE,FALSE,TRUE,FALSE,TRUE,"026a1823043132ceb767cb524b84af87","Eremococcus","Forehead","No abundance filtering"
FALSE,FALSE,FALSE,FALSE,TRUE,"20c71ebbcfbabf45f16036be051b7769","Gemella","Forehead","No abundance filtering"
FALSE,FALSE,FALSE,TRUE,FALSE,"f0a2510f876ac61a2018bf5abf3db6a2","Dubosiella","Forehead","No abundance filtering"
TRUE,FALSE,FALSE,FALSE,FALSE,"9ae36e9a8e7cceb827cfd1fa46652a45","Veillonella","Forehead","No abundance filtering"
FALSE,FALSE,FALSE,TRUE,FALSE,"f701cbc5da10b2d9cba3b0728f832f73","AKYG1722","Forehead","No abundance filtering"
TRUE,TRUE,TRUE,TRUE,FALSE,"74aa557dd13c317520912ce37b152b31","JG30-KF-CM45","Forehead","No abundance filtering"
TRUE,TRUE,FALSE,FALSE,FALSE,"7db7de8a510d8e855bc4f30b30e33de0","Treponema","Forehead","No abundance filtering"
FALSE,FALSE,TRUE,FALSE,FALSE,"e863f60c2b404781ce435283c0b37574","Calothrix_PCC-6303","Forehead","No abundance filtering"
FALSE,FALSE,TRUE,FALSE,FALSE,"858b9292b21db7fe07ea3cc766b912dc","Taibaiella","Forehead","No abundance filtering"
TRUE,TRUE,FALSE,FALSE,FALSE,"94ba1d038ff0bdf31a29042ca50df39d","Haoranjiania","Forehead","No abundance filtering"
FALSE,TRUE,FALSE,FALSE,FALSE,"ae7508e0c0f5db07a8e8242c6148c34d","Lacibacter","Forehead","No abundance filtering"
FALSE,TRUE,FALSE,FALSE,FALSE,"b4cc697fe846f736906b4d261b088dfd","Hymenobacter","Forehead","No abundance filtering"
FALSE,FALSE,FALSE,FALSE,TRUE,"de2b4b14636d09e2d4611f822ab82457","Bacteroidia_c","Forehead","No abundance filtering"
TRUE,TRUE,TRUE,FALSE,FALSE,"b230581a663e0797c9116d2661cab125","Sphingobacterium","Forehead","No abundance filtering"
FALSE,FALSE,TRUE,TRUE,FALSE,"4ca87931296e46e2741cdfd5d76d51e4","Pedobacter","Forehead","No abundance filtering"
TRUE,TRUE,FALSE,FALSE,FALSE,"fe278eabfc85664fcf6e9acd8162be2d","Porphyromonas","Forehead","No abundance filtering"
FALSE,TRUE,TRUE,FALSE,FALSE,"93e5a7a097bc4ddfb97c9908b7e32efd","Prevotellaceae_f","Forehead","No abundance filtering"
FALSE,TRUE,FALSE,FALSE,FALSE,"50a12e0b6a6399f107bdfcadc93a8cc4","Prevotella","Forehead","No abundance filtering"
TRUE,FALSE,FALSE,FALSE,FALSE,"300837fe392a9506546f1970bd365d4b","Prevotella_7","Forehead","No abundance filtering"
TRUE,FALSE,FALSE,TRUE,FALSE,"05fcdbf22abe66e94b0ede4dfd85ca1e","Alloprevotella","Forehead","No abundance filtering"
TRUE,FALSE,TRUE,FALSE,TRUE,"b765346d065e508c6263c505decbb3f2","Muribaculaceae","Forehead","No abundance filtering"
FALSE,TRUE,FALSE,FALSE,FALSE,"1422aef8849148a9b52ce185862dc22f","Capnocytophaga","Forehead","No abundance filtering"
FALSE,FALSE,TRUE,FALSE,FALSE,"1a7e4f61cb855f1cf44b93f02d1e46e3","Flavobacterium","Forehead","No abundance filtering"
FALSE,FALSE,TRUE,FALSE,FALSE,"b9879da874f023629c4384ada519ba98","Fluviicola","Forehead","No abundance filtering"
TRUE,TRUE,TRUE,TRUE,TRUE,"41fbe47dd5c90d3ffeac5d5f7c2cc30d","Chryseobacterium","Forehead","No abundance filtering"
FALSE,FALSE,FALSE,FALSE,TRUE,"dc9e2860e3fa93f9e4bf136144d697d6","Weeksellaceae_f","Forehead","No abundance filtering"
FALSE,TRUE,TRUE,FALSE,FALSE,"fe00e9dc2b0d57671c5d87b12972291f","Cloacibacterium","Forehead","No abundance filtering"
FALSE,FALSE,TRUE,FALSE,FALSE,"205b8ebbe28117767c6974e1c4e05f03","LWQ8","Forehead","No abundance filtering"
TRUE,FALSE,FALSE,TRUE,FALSE,"d233b6edb8f37e7f43a781f4ed7c7a7e","Saccharimonadales_o","Forehead","No abundance filtering"
TRUE,TRUE,FALSE,TRUE,TRUE,"b76595ac6cd24bb842f1374a9733e373","Saccharimonadales","Forehead","No abundance filtering"
TRUE,FALSE,FALSE,FALSE,FALSE,"d28702f527ca84119434a5d089dea094","TM7x","Forehead","No abundance filtering"
FALSE,TRUE,FALSE,FALSE,FALSE,"92981a4f9e607d7f28d045957da39fcf","Saccharimonadaceae_f","Forehead","No abundance filtering"
FALSE,FALSE,TRUE,FALSE,TRUE,"d4841fd1d61b4703cdd6ce863db17fea","Saccharimonadaceae","Forehead","No abundance filtering"
TRUE,TRUE,TRUE,TRUE,TRUE,"85c44a334114a5e2ca8dbe7d74e191d7","TM7a","Forehead","No abundance filtering"
TRUE,TRUE,TRUE,TRUE,TRUE,"303f5cdac869c2dc02db6ebe1323e12a","Deinococcus","Forehead","No abundance filtering"
FALSE,FALSE,FALSE,FALSE,TRUE,"a433a2d87737d2dbf73ad13321f67911","Thermus","Forehead","No abundance filtering"
FALSE,FALSE,FALSE,TRUE,FALSE,"a1e2b28fb788c9542caf556c169bd434","Hyphomicrobium","Forehead","No abundance filtering"
FALSE,FALSE,TRUE,TRUE,FALSE,"a47b8216f72af411c683bfe0846aa555","Pedomicrobium","Forehead","No abundance filtering"
TRUE,TRUE,TRUE,FALSE,TRUE,"b0ce3a4407f76fe40d761ea266b304ff","Microvirga","Forehead","No abundance filtering"
TRUE,FALSE,TRUE,FALSE,TRUE,"d8a7df9e8bf0ac6efceee3f0424a5090","Beijerinckiaceae_f","Forehead","No abundance filtering"
FALSE,TRUE,FALSE,FALSE,FALSE,"b66b3e7d5986ed8721f7bd4f6538105c","1174-901-12","Forehead","No abundance filtering"
TRUE,TRUE,TRUE,TRUE,TRUE,"5dac0955f00d983d7557e718591f0f42","Methylobacterium-Methylorubrum","Forehead","No abundance filtering"
FALSE,FALSE,FALSE,FALSE,TRUE,"fa5d10d0f5b3457021cf635a8268b986","Bosea","Forehead","No abundance filtering"
FALSE,TRUE,FALSE,FALSE,FALSE,"87a6bbed6ceb02ec381f45db5ed37984","Afipia","Forehead","No abundance filtering"
FALSE,TRUE,FALSE,TRUE,TRUE,"75867d7a16d9647ce25057cc21524cd3","Xanthobacteraceae_f","Forehead","No abundance filtering"
FALSE,FALSE,FALSE,TRUE,FALSE,"b7efbc42c9ff68fc2a12b5046976cfe6","Psychroglaciecola","Forehead","No abundance filtering"
FALSE,FALSE,FALSE,FALSE,TRUE,"719f736c916092f6d392c5a46e1091ea","Hyphomonadaceae_f","Forehead","No abundance filtering"
FALSE,TRUE,FALSE,TRUE,TRUE,"8f120cf4ec104620d09446cdfbd8b7e9","Caulobacteraceae_f","Forehead","No abundance filtering"
FALSE,FALSE,FALSE,TRUE,FALSE,"0adf67a3e396926259316a14f66e7ca1","Brevundimonas","Forehead","No abundance filtering"
TRUE,TRUE,FALSE,FALSE,TRUE,"e04521050f0d75fa388bddc4f2f34e56","Caulobacter","Forehead","No abundance filtering"
FALSE,TRUE,TRUE,FALSE,FALSE,"d31a407f8ea48b0ffb218c273e96aca7","Phenylobacterium","Forehead","No abundance filtering"
FALSE,FALSE,FALSE,FALSE,TRUE,"54581694fce0637591ea45b0eff658f0","Rhodobacteraceae_f","Forehead","No abundance filtering"
TRUE,TRUE,TRUE,TRUE,FALSE,"65c9fb2233a8c0d21e99ba69d13d1e6d","Haematobacter","Forehead","No abundance filtering"
FALSE,FALSE,TRUE,FALSE,FALSE,"cec2b7d32bc35658a948ffb4c0357677","Amaricoccus","Forehead","No abundance filtering"
TRUE,TRUE,TRUE,TRUE,TRUE,"515ecf421a951bc274a7daaa791dc894","Paracoccus","Forehead","No abundance filtering"
FALSE,FALSE,TRUE,FALSE,TRUE,"b42d663cf6e4bf6e9916cf88ac74a818","Rhizobiaceae_f","Forehead","No abundance filtering"
TRUE,FALSE,FALSE,FALSE,FALSE,"9366c1f1fa59361f62f702f094ae0c21","Aliihoeflea","Forehead","No abundance filtering"
TRUE,TRUE,TRUE,TRUE,FALSE,"c213f9d573bc251e6187c95f276feca6","Shinella","Forehead","No abundance filtering"
TRUE,TRUE,FALSE,FALSE,FALSE,"b7b3626747fe84c91b5f419eea29bbdf","Ensifer","Forehead","No abundance filtering"
TRUE,TRUE,TRUE,FALSE,FALSE,"6cba61242453f471b9c15fdcb5026986","Allorhizobium-Neorhizobium-Pararhizobium-Rhizobium","Forehead","No abundance filtering"
FALSE,FALSE,TRUE,TRUE,FALSE,"8bad83080a2375457f0c9a882b0518b9","Devosia","Forehead","No abundance filtering"
FALSE,TRUE,FALSE,FALSE,FALSE,"49bd242006920acb2126ab0ceac5df84","D05-2","Forehead","No abundance filtering"
FALSE,FALSE,FALSE,TRUE,FALSE,"1e143504935212a1de58af7db86e9075","Alphaproteobacteria_c","Forehead","No abundance filtering"
TRUE,TRUE,TRUE,FALSE,FALSE,"baec25fd95d764324fe292e10e6f1620","Sphingomonas","Forehead","No abundance filtering"
FALSE,TRUE,FALSE,FALSE,FALSE,"6d6ea94f2c732bf7767af01e1308cb38","Rhizorhapis","Forehead","No abundance filtering"
TRUE,TRUE,FALSE,FALSE,TRUE,"6e52e1651130d2a07800abe723ea721e","Sphingomonadaceae_f","Forehead","No abundance filtering"
FALSE,FALSE,TRUE,TRUE,TRUE,"84739218645d09374bcecea50306c590","Sphingobium","Forehead","No abundance filtering"
FALSE,TRUE,TRUE,FALSE,FALSE,"7a1929bf9979112b01541e3fc354d129","Qipengyuania","Forehead","No abundance filtering"
FALSE,FALSE,TRUE,TRUE,FALSE,"c25c933a077c8f1489487077ae49d897","Novosphingobium","Forehead","No abundance filtering"
FALSE,FALSE,FALSE,TRUE,FALSE,"abdb10ef959af94d4fc7574d556e3633","Rickettsia","Forehead","No abundance filtering"
FALSE,FALSE,FALSE,FALSE,TRUE,"97402210ae7735706d9a9a42b71b8fda","Acetobacteraceae_f","Forehead","No abundance filtering"
TRUE,FALSE,FALSE,FALSE,TRUE,"49bf16e6c356ce0fafd1a644e47ce762","Bacteria_k","Forehead","No abundance filtering"
FALSE,FALSE,TRUE,FALSE,TRUE,"1b5f84de8f1ac02d81de16f9b8ae2d0e","Roseomonas","Forehead","No abundance filtering"
FALSE,FALSE,TRUE,TRUE,FALSE,"76c7175da051546f4e9a9e16b80491d0","Craurococcus-Caldovatus","Forehead","No abundance filtering"
TRUE,FALSE,FALSE,FALSE,FALSE,"fe64ec7791e1fcd2d40f449b7ec5b4bb","Muricoccus","Forehead","No abundance filtering"
FALSE,FALSE,FALSE,FALSE,TRUE,"abd0febc117d23cd49b9d4ef431153bc","Rhodovarius","Forehead","No abundance filtering"
TRUE,FALSE,FALSE,FALSE,FALSE,"bc9fce29d86dd59b106f60bd7b227020","Belnapia","Forehead","No abundance filtering"
TRUE,FALSE,FALSE,FALSE,FALSE,"670ff01449495039c6e52f5f0fe307b1","Acidocella","Forehead","No abundance filtering"
FALSE,TRUE,FALSE,FALSE,FALSE,"639fa34b4e7141c951ee83fd68fe2b47","Gluconacetobacter","Forehead","No abundance filtering"
TRUE,FALSE,FALSE,TRUE,FALSE,"67ea33e6e92c2b3175cf2c5bd905476b","Acetobacter","Forehead","No abundance filtering"
FALSE,FALSE,TRUE,FALSE,FALSE,"58eb82260a9cf04183552f4c539e2fac","Stenotrophomonas","Forehead","No abundance filtering"
FALSE,TRUE,TRUE,TRUE,FALSE,"0cbd1ae79969bad86b80d96bf2b6b814","Luteimonas","Forehead","No abundance filtering"
FALSE,TRUE,FALSE,FALSE,FALSE,"eca7f723fb8b7b170b6f546b650537f7","Thauera","Forehead","No abundance filtering"
TRUE,TRUE,TRUE,TRUE,FALSE,"82504c984bcb5a584c737c78906bd2bf","Massilia","Forehead","No abundance filtering"
FALSE,FALSE,TRUE,FALSE,FALSE,"6899a05aba1c79bb03f4b1df326b5884","Neisseria","Forehead","No abundance filtering"
FALSE,FALSE,TRUE,FALSE,FALSE,"55129a90f08f521cd6bd80a65b8308fc","Methylophilus","Forehead","No abundance filtering"
TRUE,TRUE,TRUE,TRUE,TRUE,"19045d0398e54e66ed333ad6780ae0d4","Neisseriaceae_f","Forehead","No abundance filtering"
TRUE,FALSE,FALSE,FALSE,FALSE,"5f52a8f708db5f6885b892c90f153983","Hydrogenophilus","Forehead","No abundance filtering"
TRUE,FALSE,FALSE,FALSE,FALSE,"906baa19422f87b92ad2957fae66a741","Methyloversatilis","Forehead","No abundance filtering"
FALSE,TRUE,FALSE,FALSE,FALSE,"1fe1d90a93ffe8b8c2b7b32be0e750ea","Cupriavidus","Forehead","No abundance filtering"
FALSE,FALSE,FALSE,TRUE,FALSE,"806198a51c28a0e3cbb56fd6251ea18e","Comamonas","Forehead","No abundance filtering"
TRUE,FALSE,TRUE,FALSE,FALSE,"30d17b384b5e354005c2cb37d6aaf069","Comamonadaceae_f","Forehead","No abundance filtering"
TRUE,TRUE,FALSE,FALSE,FALSE,"ec6e497c2bea91ad44fad5bd08f3a5d2","Xenophilus","Forehead","No abundance filtering"
FALSE,FALSE,TRUE,FALSE,FALSE,"abd916b960b81098025c1ca1755c6cc3","Variovorax","Forehead","No abundance filtering"
TRUE,TRUE,FALSE,FALSE,TRUE,"b510eab43bc2ae3ce44ca3332afb6774","Acidovorax","Forehead","No abundance filtering"
FALSE,TRUE,FALSE,FALSE,FALSE,"a4bfcc56025d3266ec1c86c82e266e12","Aquabacterium","Forehead","No abundance filtering"
TRUE,FALSE,FALSE,FALSE,TRUE,"403eadaf52132415552a3a9990cf2070","Tepidimonas","Forehead","No abundance filtering"
FALSE,TRUE,FALSE,FALSE,FALSE,"394b62243678d5f00cbfb8f1c4a6ee6d","Schlegelella","Forehead","No abundance filtering"
TRUE,FALSE,FALSE,TRUE,FALSE,"da903c8d827a0808b8325dd9585b5c08","Burkholderia-Caballeronia-Paraburkholderia","Forehead","No abundance filtering"
TRUE,TRUE,FALSE,FALSE,FALSE,"84b98c898e7a9a2d3f9b1be2df4908c7","Lautropia","Forehead","No abundance filtering"
FALSE,FALSE,TRUE,FALSE,FALSE,"94d3ada8c73a636337fccb769efa8b28","Enterobacterales_o","Forehead","No abundance filtering"
FALSE,TRUE,TRUE,FALSE,FALSE,"a2e29f5d7001469edc6a394262a51f75","Erwiniaceae_f","Forehead","No abundance filtering"
FALSE,TRUE,TRUE,FALSE,FALSE,"5e28fbbd337c610b6bc1e4b000c0342f","Enterobacteriaceae_f","Forehead","No abundance filtering"
FALSE,FALSE,FALSE,FALSE,TRUE,"e50d17ad0dc1144b6adebdcc150f3b51","Pantoea","Forehead","No abundance filtering"
FALSE,TRUE,FALSE,FALSE,FALSE,"3444f19e0cb194dfbd485cc396c59f71","Haemophilus","Forehead","No abundance filtering"
TRUE,TRUE,TRUE,TRUE,TRUE,"5325c97ed1a497a5a586815b59aed735","Enhydrobacter","Forehead","No abundance filtering"
TRUE,TRUE,TRUE,FALSE,FALSE,"5d7c35adf23e3104ee8e2886a1194c17","Acinetobacter","Forehead","No abundance filtering"
TRUE,TRUE,FALSE,TRUE,FALSE,"2c87af46c878a9884a0e448e106cfe42","Pseudomonas","Forehead","No abundance filtering"
FALSE,FALSE,FALSE,FALSE,TRUE,"fadf24138f6bd36ac33ba59dafc1be2b","Thiopseudomonas","Forehead","No abundance filtering"
FALSE,TRUE,FALSE,FALSE,FALSE,"ed198d2e3e59eb9b4f0cef8d45e05e98","Myxococcaceae_f","Forehead","No abundance filtering"
TRUE,FALSE,FALSE,FALSE,FALSE,"543ac8da8a84103fde70c9ee9ccf3aeb","Atopobium","Forehead","No abundance filtering"
TRUE,TRUE,FALSE,FALSE,FALSE,"2dba47ded95ae634746f33d9c695e7f9","Armatimonadales","Forehead","No abundance filtering"
TRUE,FALSE,FALSE,FALSE,FALSE,"b6490793b61729fade75800b9a5746ab","Hydrogenobacter","Forehead","No abundance filtering"
TRUE,FALSE,FALSE,FALSE,FALSE,"aeecfb2e13eb0e176bff7d58e44422f9","Abditibacterium","Forehead","No abundance filtering"
FALSE,FALSE,FALSE,FALSE,TRUE,"d78c7661f8e59acd50c80e8f2fd19582","Fimbriiglobus","Forehead","No abundance filtering"
TRUE,FALSE,FALSE,FALSE,FALSE,"c89aa29e55284c3120bbcee0177c18b9","Planctomycetales_o","Forehead","No abundance filtering"
FALSE,FALSE,FALSE,FALSE,TRUE,"aa746099ad73c67aac56c81536549595","Thermoleophilum","Forehead","No abundance filtering"
FALSE,FALSE,FALSE,TRUE,FALSE,"7515c96cc69c940c2521d2ed4ac90adc","67-14","Forehead","No abundance filtering"
TRUE,TRUE,TRUE,FALSE,FALSE,"e26b0fa334d8f338ba34578cb7c0d3cc","Parviterribacter","Forehead","No abundance filtering"
TRUE,FALSE,TRUE,TRUE,FALSE,"5bd3af0138e11ba03030ffee3ff0d14d","Acidimicrobiia_c","Forehead","No abundance filtering"
TRUE,TRUE,TRUE,TRUE,TRUE,"4748e8a42d43b5abde091a50264f9a92","Blastococcus","Forehead","No abundance filtering"
FALSE,TRUE,FALSE,TRUE,FALSE,"261dfeeb6c011ef257861b2a0fe3bb7d","Brevibacterium","Forehead","No abundance filtering"
TRUE,TRUE,FALSE,TRUE,TRUE,"81e7661c8ebb6e0fc435211e9aa6a47c","Kocuria","Forehead","No abundance filtering"
TRUE,TRUE,TRUE,TRUE,TRUE,"443fb2d16fc7d839c24c5a7a7826dec6","Rothia","Forehead","No abundance filtering"
FALSE,TRUE,FALSE,TRUE,TRUE,"db1e0886cb9529333a47b8ff4347c63b","Intrasporangiaceae_f","Forehead","No abundance filtering"
FALSE,TRUE,TRUE,FALSE,TRUE,"873b0b68e099323e1d2ca5d17606a11d","Pseudoclavibacter","Forehead","No abundance filtering"
FALSE,FALSE,FALSE,TRUE,FALSE,"9ac455d7d7a26fed46036043403628e6","Agrococcus","Forehead","No abundance filtering"
TRUE,TRUE,TRUE,TRUE,TRUE,"c123804c63e25b6390ad734e64c31e6c","Microbacterium","Forehead","No abundance filtering"
TRUE,TRUE,FALSE,TRUE,TRUE,"f889bb2bb25f73012084bb11ae950a17","Microbacteriaceae_f","Forehead","No abundance filtering"
TRUE,TRUE,TRUE,TRUE,FALSE,"0db1ad2d6b4b45fa3e3e40aa9f5ee692","Janibacter","Forehead","No abundance filtering"
TRUE,TRUE,FALSE,FALSE,FALSE,"c8f0916f6fd2f533a204b73879084a4f","Cellulomonas","Forehead","No abundance filtering"
FALSE,FALSE,TRUE,FALSE,FALSE,"2235fb3906484370e48c37388c4cd746","Promicromonospora","Forehead","No abundance filtering"
FALSE,TRUE,FALSE,FALSE,FALSE,"488029799c26f2d7eaf7df8899ad7c34","Cellulosimicrobium","Forehead","No abundance filtering"
FALSE,FALSE,FALSE,FALSE,TRUE,"79c2d824228c4d17533d54fa05f593ed","Terrabacter","Forehead","No abundance filtering"
FALSE,TRUE,FALSE,TRUE,TRUE,"2babd2316a955b8126c1d574928eded1","Arsenicicoccus","Forehead","No abundance filtering"
FALSE,FALSE,FALSE,FALSE,TRUE,"cbb091b5e5b0289d04c52c93172f0400","Ornithinimicrobium","Forehead","No abundance filtering"
TRUE,FALSE,FALSE,FALSE,FALSE,"9fb4d1ef56025a3efd044096543a3686","Leucobacter","Forehead","No abundance filtering"
FALSE,FALSE,TRUE,FALSE,FALSE,"867ea09fd0e8bc911475f9097bd2e57d","Arthrobacter","Forehead","No abundance filtering"
TRUE,TRUE,FALSE,FALSE,TRUE,"aa84576af3343730c84146140496a807","Calidifontibacter","Forehead","No abundance filtering"
TRUE,TRUE,TRUE,TRUE,TRUE,"2bec1063c452ea81ad6d1f8ea021d50d","Yimella","Forehead","No abundance filtering"
TRUE,TRUE,FALSE,TRUE,FALSE,"f88845e22ed4975c40c05e8f527554b3","Piscicoccus","Forehead","No abundance filtering"
TRUE,TRUE,TRUE,TRUE,TRUE,"73664aa4932bcfe5379274e489d0bf1c","Micrococcus","Forehead","No abundance filtering"
TRUE,TRUE,TRUE,TRUE,TRUE,"8c78f224069832cd7fd7e9efcf616ab9","Dermacoccus","Forehead","No abundance filtering"
TRUE,TRUE,TRUE,TRUE,TRUE,"13b8688bc0b096a8da1566d3bb25a9db","Williamsia","Forehead","No abundance filtering"
TRUE,FALSE,TRUE,FALSE,TRUE,"c3241e1fde3826e45858fd4cd3f070d5","Streptomyces","Forehead","No abundance filtering"
FALSE,FALSE,FALSE,TRUE,FALSE,"8d3243f2860964ff8177daf941fb6068","Lechevalieria","Forehead","No abundance filtering"
TRUE,TRUE,TRUE,TRUE,TRUE,"0de497e4baa9d071845afc073d10fba6","Gordonia","Forehead","No abundance filtering"
TRUE,TRUE,TRUE,TRUE,TRUE,"a1d949f27725f089c27c233027c5f692","Rhodococcus","Forehead","No abundance filtering"
FALSE,FALSE,FALSE,TRUE,FALSE,"79ab60724f24643048b657b079f00b4b","Corynebacteriales_o","Forehead","No abundance filtering"
FALSE,TRUE,FALSE,FALSE,TRUE,"e582ed5906dc643509303e1e7de0e8e9","Actinomycetospora","Forehead","No abundance filtering"
FALSE,TRUE,TRUE,TRUE,FALSE,"a8ebe6695f3741b63f135708fa4c894d","Pseudonocardia","Forehead","No abundance filtering"
TRUE,TRUE,TRUE,TRUE,TRUE,"33a077fde7c403e6b08c5b967e3df0a1","Mycobacterium","Forehead","No abundance filtering"
TRUE,TRUE,TRUE,TRUE,TRUE,"daca34875367c76ab8b8452940d60fdf","Dietzia","Forehead","No abundance filtering"
TRUE,TRUE,TRUE,TRUE,TRUE,"0df52bde0ac287bb20a6c5a9a66201f2","Lawsonella","Forehead","No abundance filtering"
FALSE,FALSE,FALSE,FALSE,TRUE,"8de58ef371630c3e4c24d74a8f7ecf2a","Corynebacteriaceae","Forehead","No abundance filtering"
TRUE,TRUE,TRUE,TRUE,TRUE,"04ae6d4e93605dc0fd87868b6069bbbf","Corynebacteriaceae_f","Forehead","No abundance filtering"
TRUE,TRUE,TRUE,TRUE,TRUE,"b5abf1472c7313362f3234de5c1a8efa","Corynebacterium","Forehead","No abundance filtering"
TRUE,TRUE,TRUE,TRUE,TRUE,"ada74c108a4de9611526f0c0c7ad4fc9","Actinomyces","Total","Mean abundance >=0.1%"
TRUE,TRUE,TRUE,TRUE,TRUE,"856925f916eba95f669698c572f88d93","Propionibacteriaceae_f","Total","Mean abundance >=0.1%"
TRUE,TRUE,TRUE,TRUE,TRUE,"2c38d9d5742202da694d4721608fd637","Cutibacterium","Total","Mean abundance >=0.1%"
TRUE,TRUE,TRUE,TRUE,TRUE,"01cef7193e22002921dd48ed9ba9882b","Antricoccus","Total","Mean abundance >=0.1%"
TRUE,TRUE,TRUE,TRUE,TRUE,"72558b780028629aa73abc3c75849338","Anaerococcus","Total","Mean abundance >=0.1%"
TRUE,TRUE,TRUE,TRUE,TRUE,"f3c298b72522fa8756d13ae50332f012","Finegoldia","Total","Mean abundance >=0.1%"
TRUE,TRUE,TRUE,TRUE,TRUE,"e7a499f9a323eb7371e4433ae24c2ba5","Peptoniphilus","Total","Mean abundance >=0.1%"
TRUE,TRUE,TRUE,TRUE,TRUE,"dc4c06e76c80792a6dd6a5170e96a392","Streptococcus","Total","Mean abundance >=0.1%"
TRUE,TRUE,TRUE,TRUE,TRUE,"28791a195fb16e432f328fc38c217a16","Staphylococcus","Total","Mean abundance >=0.1%"
FALSE,FALSE,TRUE,TRUE,TRUE,"47197ee817bb57421f861e8b877e0588","Chroococcidiopsaceae_f","Total","Mean abundance >=0.1%"
TRUE,TRUE,TRUE,TRUE,TRUE,"85c44a334114a5e2ca8dbe7d74e191d7","TM7a","Total","Mean abundance >=0.1%"
TRUE,TRUE,TRUE,TRUE,TRUE,"303f5cdac869c2dc02db6ebe1323e12a","Deinococcus","Total","Mean abundance >=0.1%"
TRUE,TRUE,TRUE,TRUE,TRUE,"b0ce3a4407f76fe40d761ea266b304ff","Microvirga","Total","Mean abundance >=0.1%"
TRUE,TRUE,TRUE,TRUE,TRUE,"d8a7df9e8bf0ac6efceee3f0424a5090","Beijerinckiaceae_f","Total","Mean abundance >=0.1%"
TRUE,TRUE,TRUE,TRUE,TRUE,"5dac0955f00d983d7557e718591f0f42","Methylobacterium-Methylorubrum","Total","Mean abundance >=0.1%"
TRUE,TRUE,TRUE,TRUE,TRUE,"65c9fb2233a8c0d21e99ba69d13d1e6d","Haematobacter","Total","Mean abundance >=0.1%"
TRUE,TRUE,TRUE,TRUE,TRUE,"515ecf421a951bc274a7daaa791dc894","Paracoccus","Total","Mean abundance >=0.1%"
TRUE,TRUE,TRUE,TRUE,TRUE,"6e52e1651130d2a07800abe723ea721e","Sphingomonadaceae_f","Total","Mean abundance >=0.1%"
TRUE,FALSE,TRUE,TRUE,TRUE,"c25c933a077c8f1489487077ae49d897","Novosphingobium","Total","Mean abundance >=0.1%"
TRUE,TRUE,FALSE,TRUE,FALSE,"aa57923408765fc46bc15cbeaa7491a6","Skermanella","Total","Mean abundance >=0.1%"
TRUE,TRUE,TRUE,TRUE,TRUE,"97402210ae7735706d9a9a42b71b8fda","Acetobacteraceae_f","Total","Mean abundance >=0.1%"
TRUE,TRUE,TRUE,TRUE,TRUE,"1b5f84de8f1ac02d81de16f9b8ae2d0e","Roseomonas","Total","Mean abundance >=0.1%"
TRUE,TRUE,TRUE,TRUE,TRUE,"19045d0398e54e66ed333ad6780ae0d4","Neisseriaceae_f","Total","Mean abundance >=0.1%"
TRUE,TRUE,TRUE,TRUE,TRUE,"5325c97ed1a497a5a586815b59aed735","Enhydrobacter","Total","Mean abundance >=0.1%"
TRUE,TRUE,TRUE,TRUE,TRUE,"4748e8a42d43b5abde091a50264f9a92","Blastococcus","Total","Mean abundance >=0.1%"
TRUE,TRUE,TRUE,TRUE,TRUE,"81e7661c8ebb6e0fc435211e9aa6a47c","Kocuria","Total","Mean abundance >=0.1%"
TRUE,TRUE,TRUE,TRUE,TRUE,"443fb2d16fc7d839c24c5a7a7826dec6","Rothia","Total","Mean abundance >=0.1%"
TRUE,TRUE,TRUE,TRUE,TRUE,"873b0b68e099323e1d2ca5d17606a11d","Pseudoclavibacter","Total","Mean abundance >=0.1%"
TRUE,TRUE,TRUE,TRUE,TRUE,"c123804c63e25b6390ad734e64c31e6c","Microbacterium","Total","Mean abundance >=0.1%"
TRUE,TRUE,TRUE,TRUE,TRUE,"f889bb2bb25f73012084bb11ae950a17","Microbacteriaceae_f","Total","Mean abundance >=0.1%"
TRUE,TRUE,TRUE,TRUE,TRUE,"2bec1063c452ea81ad6d1f8ea021d50d","Yimella","Total","Mean abundance >=0.1%"
TRUE,TRUE,TRUE,TRUE,TRUE,"f88845e22ed4975c40c05e8f527554b3","Piscicoccus","Total","Mean abundance >=0.1%"
TRUE,TRUE,TRUE,TRUE,TRUE,"73664aa4932bcfe5379274e489d0bf1c","Micrococcus","Total","Mean abundance >=0.1%"
TRUE,TRUE,TRUE,TRUE,TRUE,"8c78f224069832cd7fd7e9efcf616ab9","Dermacoccus","Total","Mean abundance >=0.1%"
TRUE,TRUE,TRUE,TRUE,TRUE,"13b8688bc0b096a8da1566d3bb25a9db","Williamsia","Total","Mean abundance >=0.1%"
TRUE,TRUE,TRUE,TRUE,TRUE,"0de497e4baa9d071845afc073d10fba6","Gordonia","Total","Mean abundance >=0.1%"
TRUE,TRUE,TRUE,TRUE,TRUE,"a1d949f27725f089c27c233027c5f692","Rhodococcus","Total","Mean abundance >=0.1%"
TRUE,TRUE,TRUE,TRUE,TRUE,"a8ebe6695f3741b63f135708fa4c894d","Pseudonocardia","Total","Mean abundance >=0.1%"
TRUE,TRUE,FALSE,TRUE,FALSE,"78f43f7e335424a99400a11453add8ab","Tsukamurella","Total","Mean abundance >=0.1%"
TRUE,TRUE,TRUE,TRUE,TRUE,"33a077fde7c403e6b08c5b967e3df0a1","Mycobacterium","Total","Mean abundance >=0.1%"
TRUE,TRUE,TRUE,TRUE,TRUE,"daca34875367c76ab8b8452940d60fdf","Dietzia","Total","Mean abundance >=0.1%"
TRUE,TRUE,TRUE,TRUE,TRUE,"0df52bde0ac287bb20a6c5a9a66201f2","Lawsonella","Total","Mean abundance >=0.1%"
TRUE,TRUE,TRUE,TRUE,TRUE,"04ae6d4e93605dc0fd87868b6069bbbf","Corynebacteriaceae_f","Total","Mean abundance >=0.1%"
TRUE,TRUE,TRUE,TRUE,TRUE,"b5abf1472c7313362f3234de5c1a8efa","Corynebacterium","Total","Mean abundance >=0.1%"
TRUE,TRUE,TRUE,TRUE,TRUE,"ada74c108a4de9611526f0c0c7ad4fc9","Actinomyces","Antecubital fossa","Mean abundance >=0.1%"
TRUE,TRUE,TRUE,TRUE,TRUE,"856925f916eba95f669698c572f88d93","Propionibacteriaceae_f","Antecubital fossa","Mean abundance >=0.1%"
TRUE,TRUE,TRUE,TRUE,TRUE,"2c38d9d5742202da694d4721608fd637","Cutibacterium","Antecubital fossa","Mean abundance >=0.1%"
TRUE,TRUE,TRUE,TRUE,TRUE,"72558b780028629aa73abc3c75849338","Anaerococcus","Antecubital fossa","Mean abundance >=0.1%"
TRUE,TRUE,TRUE,TRUE,TRUE,"f3c298b72522fa8756d13ae50332f012","Finegoldia","Antecubital fossa","Mean abundance >=0.1%"
TRUE,TRUE,TRUE,TRUE,TRUE,"e7a499f9a323eb7371e4433ae24c2ba5","Peptoniphilus","Antecubital fossa","Mean abundance >=0.1%"
TRUE,TRUE,TRUE,TRUE,TRUE,"dc4c06e76c80792a6dd6a5170e96a392","Streptococcus","Antecubital fossa","Mean abundance >=0.1%"
TRUE,TRUE,TRUE,TRUE,TRUE,"46ec4ed0a75b0fcf231f1e4ff262fa8d","P5D1-392","Antecubital fossa","Mean abundance >=0.1%"
TRUE,TRUE,TRUE,TRUE,TRUE,"28791a195fb16e432f328fc38c217a16","Staphylococcus","Antecubital fossa","Mean abundance >=0.1%"
FALSE,FALSE,TRUE,TRUE,FALSE,"45e3f3f280507375f3d96c07e56be4c3","Pleurocapsa_PCC-7319","Antecubital fossa","Mean abundance >=0.1%"
FALSE,FALSE,TRUE,TRUE,TRUE,"47197ee817bb57421f861e8b877e0588","Chroococcidiopsaceae_f","Antecubital fossa","Mean abundance >=0.1%"
TRUE,TRUE,TRUE,TRUE,TRUE,"85c44a334114a5e2ca8dbe7d74e191d7","TM7a","Antecubital fossa","Mean abundance >=0.1%"
TRUE,TRUE,TRUE,TRUE,TRUE,"303f5cdac869c2dc02db6ebe1323e12a","Deinococcus","Antecubital fossa","Mean abundance >=0.1%"
TRUE,TRUE,TRUE,TRUE,TRUE,"b0ce3a4407f76fe40d761ea266b304ff","Microvirga","Antecubital fossa","Mean abundance >=0.1%"
TRUE,TRUE,TRUE,TRUE,TRUE,"d8a7df9e8bf0ac6efceee3f0424a5090","Beijerinckiaceae_f","Antecubital fossa","Mean abundance >=0.1%"
TRUE,TRUE,TRUE,TRUE,TRUE,"5dac0955f00d983d7557e718591f0f42","Methylobacterium-Methylorubrum","Antecubital fossa","Mean abundance >=0.1%"
TRUE,TRUE,TRUE,TRUE,TRUE,"fa5d10d0f5b3457021cf635a8268b986","Bosea","Antecubital fossa","Mean abundance >=0.1%"
TRUE,TRUE,TRUE,TRUE,TRUE,"65c9fb2233a8c0d21e99ba69d13d1e6d","Haematobacter","Antecubital fossa","Mean abundance >=0.1%"
FALSE,FALSE,TRUE,TRUE,FALSE,"cec2b7d32bc35658a948ffb4c0357677","Amaricoccus","Antecubital fossa","Mean abundance >=0.1%"
TRUE,TRUE,TRUE,TRUE,TRUE,"515ecf421a951bc274a7daaa791dc894","Paracoccus","Antecubital fossa","Mean abundance >=0.1%"
TRUE,TRUE,TRUE,TRUE,FALSE,"b7b3626747fe84c91b5f419eea29bbdf","Ensifer","Antecubital fossa","Mean abundance >=0.1%"
TRUE,TRUE,TRUE,TRUE,TRUE,"6e52e1651130d2a07800abe723ea721e","Sphingomonadaceae_f","Antecubital fossa","Mean abundance >=0.1%"
TRUE,FALSE,TRUE,TRUE,TRUE,"84739218645d09374bcecea50306c590","Sphingobium","Antecubital fossa","Mean abundance >=0.1%"
TRUE,TRUE,FALSE,TRUE,FALSE,"aa57923408765fc46bc15cbeaa7491a6","Skermanella","Antecubital fossa","Mean abundance >=0.1%"
TRUE,TRUE,TRUE,TRUE,TRUE,"97402210ae7735706d9a9a42b71b8fda","Acetobacteraceae_f","Antecubital fossa","Mean abundance >=0.1%"
TRUE,TRUE,TRUE,TRUE,TRUE,"1b5f84de8f1ac02d81de16f9b8ae2d0e","Roseomonas","Antecubital fossa","Mean abundance >=0.1%"
FALSE,TRUE,FALSE,FALSE,FALSE,"806198a51c28a0e3cbb56fd6251ea18e","Comamonas","Antecubital fossa","Mean abundance >=0.1%"
TRUE,TRUE,TRUE,TRUE,TRUE,"5325c97ed1a497a5a586815b59aed735","Enhydrobacter","Antecubital fossa","Mean abundance >=0.1%"
TRUE,TRUE,TRUE,TRUE,TRUE,"4748e8a42d43b5abde091a50264f9a92","Blastococcus","Antecubital fossa","Mean abundance >=0.1%"
TRUE,TRUE,TRUE,TRUE,TRUE,"81e7661c8ebb6e0fc435211e9aa6a47c","Kocuria","Antecubital fossa","Mean abundance >=0.1%"
TRUE,TRUE,TRUE,TRUE,TRUE,"443fb2d16fc7d839c24c5a7a7826dec6","Rothia","Antecubital fossa","Mean abundance >=0.1%"
TRUE,FALSE,TRUE,TRUE,TRUE,"873b0b68e099323e1d2ca5d17606a11d","Pseudoclavibacter","Antecubital fossa","Mean abundance >=0.1%"
TRUE,TRUE,TRUE,TRUE,TRUE,"c123804c63e25b6390ad734e64c31e6c","Microbacterium","Antecubital fossa","Mean abundance >=0.1%"
TRUE,TRUE,TRUE,TRUE,TRUE,"f889bb2bb25f73012084bb11ae950a17","Microbacteriaceae_f","Antecubital fossa","Mean abundance >=0.1%"
TRUE,FALSE,TRUE,TRUE,TRUE,"f5f63b20073a5689ec99521de809cfa9","Brachybacterium","Antecubital fossa","Mean abundance >=0.1%"
TRUE,TRUE,TRUE,TRUE,TRUE,"2bec1063c452ea81ad6d1f8ea021d50d","Yimella","Antecubital fossa","Mean abundance >=0.1%"
TRUE,FALSE,FALSE,FALSE,FALSE,"041a808460c3e20eb708113a5ae6533d","Mobilicoccus","Antecubital fossa","Mean abundance >=0.1%"
TRUE,TRUE,TRUE,TRUE,TRUE,"f88845e22ed4975c40c05e8f527554b3","Piscicoccus","Antecubital fossa","Mean abundance >=0.1%"
TRUE,TRUE,TRUE,TRUE,TRUE,"73664aa4932bcfe5379274e489d0bf1c","Micrococcus","Antecubital fossa","Mean abundance >=0.1%"
TRUE,TRUE,TRUE,TRUE,TRUE,"8c78f224069832cd7fd7e9efcf616ab9","Dermacoccus","Antecubital fossa","Mean abundance >=0.1%"
TRUE,TRUE,TRUE,TRUE,TRUE,"13b8688bc0b096a8da1566d3bb25a9db","Williamsia","Antecubital fossa","Mean abundance >=0.1%"
TRUE,TRUE,TRUE,TRUE,TRUE,"0de497e4baa9d071845afc073d10fba6","Gordonia","Antecubital fossa","Mean abundance >=0.1%"
TRUE,TRUE,TRUE,TRUE,TRUE,"a1d949f27725f089c27c233027c5f692","Rhodococcus","Antecubital fossa","Mean abundance >=0.1%"
TRUE,TRUE,TRUE,TRUE,TRUE,"a8ebe6695f3741b63f135708fa4c894d","Pseudonocardia","Antecubital fossa","Mean abundance >=0.1%"
TRUE,TRUE,FALSE,TRUE,FALSE,"78f43f7e335424a99400a11453add8ab","Tsukamurella","Antecubital fossa","Mean abundance >=0.1%"
TRUE,TRUE,TRUE,TRUE,TRUE,"33a077fde7c403e6b08c5b967e3df0a1","Mycobacterium","Antecubital fossa","Mean abundance >=0.1%"
TRUE,TRUE,TRUE,TRUE,TRUE,"daca34875367c76ab8b8452940d60fdf","Dietzia","Antecubital fossa","Mean abundance >=0.1%"
TRUE,TRUE,TRUE,TRUE,TRUE,"0df52bde0ac287bb20a6c5a9a66201f2","Lawsonella","Antecubital fossa","Mean abundance >=0.1%"
TRUE,TRUE,TRUE,TRUE,TRUE,"04ae6d4e93605dc0fd87868b6069bbbf","Corynebacteriaceae_f","Antecubital fossa","Mean abundance >=0.1%"
TRUE,TRUE,TRUE,TRUE,TRUE,"b5abf1472c7313362f3234de5c1a8efa","Corynebacterium","Antecubital fossa","Mean abundance >=0.1%"
TRUE,TRUE,TRUE,FALSE,TRUE,"ada74c108a4de9611526f0c0c7ad4fc9","Actinomyces","Forehead","Mean abundance >=0.1%"
TRUE,TRUE,TRUE,TRUE,TRUE,"2c38d9d5742202da694d4721608fd637","Cutibacterium","Forehead","Mean abundance >=0.1%"
TRUE,TRUE,TRUE,TRUE,TRUE,"01cef7193e22002921dd48ed9ba9882b","Antricoccus","Forehead","Mean abundance >=0.1%"
TRUE,TRUE,TRUE,TRUE,TRUE,"72558b780028629aa73abc3c75849338","Anaerococcus","Forehead","Mean abundance >=0.1%"
TRUE,TRUE,TRUE,TRUE,TRUE,"dc4c06e76c80792a6dd6a5170e96a392","Streptococcus","Forehead","Mean abundance >=0.1%"
TRUE,TRUE,TRUE,TRUE,TRUE,"28791a195fb16e432f328fc38c217a16","Staphylococcus","Forehead","Mean abundance >=0.1%"
TRUE,TRUE,TRUE,TRUE,TRUE,"85c44a334114a5e2ca8dbe7d74e191d7","TM7a","Forehead","Mean abundance >=0.1%"
TRUE,TRUE,TRUE,TRUE,TRUE,"303f5cdac869c2dc02db6ebe1323e12a","Deinococcus","Forehead","Mean abundance >=0.1%"
TRUE,TRUE,TRUE,TRUE,TRUE,"5dac0955f00d983d7557e718591f0f42","Methylobacterium-Methylorubrum","Forehead","Mean abundance >=0.1%"
TRUE,TRUE,TRUE,TRUE,TRUE,"515ecf421a951bc274a7daaa791dc894","Paracoccus","Forehead","Mean abundance >=0.1%"
FALSE,FALSE,TRUE,TRUE,FALSE,"c25c933a077c8f1489487077ae49d897","Novosphingobium","Forehead","Mean abundance >=0.1%"
TRUE,TRUE,TRUE,TRUE,TRUE,"19045d0398e54e66ed333ad6780ae0d4","Neisseriaceae_f","Forehead","Mean abundance >=0.1%"
TRUE,TRUE,FALSE,TRUE,FALSE,"2c87af46c878a9884a0e448e106cfe42","Pseudomonas","Forehead","Mean abundance >=0.1%"
TRUE,TRUE,TRUE,TRUE,TRUE,"443fb2d16fc7d839c24c5a7a7826dec6","Rothia","Forehead","Mean abundance >=0.1%"
TRUE,TRUE,TRUE,TRUE,TRUE,"2bec1063c452ea81ad6d1f8ea021d50d","Yimella","Forehead","Mean abundance >=0.1%"
TRUE,TRUE,TRUE,TRUE,TRUE,"13b8688bc0b096a8da1566d3bb25a9db","Williamsia","Forehead","Mean abundance >=0.1%"
TRUE,TRUE,TRUE,TRUE,TRUE,"0de497e4baa9d071845afc073d10fba6","Gordonia","Forehead","Mean abundance >=0.1%"
TRUE,TRUE,TRUE,TRUE,TRUE,"a1d949f27725f089c27c233027c5f692","Rhodococcus","Forehead","Mean abundance >=0.1%"
TRUE,TRUE,TRUE,TRUE,TRUE,"33a077fde7c403e6b08c5b967e3df0a1","Mycobacterium","Forehead","Mean abundance >=0.1%"
TRUE,TRUE,TRUE,TRUE,TRUE,"daca34875367c76ab8b8452940d60fdf","Dietzia","Forehead","Mean abundance >=0.1%"
TRUE,TRUE,TRUE,TRUE,TRUE,"0df52bde0ac287bb20a6c5a9a66201f2","Lawsonella","Forehead","Mean abundance >=0.1%"
TRUE,TRUE,TRUE,TRUE,TRUE,"04ae6d4e93605dc0fd87868b6069bbbf","Corynebacteriaceae_f","Forehead","Mean abundance >=0.1%"
TRUE,TRUE,TRUE,TRUE,TRUE,"b5abf1472c7313362f3234de5c1a8efa","Corynebacterium","Forehead","Mean abundance >=0.1%"
