"sample_1","sample_2","dissimilarity","distance","subject_1","site_1","system_1","subject_2","site_2","system_2","comparison"
"001AcCUSw","001AcLUSw_3",0.161679093345338,"weighted_unifrac","S001","Antecubital","Eswab","S001","Antecubital","Puritan_buffer","Within participant-site: different systems"
"001AcCUSw","001AcLUSw_4",0.225156265976609,"weighted_unifrac","S001","Antecubital","Eswab","S001","Antecubital","Omni","Within participant-site: different systems"
"001AcLUSw_3","001AcLUSw_4",0.0922195304361873,"weighted_unifrac","S001","Antecubital","Puritan_buffer","S001","Antecubital","Omni","Within participant-site: different systems"
"001AcCUSw","001AcRUSw_1",0.285287002932999,"weighted_unifrac","S001","Antecubital","Eswab","S001","Antecubital","Copan","Within participant-site: different systems"
"001AcLUSw_3","001AcRUSw_1",0.267077181959976,"weighted_unifrac","S001","Antecubital","Puritan_buffer","S001","Antecubital","Copan","Within participant-site: different systems"
"001AcLUSw_4","001AcRUSw_1",0.220767378315188,"weighted_unifrac","S001","Antecubital","Omni","S001","Antecubital","Copan","Within participant-site: different systems"
"001AcCUSw","001AcRUSw_2",0.228454539048903,"weighted_unifrac","S001","Antecubital","Eswab","S001","Antecubital","Puritan_gel","Within participant-site: different systems"
"001AcLUSw_3","001AcRUSw_2",0.282566456738188,"weighted_unifrac","S001","Antecubital","Puritan_buffer","S001","Antecubital","Puritan_gel","Within participant-site: different systems"
"001AcLUSw_4","001AcRUSw_2",0.342518193157691,"weighted_unifrac","S001","Antecubital","Omni","S001","Antecubital","Puritan_gel","Within participant-site: different systems"
"001AcRUSw_1","001AcRUSw_2",0.395106842403427,"weighted_unifrac","S001","Antecubital","Copan","S001","Antecubital","Puritan_gel","Within participant-site: different systems"
"001AcCUSw","001FhCUSw",0.492905141598109,"weighted_unifrac","S001","Antecubital","Eswab","S001","Forehead","Eswab","Within participant: different sites, same system"
"001AcLUSw_3","001FhLUSw_3",0.417783183708329,"weighted_unifrac","S001","Antecubital","Puritan_buffer","S001","Forehead","Puritan_buffer","Within participant: different sites, same system"
"001FhCUSw","001FhLUSw_3",0.0814361638989563,"weighted_unifrac","S001","Forehead","Eswab","S001","Forehead","Puritan_buffer","Within participant-site: different systems"
"001AcLUSw_4","001FhLUSw_4",0.337860306349372,"weighted_unifrac","S001","Antecubital","Omni","S001","Forehead","Omni","Within participant: different sites, same system"
"001FhCUSw","001FhLUSw_4",0.113435947867251,"weighted_unifrac","S001","Forehead","Eswab","S001","Forehead","Omni","Within participant-site: different systems"
"001FhLUSw_3","001FhLUSw_4",0.0359455538497386,"weighted_unifrac","S001","Forehead","Puritan_buffer","S001","Forehead","Omni","Within participant-site: different systems"
"001AcRUSw_1","001FhRUSw_1",0.216436217869065,"weighted_unifrac","S001","Antecubital","Copan","S001","Forehead","Copan","Within participant: different sites, same system"
"001FhCUSw","001FhRUSw_1",0.0286655503777923,"weighted_unifrac","S001","Forehead","Eswab","S001","Forehead","Copan","Within participant-site: different systems"
"001FhLUSw_3","001FhRUSw_1",0.0538668813431062,"weighted_unifrac","S001","Forehead","Puritan_buffer","S001","Forehead","Copan","Within participant-site: different systems"
"001FhLUSw_4","001FhRUSw_1",0.0861106982276852,"weighted_unifrac","S001","Forehead","Omni","S001","Forehead","Copan","Within participant-site: different systems"
"001AcRUSw_2","001FhRUSw_2",0.542312860087691,"weighted_unifrac","S001","Antecubital","Puritan_gel","S001","Forehead","Puritan_gel","Within participant: different sites, same system"
"001FhCUSw","001FhRUSw_2",0.0574017340499522,"weighted_unifrac","S001","Forehead","Eswab","S001","Forehead","Puritan_gel","Within participant-site: different systems"
"001FhLUSw_3","001FhRUSw_2",0.0257048027444504,"weighted_unifrac","S001","Forehead","Puritan_buffer","S001","Forehead","Puritan_gel","Within participant-site: different systems"
"001FhLUSw_4","001FhRUSw_2",0.0584173744049389,"weighted_unifrac","S001","Forehead","Omni","S001","Forehead","Puritan_gel","Within participant-site: different systems"
"001FhRUSw_1","001FhRUSw_2",0.0296086064948578,"weighted_unifrac","S001","Forehead","Copan","S001","Forehead","Puritan_gel","Within participant-site: different systems"
"001AcCUSw","002AcCUSw",0.299443440463737,"weighted_unifrac","S001","Antecubital","Eswab","S002","Antecubital","Eswab","Between participants: same site and system"
"001AcLUSw_3","002AcLUSw_3",0.16077661998374,"weighted_unifrac","S001","Antecubital","Puritan_buffer","S002","Antecubital","Puritan_buffer","Between participants: same site and system"
"002AcCUSw","002AcLUSw_3",0.306369358299643,"weighted_unifrac","S002","Antecubital","Eswab","S002","Antecubital","Puritan_buffer","Within participant-site: different systems"
"001AcLUSw_4","002AcLUSw_4",0.373696002582929,"weighted_unifrac","S001","Antecubital","Omni","S002","Antecubital","Omni","Between participants: same site and system"
"002AcCUSw","002AcLUSw_4",0.425868160121413,"weighted_unifrac","S002","Antecubital","Eswab","S002","Antecubital","Omni","Within participant-site: different systems"
"002AcLUSw_3","002AcLUSw_4",0.350117371010535,"weighted_unifrac","S002","Antecubital","Puritan_buffer","S002","Antecubital","Omni","Within participant-site: different systems"
"001AcRUSw_1","002AcRUSw_1",0.109339626678263,"weighted_unifrac","S001","Antecubital","Copan","S002","Antecubital","Copan","Between participants: same site and system"
"002AcCUSw","002AcRUSw_1",0.309764506836298,"weighted_unifrac","S002","Antecubital","Eswab","S002","Antecubital","Copan","Within participant-site: different systems"
"002AcLUSw_3","002AcRUSw_1",0.164746112986712,"weighted_unifrac","S002","Antecubital","Puritan_buffer","S002","Antecubital","Copan","Within participant-site: different systems"
"002AcLUSw_4","002AcRUSw_1",0.428504674121927,"weighted_unifrac","S002","Antecubital","Omni","S002","Antecubital","Copan","Within participant-site: different systems"
"001AcRUSw_2","002AcRUSw_2",0.348645596654979,"weighted_unifrac","S001","Antecubital","Puritan_gel","S002","Antecubital","Puritan_gel","Between participants: same site and system"
"002AcCUSw","002AcRUSw_2",0.272582963719516,"weighted_unifrac","S002","Antecubital","Eswab","S002","Antecubital","Puritan_gel","Within participant-site: different systems"
"002AcLUSw_3","002AcRUSw_2",0.0967095473110671,"weighted_unifrac","S002","Antecubital","Puritan_buffer","S002","Antecubital","Puritan_gel","Within participant-site: different systems"
"002AcLUSw_4","002AcRUSw_2",0.413041114347987,"weighted_unifrac","S002","Antecubital","Omni","S002","Antecubital","Puritan_gel","Within participant-site: different systems"
"002AcRUSw_1","002AcRUSw_2",0.148516826001794,"weighted_unifrac","S002","Antecubital","Copan","S002","Antecubital","Puritan_gel","Within participant-site: different systems"
"001FhCUSw","002FhCUSw",0.0146542738940566,"weighted_unifrac","S001","Forehead","Eswab","S002","Forehead","Eswab","Between participants: same site and system"
"002AcCUSw","002FhCUSw",0.517060574140611,"weighted_unifrac","S002","Antecubital","Eswab","S002","Forehead","Eswab","Within participant: different sites, same system"
"001FhLUSw_3","002FhLUSw_3",0.081741445261878,"weighted_unifrac","S001","Forehead","Puritan_buffer","S002","Forehead","Puritan_buffer","Between participants: same site and system"
"002AcLUSw_3","002FhLUSw_3",0.444225125009563,"weighted_unifrac","S002","Antecubital","Puritan_buffer","S002","Forehead","Puritan_buffer","Within participant: different sites, same system"
"002FhCUSw","002FhLUSw_3",0.00780328682813742,"weighted_unifrac","S002","Forehead","Eswab","S002","Forehead","Puritan_buffer","Within participant-site: different systems"
"001FhLUSw_4","002FhLUSw_4",0.115805256993114,"weighted_unifrac","S001","Forehead","Omni","S002","Forehead","Omni","Between participants: same site and system"
"002AcLUSw_4","002FhLUSw_4",0.64611962682659,"weighted_unifrac","S002","Antecubital","Omni","S002","Forehead","Omni","Within participant: different sites, same system"
"002FhCUSw","002FhLUSw_4",0.00494096008452991,"weighted_unifrac","S002","Forehead","Eswab","S002","Forehead","Omni","Within participant-site: different systems"
"002FhLUSw_3","002FhLUSw_4",0.00363851998437863,"weighted_unifrac","S002","Forehead","Puritan_buffer","S002","Forehead","Omni","Within participant-site: different systems"
"001FhRUSw_1","002FhRUSw_1",0.0490028188045227,"weighted_unifrac","S001","Forehead","Copan","S002","Forehead","Copan","Between participants: same site and system"
"002AcRUSw_1","002FhRUSw_1",0.217869235691311,"weighted_unifrac","S002","Antecubital","Copan","S002","Forehead","Copan","Within participant: different sites, same system"
"002FhCUSw","002FhRUSw_1",0.081193755691648,"weighted_unifrac","S002","Forehead","Eswab","S002","Forehead","Copan","Within participant-site: different systems"
"002FhLUSw_3","002FhRUSw_1",0.0745538477231582,"weighted_unifrac","S002","Forehead","Puritan_buffer","S002","Forehead","Copan","Within participant-site: different systems"
"002FhLUSw_4","002FhRUSw_1",0.0764853031709027,"weighted_unifrac","S002","Forehead","Omni","S002","Forehead","Copan","Within participant-site: different systems"
"001FhRUSw_2","002FhRUSw_2",0.0806723505195045,"weighted_unifrac","S001","Forehead","Puritan_gel","S002","Forehead","Puritan_gel","Between participants: same site and system"
"002AcRUSw_2","002FhRUSw_2",0.301670049164987,"weighted_unifrac","S002","Antecubital","Puritan_gel","S002","Forehead","Puritan_gel","Within participant: different sites, same system"
"002FhCUSw","002FhRUSw_2",0.118925829841445,"weighted_unifrac","S002","Forehead","Eswab","S002","Forehead","Puritan_gel","Within participant-site: different systems"
"002FhLUSw_3","002FhRUSw_2",0.11251129066892,"weighted_unifrac","S002","Forehead","Puritan_buffer","S002","Forehead","Puritan_gel","Within participant-site: different systems"
"002FhLUSw_4","002FhRUSw_2",0.114265985636669,"weighted_unifrac","S002","Forehead","Omni","S002","Forehead","Puritan_gel","Within participant-site: different systems"
"002FhRUSw_1","002FhRUSw_2",0.0456659744024584,"weighted_unifrac","S002","Forehead","Copan","S002","Forehead","Puritan_gel","Within participant-site: different systems"
"001AcCUSw","003AcCUSw",0.321166294401614,"weighted_unifrac","S001","Antecubital","Eswab","S003","Antecubital","Eswab","Between participants: same site and system"
"002AcCUSw","003AcCUSw",0.412767459746522,"weighted_unifrac","S002","Antecubital","Eswab","S003","Antecubital","Eswab","Between participants: same site and system"
"001AcLUSw_3","003AcLUSw_3",0.306386046932988,"weighted_unifrac","S001","Antecubital","Puritan_buffer","S003","Antecubital","Puritan_buffer","Between participants: same site and system"
"002AcLUSw_3","003AcLUSw_3",0.36550648379583,"weighted_unifrac","S002","Antecubital","Puritan_buffer","S003","Antecubital","Puritan_buffer","Between participants: same site and system"
"003AcCUSw","003AcLUSw_3",0.286798499562535,"weighted_unifrac","S003","Antecubital","Eswab","S003","Antecubital","Puritan_buffer","Within participant-site: different systems"
"001AcLUSw_4","003AcLUSw_4",0.403355097066373,"weighted_unifrac","S001","Antecubital","Omni","S003","Antecubital","Omni","Between participants: same site and system"
"002AcLUSw_4","003AcLUSw_4",0.258918531490171,"weighted_unifrac","S002","Antecubital","Omni","S003","Antecubital","Omni","Between participants: same site and system"
"003AcCUSw","003AcLUSw_4",0.275410062936181,"weighted_unifrac","S003","Antecubital","Eswab","S003","Antecubital","Omni","Within participant-site: different systems"
"003AcLUSw_3","003AcLUSw_4",0.21516816953639,"weighted_unifrac","S003","Antecubital","Puritan_buffer","S003","Antecubital","Omni","Within participant-site: different systems"
"001AcRUSw_1","003AcRUSw_1",0.550673153616896,"weighted_unifrac","S001","Antecubital","Copan","S003","Antecubital","Copan","Between participants: same site and system"
"002AcRUSw_1","003AcRUSw_1",0.482764386409099,"weighted_unifrac","S002","Antecubital","Copan","S003","Antecubital","Copan","Between participants: same site and system"
"003AcCUSw","003AcRUSw_1",0.315927515763387,"weighted_unifrac","S003","Antecubital","Eswab","S003","Antecubital","Copan","Within participant-site: different systems"
"003AcLUSw_3","003AcRUSw_1",0.249912914107937,"weighted_unifrac","S003","Antecubital","Puritan_buffer","S003","Antecubital","Copan","Within participant-site: different systems"
"003AcLUSw_4","003AcRUSw_1",0.16808393491804,"weighted_unifrac","S003","Antecubital","Omni","S003","Antecubital","Copan","Within participant-site: different systems"
"001AcRUSw_2","003AcRUSw_2",0.401357478236441,"weighted_unifrac","S001","Antecubital","Puritan_gel","S003","Antecubital","Puritan_gel","Between participants: same site and system"
"002AcRUSw_2","003AcRUSw_2",0.285551370511455,"weighted_unifrac","S002","Antecubital","Puritan_gel","S003","Antecubital","Puritan_gel","Between participants: same site and system"
"003AcCUSw","003AcRUSw_2",0.205286791991191,"weighted_unifrac","S003","Antecubital","Eswab","S003","Antecubital","Puritan_gel","Within participant-site: different systems"
"003AcLUSw_3","003AcRUSw_2",0.201075411633668,"weighted_unifrac","S003","Antecubital","Puritan_buffer","S003","Antecubital","Puritan_gel","Within participant-site: different systems"
"003AcLUSw_4","003AcRUSw_2",0.217670082358203,"weighted_unifrac","S003","Antecubital","Omni","S003","Antecubital","Puritan_gel","Within participant-site: different systems"
"003AcRUSw_1","003AcRUSw_2",0.232462145679404,"weighted_unifrac","S003","Antecubital","Copan","S003","Antecubital","Puritan_gel","Within participant-site: different systems"
"001FhCUSw","003FhCUSw",0.706561969001989,"weighted_unifrac","S001","Forehead","Eswab","S003","Forehead","Eswab","Between participants: same site and system"
"002FhCUSw","003FhCUSw",0.715231608572017,"weighted_unifrac","S002","Forehead","Eswab","S003","Forehead","Eswab","Between participants: same site and system"
"003AcCUSw","003FhCUSw",0.54586748609288,"weighted_unifrac","S003","Antecubital","Eswab","S003","Forehead","Eswab","Within participant: different sites, same system"
"001FhLUSw_3","003FhLUSw_3",0.829148882849727,"weighted_unifrac","S001","Forehead","Puritan_buffer","S003","Forehead","Puritan_buffer","Between participants: same site and system"
"002FhLUSw_3","003FhLUSw_3",0.858026857099944,"weighted_unifrac","S002","Forehead","Puritan_buffer","S003","Forehead","Puritan_buffer","Between participants: same site and system"
"003AcLUSw_3","003FhLUSw_3",0.725286856152558,"weighted_unifrac","S003","Antecubital","Puritan_buffer","S003","Forehead","Puritan_buffer","Within participant: different sites, same system"
"003FhCUSw","003FhLUSw_3",0.236727734539778,"weighted_unifrac","S003","Forehead","Eswab","S003","Forehead","Puritan_buffer","Within participant-site: different systems"
"001FhLUSw_4","003FhLUSw_4",0.756944438728387,"weighted_unifrac","S001","Forehead","Omni","S003","Forehead","Omni","Between participants: same site and system"
"002FhLUSw_4","003FhLUSw_4",0.831666321697771,"weighted_unifrac","S002","Forehead","Omni","S003","Forehead","Omni","Between participants: same site and system"
"003AcLUSw_4","003FhLUSw_4",0.573412251821122,"weighted_unifrac","S003","Antecubital","Omni","S003","Forehead","Omni","Within participant: different sites, same system"
"003FhCUSw","003FhLUSw_4",0.18625694117145,"weighted_unifrac","S003","Forehead","Eswab","S003","Forehead","Omni","Within participant-site: different systems"
"003FhLUSw_3","003FhLUSw_4",0.116463390889972,"weighted_unifrac","S003","Forehead","Puritan_buffer","S003","Forehead","Omni","Within participant-site: different systems"
"001FhRUSw_1","003FhRUSw_1",0.809902827001676,"weighted_unifrac","S001","Forehead","Copan","S003","Forehead","Copan","Between participants: same site and system"
"002FhRUSw_1","003FhRUSw_1",0.783712812419354,"weighted_unifrac","S002","Forehead","Copan","S003","Forehead","Copan","Between participants: same site and system"
"003AcRUSw_1","003FhRUSw_1",0.659303690529113,"weighted_unifrac","S003","Antecubital","Copan","S003","Forehead","Copan","Within participant: different sites, same system"
"003FhCUSw","003FhRUSw_1",0.192635605765576,"weighted_unifrac","S003","Forehead","Eswab","S003","Forehead","Copan","Within participant-site: different systems"
"003FhLUSw_3","003FhRUSw_1",0.0521900244353866,"weighted_unifrac","S003","Forehead","Puritan_buffer","S003","Forehead","Copan","Within participant-site: different systems"
"003FhLUSw_4","003FhRUSw_1",0.0716614314828059,"weighted_unifrac","S003","Forehead","Omni","S003","Forehead","Copan","Within participant-site: different systems"
"001FhRUSw_2","003FhRUSw_2",0.855728732885845,"weighted_unifrac","S001","Forehead","Puritan_gel","S003","Forehead","Puritan_gel","Between participants: same site and system"
"002FhRUSw_2","003FhRUSw_2",0.844539106333821,"weighted_unifrac","S002","Forehead","Puritan_gel","S003","Forehead","Puritan_gel","Between participants: same site and system"
"003AcRUSw_2","003FhRUSw_2",0.740387796418881,"weighted_unifrac","S003","Antecubital","Puritan_gel","S003","Forehead","Puritan_gel","Within participant: different sites, same system"
"003FhCUSw","003FhRUSw_2",0.241906347008511,"weighted_unifrac","S003","Forehead","Eswab","S003","Forehead","Puritan_gel","Within participant-site: different systems"
"003FhLUSw_3","003FhRUSw_2",0.0165247875635045,"weighted_unifrac","S003","Forehead","Puritan_buffer","S003","Forehead","Puritan_gel","Within participant-site: different systems"
"003FhLUSw_4","003FhRUSw_2",0.130220714460504,"weighted_unifrac","S003","Forehead","Omni","S003","Forehead","Puritan_gel","Within participant-site: different systems"
"003FhRUSw_1","003FhRUSw_2",0.0657292294578261,"weighted_unifrac","S003","Forehead","Copan","S003","Forehead","Puritan_gel","Within participant-site: different systems"
"001AcCUSw","004AcCUSw",0.447681962200494,"weighted_unifrac","S001","Antecubital","Eswab","S004","Antecubital","Eswab","Between participants: same site and system"
"002AcCUSw","004AcCUSw",0.530985493601895,"weighted_unifrac","S002","Antecubital","Eswab","S004","Antecubital","Eswab","Between participants: same site and system"
"003AcCUSw","004AcCUSw",0.340899733020323,"weighted_unifrac","S003","Antecubital","Eswab","S004","Antecubital","Eswab","Between participants: same site and system"
"001AcLUSw_3","004AcLUSw_3",0.609723296314374,"weighted_unifrac","S001","Antecubital","Puritan_buffer","S004","Antecubital","Puritan_buffer","Between participants: same site and system"
"002AcLUSw_3","004AcLUSw_3",0.614101394704676,"weighted_unifrac","S002","Antecubital","Puritan_buffer","S004","Antecubital","Puritan_buffer","Between participants: same site and system"
"003AcLUSw_3","004AcLUSw_3",0.530192696498072,"weighted_unifrac","S003","Antecubital","Puritan_buffer","S004","Antecubital","Puritan_buffer","Between participants: same site and system"
"004AcCUSw","004AcLUSw_3",0.225708160410672,"weighted_unifrac","S004","Antecubital","Eswab","S004","Antecubital","Puritan_buffer","Within participant-site: different systems"
"001AcLUSw_4","004AcLUSw_4",0.595102579161669,"weighted_unifrac","S001","Antecubital","Omni","S004","Antecubital","Omni","Between participants: same site and system"
"002AcLUSw_4","004AcLUSw_4",0.569976129639325,"weighted_unifrac","S002","Antecubital","Omni","S004","Antecubital","Omni","Between participants: same site and system"
"003AcLUSw_4","004AcLUSw_4",0.464170328856959,"weighted_unifrac","S003","Antecubital","Omni","S004","Antecubital","Omni","Between participants: same site and system"
"004AcCUSw","004AcLUSw_4",0.205979253700043,"weighted_unifrac","S004","Antecubital","Eswab","S004","Antecubital","Omni","Within participant-site: different systems"
"004AcLUSw_3","004AcLUSw_4",0.134266221701365,"weighted_unifrac","S004","Antecubital","Puritan_buffer","S004","Antecubital","Omni","Within participant-site: different systems"
"001AcRUSw_1","004AcRUSw_1",0.582337039159234,"weighted_unifrac","S001","Antecubital","Copan","S004","Antecubital","Copan","Between participants: same site and system"
"002AcRUSw_1","004AcRUSw_1",0.580891268322938,"weighted_unifrac","S002","Antecubital","Copan","S004","Antecubital","Copan","Between participants: same site and system"
"003AcRUSw_1","004AcRUSw_1",0.473560814814264,"weighted_unifrac","S003","Antecubital","Copan","S004","Antecubital","Copan","Between participants: same site and system"
"004AcCUSw","004AcRUSw_1",0.215955604065366,"weighted_unifrac","S004","Antecubital","Eswab","S004","Antecubital","Copan","Within participant-site: different systems"
"004AcLUSw_3","004AcRUSw_1",0.236013386650102,"weighted_unifrac","S004","Antecubital","Puritan_buffer","S004","Antecubital","Copan","Within participant-site: different systems"
"004AcLUSw_4","004AcRUSw_1",0.160371531491317,"weighted_unifrac","S004","Antecubital","Omni","S004","Antecubital","Copan","Within participant-site: different systems"
"001AcRUSw_2","004AcRUSw_2",0.458956865345775,"weighted_unifrac","S001","Antecubital","Puritan_gel","S004","Antecubital","Puritan_gel","Between participants: same site and system"
"002AcRUSw_2","004AcRUSw_2",0.487813647808268,"weighted_unifrac","S002","Antecubital","Puritan_gel","S004","Antecubital","Puritan_gel","Between participants: same site and system"
"003AcRUSw_2","004AcRUSw_2",0.435661913213024,"weighted_unifrac","S003","Antecubital","Puritan_gel","S004","Antecubital","Puritan_gel","Between participants: same site and system"
"004AcCUSw","004AcRUSw_2",0.223299654363342,"weighted_unifrac","S004","Antecubital","Eswab","S004","Antecubital","Puritan_gel","Within participant-site: different systems"
"004AcLUSw_3","004AcRUSw_2",0.297501347970881,"weighted_unifrac","S004","Antecubital","Puritan_buffer","S004","Antecubital","Puritan_gel","Within participant-site: different systems"
"004AcLUSw_4","004AcRUSw_2",0.234377993974772,"weighted_unifrac","S004","Antecubital","Omni","S004","Antecubital","Puritan_gel","Within participant-site: different systems"
"004AcRUSw_1","004AcRUSw_2",0.171766006098696,"weighted_unifrac","S004","Antecubital","Copan","S004","Antecubital","Puritan_gel","Within participant-site: different systems"
"001FhCUSw","004FhCUSw",0.123980045625801,"weighted_unifrac","S001","Forehead","Eswab","S004","Forehead","Eswab","Between participants: same site and system"
"002FhCUSw","004FhCUSw",0.135055736892236,"weighted_unifrac","S002","Forehead","Eswab","S004","Forehead","Eswab","Between participants: same site and system"
"003FhCUSw","004FhCUSw",0.66776545633199,"weighted_unifrac","S003","Forehead","Eswab","S004","Forehead","Eswab","Between participants: same site and system"
"004AcCUSw","004FhCUSw",0.654214936878126,"weighted_unifrac","S004","Antecubital","Eswab","S004","Forehead","Eswab","Within participant: different sites, same system"
"001FhLUSw_3","004FhLUSw_3",0.515212864143379,"weighted_unifrac","S001","Forehead","Puritan_buffer","S004","Forehead","Puritan_buffer","Between participants: same site and system"
"002FhLUSw_3","004FhLUSw_3",0.60347355103975,"weighted_unifrac","S002","Forehead","Puritan_buffer","S004","Forehead","Puritan_buffer","Between participants: same site and system"
"003FhLUSw_3","004FhLUSw_3",0.753324960296504,"weighted_unifrac","S003","Forehead","Puritan_buffer","S004","Forehead","Puritan_buffer","Between participants: same site and system"
"004AcLUSw_3","004FhLUSw_3",0.500898551839219,"weighted_unifrac","S004","Antecubital","Puritan_buffer","S004","Forehead","Puritan_buffer","Within participant: different sites, same system"
"004FhCUSw","004FhLUSw_3",0.491393952557266,"weighted_unifrac","S004","Forehead","Eswab","S004","Forehead","Puritan_buffer","Within participant-site: different systems"
"001FhLUSw_4","004FhLUSw_4",0.470366570063875,"weighted_unifrac","S001","Forehead","Omni","S004","Forehead","Omni","Between participants: same site and system"
"002FhLUSw_4","004FhLUSw_4",0.589101491861942,"weighted_unifrac","S002","Forehead","Omni","S004","Forehead","Omni","Between participants: same site and system"
"003FhLUSw_4","004FhLUSw_4",0.680231082498961,"weighted_unifrac","S003","Forehead","Omni","S004","Forehead","Omni","Between participants: same site and system"
"004AcLUSw_4","004FhLUSw_4",0.425746116495419,"weighted_unifrac","S004","Antecubital","Omni","S004","Forehead","Omni","Within participant: different sites, same system"
"004FhCUSw","004FhLUSw_4",0.481240252843544,"weighted_unifrac","S004","Forehead","Eswab","S004","Forehead","Omni","Within participant-site: different systems"
"004FhLUSw_3","004FhLUSw_4",0.0820704583883071,"weighted_unifrac","S004","Forehead","Puritan_buffer","S004","Forehead","Omni","Within participant-site: different systems"
"001FhRUSw_1","004FhRUSw_1",0.540780714942271,"weighted_unifrac","S001","Forehead","Copan","S004","Forehead","Copan","Between participants: same site and system"
"002FhRUSw_1","004FhRUSw_1",0.505539056849478,"weighted_unifrac","S002","Forehead","Copan","S004","Forehead","Copan","Between participants: same site and system"
"003FhRUSw_1","004FhRUSw_1",0.695704444926042,"weighted_unifrac","S003","Forehead","Copan","S004","Forehead","Copan","Between participants: same site and system"
"004AcRUSw_1","004FhRUSw_1",0.377705400287511,"weighted_unifrac","S004","Antecubital","Copan","S004","Forehead","Copan","Within participant: different sites, same system"
"004FhCUSw","004FhRUSw_1",0.4769455928714,"weighted_unifrac","S004","Forehead","Eswab","S004","Forehead","Copan","Within participant-site: different systems"
"004FhLUSw_3","004FhRUSw_1",0.217373390477921,"weighted_unifrac","S004","Forehead","Puritan_buffer","S004","Forehead","Copan","Within participant-site: different systems"
"004FhLUSw_4","004FhRUSw_1",0.191623779091767,"weighted_unifrac","S004","Forehead","Omni","S004","Forehead","Copan","Within participant-site: different systems"
"001FhRUSw_2","004FhRUSw_2",0.530086414517814,"weighted_unifrac","S001","Forehead","Puritan_gel","S004","Forehead","Puritan_gel","Between participants: same site and system"
"002FhRUSw_2","004FhRUSw_2",0.518921307029925,"weighted_unifrac","S002","Forehead","Puritan_gel","S004","Forehead","Puritan_gel","Between participants: same site and system"
"003FhRUSw_2","004FhRUSw_2",0.762086382111961,"weighted_unifrac","S003","Forehead","Puritan_gel","S004","Forehead","Puritan_gel","Between participants: same site and system"
"004AcRUSw_2","004FhRUSw_2",0.342636555637291,"weighted_unifrac","S004","Antecubital","Puritan_gel","S004","Forehead","Puritan_gel","Within participant: different sites, same system"
"004FhCUSw","004FhRUSw_2",0.477987003719244,"weighted_unifrac","S004","Forehead","Eswab","S004","Forehead","Puritan_gel","Within participant-site: different systems"
"004FhLUSw_3","004FhRUSw_2",0.179540377446054,"weighted_unifrac","S004","Forehead","Puritan_buffer","S004","Forehead","Puritan_gel","Within participant-site: different systems"
"004FhLUSw_4","004FhRUSw_2",0.157365260528583,"weighted_unifrac","S004","Forehead","Omni","S004","Forehead","Puritan_gel","Within participant-site: different systems"
"004FhRUSw_1","004FhRUSw_2",0.153550667942227,"weighted_unifrac","S004","Forehead","Copan","S004","Forehead","Puritan_gel","Within participant-site: different systems"
"001AcCUSw","005AcCUSw",0.759593548988192,"weighted_unifrac","S001","Antecubital","Eswab","S005","Antecubital","Eswab","Between participants: same site and system"
"002AcCUSw","005AcCUSw",0.730853563865737,"weighted_unifrac","S002","Antecubital","Eswab","S005","Antecubital","Eswab","Between participants: same site and system"
"003AcCUSw","005AcCUSw",0.626328082120951,"weighted_unifrac","S003","Antecubital","Eswab","S005","Antecubital","Eswab","Between participants: same site and system"
"004AcCUSw","005AcCUSw",0.711228376337135,"weighted_unifrac","S004","Antecubital","Eswab","S005","Antecubital","Eswab","Between participants: same site and system"
"001AcLUSw_3","005AcLUSw_3",0.62988231454329,"weighted_unifrac","S001","Antecubital","Puritan_buffer","S005","Antecubital","Puritan_buffer","Between participants: same site and system"
"002AcLUSw_3","005AcLUSw_3",0.589975056313614,"weighted_unifrac","S002","Antecubital","Puritan_buffer","S005","Antecubital","Puritan_buffer","Between participants: same site and system"
"003AcLUSw_3","005AcLUSw_3",0.529966455453887,"weighted_unifrac","S003","Antecubital","Puritan_buffer","S005","Antecubital","Puritan_buffer","Between participants: same site and system"
"004AcLUSw_3","005AcLUSw_3",0.658077598000753,"weighted_unifrac","S004","Antecubital","Puritan_buffer","S005","Antecubital","Puritan_buffer","Between participants: same site and system"
"005AcCUSw","005AcLUSw_3",0.0988170397456719,"weighted_unifrac","S005","Antecubital","Eswab","S005","Antecubital","Puritan_buffer","Within participant-site: different systems"
"001AcLUSw_4","005AcLUSw_4",0.55389753918364,"weighted_unifrac","S001","Antecubital","Omni","S005","Antecubital","Omni","Between participants: same site and system"
"002AcLUSw_4","005AcLUSw_4",0.399357482308899,"weighted_unifrac","S002","Antecubital","Omni","S005","Antecubital","Omni","Between participants: same site and system"
"003AcLUSw_4","005AcLUSw_4",0.358191459791097,"weighted_unifrac","S003","Antecubital","Omni","S005","Antecubital","Omni","Between participants: same site and system"
"004AcLUSw_4","005AcLUSw_4",0.612268248445721,"weighted_unifrac","S004","Antecubital","Omni","S005","Antecubital","Omni","Between participants: same site and system"
"005AcCUSw","005AcLUSw_4",0.186745442020789,"weighted_unifrac","S005","Antecubital","Eswab","S005","Antecubital","Omni","Within participant-site: different systems"
"005AcLUSw_3","005AcLUSw_4",0.0957858818087533,"weighted_unifrac","S005","Antecubital","Puritan_buffer","S005","Antecubital","Omni","Within participant-site: different systems"
"001AcRUSw_1","005AcRUSw_1",0.769839246269676,"weighted_unifrac","S001","Antecubital","Copan","S005","Antecubital","Copan","Between participants: same site and system"
"002AcRUSw_1","005AcRUSw_1",0.713176896137893,"weighted_unifrac","S002","Antecubital","Copan","S005","Antecubital","Copan","Between participants: same site and system"
"003AcRUSw_1","005AcRUSw_1",0.438352201729792,"weighted_unifrac","S003","Antecubital","Copan","S005","Antecubital","Copan","Between participants: same site and system"
"004AcRUSw_1","005AcRUSw_1",0.682999677706173,"weighted_unifrac","S004","Antecubital","Copan","S005","Antecubital","Copan","Between participants: same site and system"
"005AcCUSw","005AcRUSw_1",0.0097758020765092,"weighted_unifrac","S005","Antecubital","Eswab","S005","Antecubital","Copan","Within participant-site: different systems"
"005AcLUSw_3","005AcRUSw_1",0.104243283108395,"weighted_unifrac","S005","Antecubital","Puritan_buffer","S005","Antecubital","Copan","Within participant-site: different systems"
"005AcLUSw_4","005AcRUSw_1",0.192026971479738,"weighted_unifrac","S005","Antecubital","Omni","S005","Antecubital","Copan","Within participant-site: different systems"
"001AcRUSw_2","005AcRUSw_2",0.701501230451768,"weighted_unifrac","S001","Antecubital","Puritan_gel","S005","Antecubital","Puritan_gel","Between participants: same site and system"
"002AcRUSw_2","005AcRUSw_2",0.64273331364496,"weighted_unifrac","S002","Antecubital","Puritan_gel","S005","Antecubital","Puritan_gel","Between participants: same site and system"
"003AcRUSw_2","005AcRUSw_2",0.49333934959414,"weighted_unifrac","S003","Antecubital","Puritan_gel","S005","Antecubital","Puritan_gel","Between participants: same site and system"
"004AcRUSw_2","005AcRUSw_2",0.655673549843616,"weighted_unifrac","S004","Antecubital","Puritan_gel","S005","Antecubital","Puritan_gel","Between participants: same site and system"
"005AcCUSw","005AcRUSw_2",0.099034501413624,"weighted_unifrac","S005","Antecubital","Eswab","S005","Antecubital","Puritan_gel","Within participant-site: different systems"
"005AcLUSw_3","005AcRUSw_2",0.0398590852255551,"weighted_unifrac","S005","Antecubital","Puritan_buffer","S005","Antecubital","Puritan_gel","Within participant-site: different systems"
"005AcLUSw_4","005AcRUSw_2",0.109201652007169,"weighted_unifrac","S005","Antecubital","Omni","S005","Antecubital","Puritan_gel","Within participant-site: different systems"
"005AcRUSw_1","005AcRUSw_2",0.0930812731144396,"weighted_unifrac","S005","Antecubital","Copan","S005","Antecubital","Puritan_gel","Within participant-site: different systems"
"001FhCUSw","005FhCUSw",0.525120388891246,"weighted_unifrac","S001","Forehead","Eswab","S005","Forehead","Eswab","Between participants: same site and system"
"002FhCUSw","005FhCUSw",0.536881434370789,"weighted_unifrac","S002","Forehead","Eswab","S005","Forehead","Eswab","Between participants: same site and system"
"003FhCUSw","005FhCUSw",0.570690443697293,"weighted_unifrac","S003","Forehead","Eswab","S005","Forehead","Eswab","Between participants: same site and system"
"004FhCUSw","005FhCUSw",0.454113978166862,"weighted_unifrac","S004","Forehead","Eswab","S005","Forehead","Eswab","Between participants: same site and system"
"005AcCUSw","005FhCUSw",0.639889927659981,"weighted_unifrac","S005","Antecubital","Eswab","S005","Forehead","Eswab","Within participant: different sites, same system"
"001FhLUSw_3","005FhLUSw_3",0.488174558456569,"weighted_unifrac","S001","Forehead","Puritan_buffer","S005","Forehead","Puritan_buffer","Between participants: same site and system"
"002FhLUSw_3","005FhLUSw_3",0.553194640450428,"weighted_unifrac","S002","Forehead","Puritan_buffer","S005","Forehead","Puritan_buffer","Between participants: same site and system"
"003FhLUSw_3","005FhLUSw_3",0.730963076368588,"weighted_unifrac","S003","Forehead","Puritan_buffer","S005","Forehead","Puritan_buffer","Between participants: same site and system"
"004FhLUSw_3","005FhLUSw_3",0.471163795105928,"weighted_unifrac","S004","Forehead","Puritan_buffer","S005","Forehead","Puritan_buffer","Between participants: same site and system"
"005AcLUSw_3","005FhLUSw_3",0.420189291683531,"weighted_unifrac","S005","Antecubital","Puritan_buffer","S005","Forehead","Puritan_buffer","Within participant: different sites, same system"
"005FhCUSw","005FhLUSw_3",0.25707745090418,"weighted_unifrac","S005","Forehead","Eswab","S005","Forehead","Puritan_buffer","Within participant-site: different systems"
"001FhLUSw_4","005FhLUSw_4",0.117276429369598,"weighted_unifrac","S001","Forehead","Omni","S005","Forehead","Omni","Between participants: same site and system"
"002FhLUSw_4","005FhLUSw_4",0.0768619764792889,"weighted_unifrac","S002","Forehead","Omni","S005","Forehead","Omni","Between participants: same site and system"
"003FhLUSw_4","005FhLUSw_4",0.811229113307221,"weighted_unifrac","S003","Forehead","Omni","S005","Forehead","Omni","Between participants: same site and system"
"004FhLUSw_4","005FhLUSw_4",0.554296818665197,"weighted_unifrac","S004","Forehead","Omni","S005","Forehead","Omni","Between participants: same site and system"
"005AcLUSw_4","005FhLUSw_4",0.79651099917927,"weighted_unifrac","S005","Antecubital","Omni","S005","Forehead","Omni","Within participant: different sites, same system"
"005FhCUSw","005FhLUSw_4",0.499140819627976,"weighted_unifrac","S005","Forehead","Eswab","S005","Forehead","Omni","Within participant-site: different systems"
"005FhLUSw_3","005FhLUSw_4",0.528445367193956,"weighted_unifrac","S005","Forehead","Puritan_buffer","S005","Forehead","Omni","Within participant-site: different systems"
"001FhRUSw_1","005FhRUSw_1",0.230973032853669,"weighted_unifrac","S001","Forehead","Copan","S005","Forehead","Copan","Between participants: same site and system"
"002FhRUSw_1","005FhRUSw_1",0.185282356761565,"weighted_unifrac","S002","Forehead","Copan","S005","Forehead","Copan","Between participants: same site and system"
"003FhRUSw_1","005FhRUSw_1",0.757695140328219,"weighted_unifrac","S003","Forehead","Copan","S005","Forehead","Copan","Between participants: same site and system"
"004FhRUSw_1","005FhRUSw_1",0.41519647189564,"weighted_unifrac","S004","Forehead","Copan","S005","Forehead","Copan","Between participants: same site and system"
"005AcRUSw_1","005FhRUSw_1",0.735323489128499,"weighted_unifrac","S005","Antecubital","Copan","S005","Forehead","Copan","Within participant: different sites, same system"
"005FhCUSw","005FhRUSw_1",0.32932367872698,"weighted_unifrac","S005","Forehead","Eswab","S005","Forehead","Copan","Within participant-site: different systems"
"005FhLUSw_3","005FhRUSw_1",0.344847024994053,"weighted_unifrac","S005","Forehead","Puritan_buffer","S005","Forehead","Copan","Within participant-site: different systems"
"005FhLUSw_4","005FhRUSw_1",0.240604850482215,"weighted_unifrac","S005","Forehead","Omni","S005","Forehead","Copan","Within participant-site: different systems"
"001FhRUSw_2","005FhRUSw_2",0.367869581744252,"weighted_unifrac","S001","Forehead","Puritan_gel","S005","Forehead","Puritan_gel","Between participants: same site and system"
"002FhRUSw_2","005FhRUSw_2",0.298700734641641,"weighted_unifrac","S002","Forehead","Puritan_gel","S005","Forehead","Puritan_gel","Between participants: same site and system"
"003FhRUSw_2","005FhRUSw_2",0.798673916419576,"weighted_unifrac","S003","Forehead","Puritan_gel","S005","Forehead","Puritan_gel","Between participants: same site and system"
"004FhRUSw_2","005FhRUSw_2",0.387916503636952,"weighted_unifrac","S004","Forehead","Puritan_gel","S005","Forehead","Puritan_gel","Between participants: same site and system"
"005AcRUSw_2","005FhRUSw_2",0.604037561577372,"weighted_unifrac","S005","Antecubital","Puritan_gel","S005","Forehead","Puritan_gel","Within participant: different sites, same system"
"005FhCUSw","005FhRUSw_2",0.265019383242476,"weighted_unifrac","S005","Forehead","Eswab","S005","Forehead","Puritan_gel","Within participant-site: different systems"
"005FhLUSw_3","005FhRUSw_2",0.25518815500898,"weighted_unifrac","S005","Forehead","Puritan_buffer","S005","Forehead","Puritan_gel","Within participant-site: different systems"
"005FhLUSw_4","005FhRUSw_2",0.391461876887967,"weighted_unifrac","S005","Forehead","Omni","S005","Forehead","Puritan_gel","Within participant-site: different systems"
"005FhRUSw_1","005FhRUSw_2",0.172837570370125,"weighted_unifrac","S005","Forehead","Copan","S005","Forehead","Puritan_gel","Within participant-site: different systems"
"001AcCUSw","001AcLUSw_3",0.610044734762462,"unweighted_unifrac","S001","Antecubital","Eswab","S001","Antecubital","Puritan_buffer","Within participant-site: different systems"
"001AcCUSw","001AcLUSw_4",0.533215076015762,"unweighted_unifrac","S001","Antecubital","Eswab","S001","Antecubital","Omni","Within participant-site: different systems"
"001AcLUSw_3","001AcLUSw_4",0.450956640571258,"unweighted_unifrac","S001","Antecubital","Puritan_buffer","S001","Antecubital","Omni","Within participant-site: different systems"
"001AcCUSw","001AcRUSw_1",0.587276338962209,"unweighted_unifrac","S001","Antecubital","Eswab","S001","Antecubital","Copan","Within participant-site: different systems"
"001AcLUSw_3","001AcRUSw_1",0.503642485411069,"unweighted_unifrac","S001","Antecubital","Puritan_buffer","S001","Antecubital","Copan","Within participant-site: different systems"
"001AcLUSw_4","001AcRUSw_1",0.520000776177376,"unweighted_unifrac","S001","Antecubital","Omni","S001","Antecubital","Copan","Within participant-site: different systems"
"001AcCUSw","001AcRUSw_2",0.556710295272746,"unweighted_unifrac","S001","Antecubital","Eswab","S001","Antecubital","Puritan_gel","Within participant-site: different systems"
"001AcLUSw_3","001AcRUSw_2",0.484175092111957,"unweighted_unifrac","S001","Antecubital","Puritan_buffer","S001","Antecubital","Puritan_gel","Within participant-site: different systems"
"001AcLUSw_4","001AcRUSw_2",0.517066489536302,"unweighted_unifrac","S001","Antecubital","Omni","S001","Antecubital","Puritan_gel","Within participant-site: different systems"
"001AcRUSw_1","001AcRUSw_2",0.501045226389473,"unweighted_unifrac","S001","Antecubital","Copan","S001","Antecubital","Puritan_gel","Within participant-site: different systems"
"001AcCUSw","001FhCUSw",0.740804728239243,"unweighted_unifrac","S001","Antecubital","Eswab","S001","Forehead","Eswab","Within participant: different sites, same system"
"001AcLUSw_3","001FhLUSw_3",0.74619903624797,"unweighted_unifrac","S001","Antecubital","Puritan_buffer","S001","Forehead","Puritan_buffer","Within participant: different sites, same system"
"001FhCUSw","001FhLUSw_3",0.684975304067552,"unweighted_unifrac","S001","Forehead","Eswab","S001","Forehead","Puritan_buffer","Within participant-site: different systems"
"001AcLUSw_4","001FhLUSw_4",0.750767736448972,"unweighted_unifrac","S001","Antecubital","Omni","S001","Forehead","Omni","Within participant: different sites, same system"
"001FhCUSw","001FhLUSw_4",0.619216931875966,"unweighted_unifrac","S001","Forehead","Eswab","S001","Forehead","Omni","Within participant-site: different systems"
"001FhLUSw_3","001FhLUSw_4",0.534245237121713,"unweighted_unifrac","S001","Forehead","Puritan_buffer","S001","Forehead","Omni","Within participant-site: different systems"
"001AcRUSw_1","001FhRUSw_1",0.495204630926352,"unweighted_unifrac","S001","Antecubital","Copan","S001","Forehead","Copan","Within participant: different sites, same system"
"001FhCUSw","001FhRUSw_1",0.610702127716739,"unweighted_unifrac","S001","Forehead","Eswab","S001","Forehead","Copan","Within participant-site: different systems"
"001FhLUSw_3","001FhRUSw_1",0.433246843995311,"unweighted_unifrac","S001","Forehead","Puritan_buffer","S001","Forehead","Copan","Within participant-site: different systems"
"001FhLUSw_4","001FhRUSw_1",0.226807674869041,"unweighted_unifrac","S001","Forehead","Omni","S001","Forehead","Copan","Within participant-site: different systems"
"001AcRUSw_2","001FhRUSw_2",0.71556432674464,"unweighted_unifrac","S001","Antecubital","Puritan_gel","S001","Forehead","Puritan_gel","Within participant: different sites, same system"
"001FhCUSw","001FhRUSw_2",0.648300400231751,"unweighted_unifrac","S001","Forehead","Eswab","S001","Forehead","Puritan_gel","Within participant-site: different systems"
"001FhLUSw_3","001FhRUSw_2",0.521828701864134,"unweighted_unifrac","S001","Forehead","Puritan_buffer","S001","Forehead","Puritan_gel","Within participant-site: different systems"
"001FhLUSw_4","001FhRUSw_2",0.333720236398884,"unweighted_unifrac","S001","Forehead","Omni","S001","Forehead","Puritan_gel","Within participant-site: different systems"
"001FhRUSw_1","001FhRUSw_2",0.229849636711095,"unweighted_unifrac","S001","Forehead","Copan","S001","Forehead","Puritan_gel","Within participant-site: different systems"
"001AcCUSw","002AcCUSw",0.615801055994897,"unweighted_unifrac","S001","Antecubital","Eswab","S002","Antecubital","Eswab","Between participants: same site and system"
"001AcLUSw_3","002AcLUSw_3",0.567618702566254,"unweighted_unifrac","S001","Antecubital","Puritan_buffer","S002","Antecubital","Puritan_buffer","Between participants: same site and system"
"002AcCUSw","002AcLUSw_3",0.611095976332929,"unweighted_unifrac","S002","Antecubital","Eswab","S002","Antecubital","Puritan_buffer","Within participant-site: different systems"
"001AcLUSw_4","002AcLUSw_4",0.560836176221478,"unweighted_unifrac","S001","Antecubital","Omni","S002","Antecubital","Omni","Between participants: same site and system"
"002AcCUSw","002AcLUSw_4",0.593342949581304,"unweighted_unifrac","S002","Antecubital","Eswab","S002","Antecubital","Omni","Within participant-site: different systems"
"002AcLUSw_3","002AcLUSw_4",0.571415510972086,"unweighted_unifrac","S002","Antecubital","Puritan_buffer","S002","Antecubital","Omni","Within participant-site: different systems"
"001AcRUSw_1","002AcRUSw_1",0.708406159680625,"unweighted_unifrac","S001","Antecubital","Copan","S002","Antecubital","Copan","Between participants: same site and system"
"002AcCUSw","002AcRUSw_1",0.697261480277557,"unweighted_unifrac","S002","Antecubital","Eswab","S002","Antecubital","Copan","Within participant-site: different systems"
"002AcLUSw_3","002AcRUSw_1",0.625718703724296,"unweighted_unifrac","S002","Antecubital","Puritan_buffer","S002","Antecubital","Copan","Within participant-site: different systems"
"002AcLUSw_4","002AcRUSw_1",0.644869756356685,"unweighted_unifrac","S002","Antecubital","Omni","S002","Antecubital","Copan","Within participant-site: different systems"
"001AcRUSw_2","002AcRUSw_2",0.616983988405179,"unweighted_unifrac","S001","Antecubital","Puritan_gel","S002","Antecubital","Puritan_gel","Between participants: same site and system"
"002AcCUSw","002AcRUSw_2",0.653701920998065,"unweighted_unifrac","S002","Antecubital","Eswab","S002","Antecubital","Puritan_gel","Within participant-site: different systems"
"002AcLUSw_3","002AcRUSw_2",0.552113927430606,"unweighted_unifrac","S002","Antecubital","Puritan_buffer","S002","Antecubital","Puritan_gel","Within participant-site: different systems"
"002AcLUSw_4","002AcRUSw_2",0.622755999855214,"unweighted_unifrac","S002","Antecubital","Omni","S002","Antecubital","Puritan_gel","Within participant-site: different systems"
"002AcRUSw_1","002AcRUSw_2",0.589489888465487,"unweighted_unifrac","S002","Antecubital","Copan","S002","Antecubital","Puritan_gel","Within participant-site: different systems"
"001FhCUSw","002FhCUSw",0.570656401138005,"unweighted_unifrac","S001","Forehead","Eswab","S002","Forehead","Eswab","Between participants: same site and system"
"002AcCUSw","002FhCUSw",0.726374912963774,"unweighted_unifrac","S002","Antecubital","Eswab","S002","Forehead","Eswab","Within participant: different sites, same system"
"001FhLUSw_3","002FhLUSw_3",0.660361013677414,"unweighted_unifrac","S001","Forehead","Puritan_buffer","S002","Forehead","Puritan_buffer","Between participants: same site and system"
"002AcLUSw_3","002FhLUSw_3",0.759964360656822,"unweighted_unifrac","S002","Antecubital","Puritan_buffer","S002","Forehead","Puritan_buffer","Within participant: different sites, same system"
"002FhCUSw","002FhLUSw_3",0.544676961693942,"unweighted_unifrac","S002","Forehead","Eswab","S002","Forehead","Puritan_buffer","Within participant-site: different systems"
"001FhLUSw_4","002FhLUSw_4",0.481104999319057,"unweighted_unifrac","S001","Forehead","Omni","S002","Forehead","Omni","Between participants: same site and system"
"002AcLUSw_4","002FhLUSw_4",0.800189838890374,"unweighted_unifrac","S002","Antecubital","Omni","S002","Forehead","Omni","Within participant: different sites, same system"
"002FhCUSw","002FhLUSw_4",0.36473610148002,"unweighted_unifrac","S002","Forehead","Eswab","S002","Forehead","Omni","Within participant-site: different systems"
"002FhLUSw_3","002FhLUSw_4",0.495113327615925,"unweighted_unifrac","S002","Forehead","Puritan_buffer","S002","Forehead","Omni","Within participant-site: different systems"
"001FhRUSw_1","002FhRUSw_1",0.492895306795868,"unweighted_unifrac","S001","Forehead","Copan","S002","Forehead","Copan","Between participants: same site and system"
"002AcRUSw_1","002FhRUSw_1",0.676563977147138,"unweighted_unifrac","S002","Antecubital","Copan","S002","Forehead","Copan","Within participant: different sites, same system"
"002FhCUSw","002FhRUSw_1",0.538337403717378,"unweighted_unifrac","S002","Forehead","Eswab","S002","Forehead","Copan","Within participant-site: different systems"
"002FhLUSw_3","002FhRUSw_1",0.500120724856472,"unweighted_unifrac","S002","Forehead","Puritan_buffer","S002","Forehead","Copan","Within participant-site: different systems"
"002FhLUSw_4","002FhRUSw_1",0.402691470580017,"unweighted_unifrac","S002","Forehead","Omni","S002","Forehead","Copan","Within participant-site: different systems"
"001FhRUSw_2","002FhRUSw_2",0.605192852270995,"unweighted_unifrac","S001","Forehead","Puritan_gel","S002","Forehead","Puritan_gel","Between participants: same site and system"
"002AcRUSw_2","002FhRUSw_2",0.745582893589761,"unweighted_unifrac","S002","Antecubital","Puritan_gel","S002","Forehead","Puritan_gel","Within participant: different sites, same system"
"002FhCUSw","002FhRUSw_2",0.49218128620896,"unweighted_unifrac","S002","Forehead","Eswab","S002","Forehead","Puritan_gel","Within participant-site: different systems"
"002FhLUSw_3","002FhRUSw_2",0.492608192680735,"unweighted_unifrac","S002","Forehead","Puritan_buffer","S002","Forehead","Puritan_gel","Within participant-site: different systems"
"002FhLUSw_4","002FhRUSw_2",0.339340506019945,"unweighted_unifrac","S002","Forehead","Omni","S002","Forehead","Puritan_gel","Within participant-site: different systems"
"002FhRUSw_1","002FhRUSw_2",0.253027002385075,"unweighted_unifrac","S002","Forehead","Copan","S002","Forehead","Puritan_gel","Within participant-site: different systems"
"001AcCUSw","003AcCUSw",0.581255724126089,"unweighted_unifrac","S001","Antecubital","Eswab","S003","Antecubital","Eswab","Between participants: same site and system"
"002AcCUSw","003AcCUSw",0.612104474902212,"unweighted_unifrac","S002","Antecubital","Eswab","S003","Antecubital","Eswab","Between participants: same site and system"
"001AcLUSw_3","003AcLUSw_3",0.609643571434897,"unweighted_unifrac","S001","Antecubital","Puritan_buffer","S003","Antecubital","Puritan_buffer","Between participants: same site and system"
"002AcLUSw_3","003AcLUSw_3",0.683789272870866,"unweighted_unifrac","S002","Antecubital","Puritan_buffer","S003","Antecubital","Puritan_buffer","Between participants: same site and system"
"003AcCUSw","003AcLUSw_3",0.627827306973836,"unweighted_unifrac","S003","Antecubital","Eswab","S003","Antecubital","Puritan_buffer","Within participant-site: different systems"
"001AcLUSw_4","003AcLUSw_4",0.634665846376563,"unweighted_unifrac","S001","Antecubital","Omni","S003","Antecubital","Omni","Between participants: same site and system"
"002AcLUSw_4","003AcLUSw_4",0.666107259297242,"unweighted_unifrac","S002","Antecubital","Omni","S003","Antecubital","Omni","Between participants: same site and system"
"003AcCUSw","003AcLUSw_4",0.535987228285852,"unweighted_unifrac","S003","Antecubital","Eswab","S003","Antecubital","Omni","Within participant-site: different systems"
"003AcLUSw_3","003AcLUSw_4",0.682513701483294,"unweighted_unifrac","S003","Antecubital","Puritan_buffer","S003","Antecubital","Omni","Within participant-site: different systems"
"001AcRUSw_1","003AcRUSw_1",0.714485731908532,"unweighted_unifrac","S001","Antecubital","Copan","S003","Antecubital","Copan","Between participants: same site and system"
"002AcRUSw_1","003AcRUSw_1",0.671077452407291,"unweighted_unifrac","S002","Antecubital","Copan","S003","Antecubital","Copan","Between participants: same site and system"
"003AcCUSw","003AcRUSw_1",0.580414496232808,"unweighted_unifrac","S003","Antecubital","Eswab","S003","Antecubital","Copan","Within participant-site: different systems"
"003AcLUSw_3","003AcRUSw_1",0.725041030449466,"unweighted_unifrac","S003","Antecubital","Puritan_buffer","S003","Antecubital","Copan","Within participant-site: different systems"
"003AcLUSw_4","003AcRUSw_1",0.549152618716328,"unweighted_unifrac","S003","Antecubital","Omni","S003","Antecubital","Copan","Within participant-site: different systems"
"001AcRUSw_2","003AcRUSw_2",0.696399718080068,"unweighted_unifrac","S001","Antecubital","Puritan_gel","S003","Antecubital","Puritan_gel","Between participants: same site and system"
"002AcRUSw_2","003AcRUSw_2",0.777047800180063,"unweighted_unifrac","S002","Antecubital","Puritan_gel","S003","Antecubital","Puritan_gel","Between participants: same site and system"
"003AcCUSw","003AcRUSw_2",0.709150328444056,"unweighted_unifrac","S003","Antecubital","Eswab","S003","Antecubital","Puritan_gel","Within participant-site: different systems"
"003AcLUSw_3","003AcRUSw_2",0.523970534293709,"unweighted_unifrac","S003","Antecubital","Puritan_buffer","S003","Antecubital","Puritan_gel","Within participant-site: different systems"
"003AcLUSw_4","003AcRUSw_2",0.77115722626905,"unweighted_unifrac","S003","Antecubital","Omni","S003","Antecubital","Puritan_gel","Within participant-site: different systems"
"003AcRUSw_1","003AcRUSw_2",0.791079401045345,"unweighted_unifrac","S003","Antecubital","Copan","S003","Antecubital","Puritan_gel","Within participant-site: different systems"
"001FhCUSw","003FhCUSw",0.609187726284964,"unweighted_unifrac","S001","Forehead","Eswab","S003","Forehead","Eswab","Between participants: same site and system"
"002FhCUSw","003FhCUSw",0.725703397993487,"unweighted_unifrac","S002","Forehead","Eswab","S003","Forehead","Eswab","Between participants: same site and system"
"003AcCUSw","003FhCUSw",0.653832561528582,"unweighted_unifrac","S003","Antecubital","Eswab","S003","Forehead","Eswab","Within participant: different sites, same system"
"001FhLUSw_3","003FhLUSw_3",0.648685780781715,"unweighted_unifrac","S001","Forehead","Puritan_buffer","S003","Forehead","Puritan_buffer","Between participants: same site and system"
"002FhLUSw_3","003FhLUSw_3",0.456341691519689,"unweighted_unifrac","S002","Forehead","Puritan_buffer","S003","Forehead","Puritan_buffer","Between participants: same site and system"
"003AcLUSw_3","003FhLUSw_3",0.697235916379858,"unweighted_unifrac","S003","Antecubital","Puritan_buffer","S003","Forehead","Puritan_buffer","Within participant: different sites, same system"
"003FhCUSw","003FhLUSw_3",0.569032063756395,"unweighted_unifrac","S003","Forehead","Eswab","S003","Forehead","Puritan_buffer","Within participant-site: different systems"
"001FhLUSw_4","003FhLUSw_4",0.631900843667307,"unweighted_unifrac","S001","Forehead","Omni","S003","Forehead","Omni","Between participants: same site and system"
"002FhLUSw_4","003FhLUSw_4",0.624328257024836,"unweighted_unifrac","S002","Forehead","Omni","S003","Forehead","Omni","Between participants: same site and system"
"003AcLUSw_4","003FhLUSw_4",0.667709047871098,"unweighted_unifrac","S003","Antecubital","Omni","S003","Forehead","Omni","Within participant: different sites, same system"
"003FhCUSw","003FhLUSw_4",0.490878126367303,"unweighted_unifrac","S003","Forehead","Eswab","S003","Forehead","Omni","Within participant-site: different systems"
"003FhLUSw_3","003FhLUSw_4",0.542486255918098,"unweighted_unifrac","S003","Forehead","Puritan_buffer","S003","Forehead","Omni","Within participant-site: different systems"
"001FhRUSw_1","003FhRUSw_1",0.633361819695566,"unweighted_unifrac","S001","Forehead","Copan","S003","Forehead","Copan","Between participants: same site and system"
"002FhRUSw_1","003FhRUSw_1",0.598867288462257,"unweighted_unifrac","S002","Forehead","Copan","S003","Forehead","Copan","Between participants: same site and system"
"003AcRUSw_1","003FhRUSw_1",0.801355333593408,"unweighted_unifrac","S003","Antecubital","Copan","S003","Forehead","Copan","Within participant: different sites, same system"
"003FhCUSw","003FhRUSw_1",0.618887908785202,"unweighted_unifrac","S003","Forehead","Eswab","S003","Forehead","Copan","Within participant-site: different systems"
"003FhLUSw_3","003FhRUSw_1",0.334047654719135,"unweighted_unifrac","S003","Forehead","Puritan_buffer","S003","Forehead","Copan","Within participant-site: different systems"
"003FhLUSw_4","003FhRUSw_1",0.55582277829976,"unweighted_unifrac","S003","Forehead","Omni","S003","Forehead","Copan","Within participant-site: different systems"
"001FhRUSw_2","003FhRUSw_2",0.622179979507059,"unweighted_unifrac","S001","Forehead","Puritan_gel","S003","Forehead","Puritan_gel","Between participants: same site and system"
"002FhRUSw_2","003FhRUSw_2",0.543612866529402,"unweighted_unifrac","S002","Forehead","Puritan_gel","S003","Forehead","Puritan_gel","Between participants: same site and system"
"003AcRUSw_2","003FhRUSw_2",0.516178823657969,"unweighted_unifrac","S003","Antecubital","Puritan_gel","S003","Forehead","Puritan_gel","Within participant: different sites, same system"
"003FhCUSw","003FhRUSw_2",0.526726551022429,"unweighted_unifrac","S003","Forehead","Eswab","S003","Forehead","Puritan_gel","Within participant-site: different systems"
"003FhLUSw_3","003FhRUSw_2",0.142132288690719,"unweighted_unifrac","S003","Forehead","Puritan_buffer","S003","Forehead","Puritan_gel","Within participant-site: different systems"
"003FhLUSw_4","003FhRUSw_2",0.558720317497409,"unweighted_unifrac","S003","Forehead","Omni","S003","Forehead","Puritan_gel","Within participant-site: different systems"
"003FhRUSw_1","003FhRUSw_2",0.398622936424425,"unweighted_unifrac","S003","Forehead","Copan","S003","Forehead","Puritan_gel","Within participant-site: different systems"
"001AcCUSw","004AcCUSw",0.65937713771475,"unweighted_unifrac","S001","Antecubital","Eswab","S004","Antecubital","Eswab","Between participants: same site and system"
"002AcCUSw","004AcCUSw",0.718767914839483,"unweighted_unifrac","S002","Antecubital","Eswab","S004","Antecubital","Eswab","Between participants: same site and system"
"003AcCUSw","004AcCUSw",0.602724134736098,"unweighted_unifrac","S003","Antecubital","Eswab","S004","Antecubital","Eswab","Between participants: same site and system"
"001AcLUSw_3","004AcLUSw_3",0.753329949519792,"unweighted_unifrac","S001","Antecubital","Puritan_buffer","S004","Antecubital","Puritan_buffer","Between participants: same site and system"
"002AcLUSw_3","004AcLUSw_3",0.723050533369948,"unweighted_unifrac","S002","Antecubital","Puritan_buffer","S004","Antecubital","Puritan_buffer","Between participants: same site and system"
"003AcLUSw_3","004AcLUSw_3",0.820817368335886,"unweighted_unifrac","S003","Antecubital","Puritan_buffer","S004","Antecubital","Puritan_buffer","Between participants: same site and system"
"004AcCUSw","004AcLUSw_3",0.579837688830009,"unweighted_unifrac","S004","Antecubital","Eswab","S004","Antecubital","Puritan_buffer","Within participant-site: different systems"
"001AcLUSw_4","004AcLUSw_4",0.765862852673615,"unweighted_unifrac","S001","Antecubital","Omni","S004","Antecubital","Omni","Between participants: same site and system"
"002AcLUSw_4","004AcLUSw_4",0.77175905295878,"unweighted_unifrac","S002","Antecubital","Omni","S004","Antecubital","Omni","Between participants: same site and system"
"003AcLUSw_4","004AcLUSw_4",0.686161281876468,"unweighted_unifrac","S003","Antecubital","Omni","S004","Antecubital","Omni","Between participants: same site and system"
"004AcCUSw","004AcLUSw_4",0.592932884302756,"unweighted_unifrac","S004","Antecubital","Eswab","S004","Antecubital","Omni","Within participant-site: different systems"
"004AcLUSw_3","004AcLUSw_4",0.483195175836897,"unweighted_unifrac","S004","Antecubital","Puritan_buffer","S004","Antecubital","Omni","Within participant-site: different systems"
"001AcRUSw_1","004AcRUSw_1",0.811467351583692,"unweighted_unifrac","S001","Antecubital","Copan","S004","Antecubital","Copan","Between participants: same site and system"
"002AcRUSw_1","004AcRUSw_1",0.804737216485526,"unweighted_unifrac","S002","Antecubital","Copan","S004","Antecubital","Copan","Between participants: same site and system"
"003AcRUSw_1","004AcRUSw_1",0.674431668894628,"unweighted_unifrac","S003","Antecubital","Copan","S004","Antecubital","Copan","Between participants: same site and system"
"004AcCUSw","004AcRUSw_1",0.517895126105852,"unweighted_unifrac","S004","Antecubital","Eswab","S004","Antecubital","Copan","Within participant-site: different systems"
"004AcLUSw_3","004AcRUSw_1",0.499904810625888,"unweighted_unifrac","S004","Antecubital","Puritan_buffer","S004","Antecubital","Copan","Within participant-site: different systems"
"004AcLUSw_4","004AcRUSw_1",0.531319615765941,"unweighted_unifrac","S004","Antecubital","Omni","S004","Antecubital","Copan","Within participant-site: different systems"
"001AcRUSw_2","004AcRUSw_2",0.705285959390426,"unweighted_unifrac","S001","Antecubital","Puritan_gel","S004","Antecubital","Puritan_gel","Between participants: same site and system"
"002AcRUSw_2","004AcRUSw_2",0.719139681729894,"unweighted_unifrac","S002","Antecubital","Puritan_gel","S004","Antecubital","Puritan_gel","Between participants: same site and system"
"003AcRUSw_2","004AcRUSw_2",0.838126222824761,"unweighted_unifrac","S003","Antecubital","Puritan_gel","S004","Antecubital","Puritan_gel","Between participants: same site and system"
"004AcCUSw","004AcRUSw_2",0.578308917355525,"unweighted_unifrac","S004","Antecubital","Eswab","S004","Antecubital","Puritan_gel","Within participant-site: different systems"
"004AcLUSw_3","004AcRUSw_2",0.498465891078352,"unweighted_unifrac","S004","Antecubital","Puritan_buffer","S004","Antecubital","Puritan_gel","Within participant-site: different systems"
"004AcLUSw_4","004AcRUSw_2",0.47710984835781,"unweighted_unifrac","S004","Antecubital","Omni","S004","Antecubital","Puritan_gel","Within participant-site: different systems"
"004AcRUSw_1","004AcRUSw_2",0.480879359493016,"unweighted_unifrac","S004","Antecubital","Copan","S004","Antecubital","Puritan_gel","Within participant-site: different systems"
"001FhCUSw","004FhCUSw",0.706936351909821,"unweighted_unifrac","S001","Forehead","Eswab","S004","Forehead","Eswab","Between participants: same site and system"
"002FhCUSw","004FhCUSw",0.783696138242763,"unweighted_unifrac","S002","Forehead","Eswab","S004","Forehead","Eswab","Between participants: same site and system"
"003FhCUSw","004FhCUSw",0.70205054688773,"unweighted_unifrac","S003","Forehead","Eswab","S004","Forehead","Eswab","Between participants: same site and system"
"004AcCUSw","004FhCUSw",0.635166164982064,"unweighted_unifrac","S004","Antecubital","Eswab","S004","Forehead","Eswab","Within participant: different sites, same system"
"001FhLUSw_3","004FhLUSw_3",0.868675818674155,"unweighted_unifrac","S001","Forehead","Puritan_buffer","S004","Forehead","Puritan_buffer","Between participants: same site and system"
"002FhLUSw_3","004FhLUSw_3",0.832168967413776,"unweighted_unifrac","S002","Forehead","Puritan_buffer","S004","Forehead","Puritan_buffer","Between participants: same site and system"
"003FhLUSw_3","004FhLUSw_3",0.875722417724684,"unweighted_unifrac","S003","Forehead","Puritan_buffer","S004","Forehead","Puritan_buffer","Between participants: same site and system"
"004AcLUSw_3","004FhLUSw_3",0.595540441150303,"unweighted_unifrac","S004","Antecubital","Puritan_buffer","S004","Forehead","Puritan_buffer","Within participant: different sites, same system"
"004FhCUSw","004FhLUSw_3",0.720390597973248,"unweighted_unifrac","S004","Forehead","Eswab","S004","Forehead","Puritan_buffer","Within participant-site: different systems"
"001FhLUSw_4","004FhLUSw_4",0.860096804605772,"unweighted_unifrac","S001","Forehead","Omni","S004","Forehead","Omni","Between participants: same site and system"
"002FhLUSw_4","004FhLUSw_4",0.841550691184585,"unweighted_unifrac","S002","Forehead","Omni","S004","Forehead","Omni","Between participants: same site and system"
"003FhLUSw_4","004FhLUSw_4",0.748534288178494,"unweighted_unifrac","S003","Forehead","Omni","S004","Forehead","Omni","Between participants: same site and system"
"004AcLUSw_4","004FhLUSw_4",0.569605404054719,"unweighted_unifrac","S004","Antecubital","Omni","S004","Forehead","Omni","Within participant: different sites, same system"
"004FhCUSw","004FhLUSw_4",0.692413279908114,"unweighted_unifrac","S004","Forehead","Eswab","S004","Forehead","Omni","Within participant-site: different systems"
"004FhLUSw_3","004FhLUSw_4",0.535890549995465,"unweighted_unifrac","S004","Forehead","Puritan_buffer","S004","Forehead","Omni","Within participant-site: different systems"
"001FhRUSw_1","004FhRUSw_1",0.887765493346279,"unweighted_unifrac","S001","Forehead","Copan","S004","Forehead","Copan","Between participants: same site and system"
"002FhRUSw_1","004FhRUSw_1",0.833687366012192,"unweighted_unifrac","S002","Forehead","Copan","S004","Forehead","Copan","Between participants: same site and system"
"003FhRUSw_1","004FhRUSw_1",0.864953412431576,"unweighted_unifrac","S003","Forehead","Copan","S004","Forehead","Copan","Between participants: same site and system"
"004AcRUSw_1","004FhRUSw_1",0.597222810978752,"unweighted_unifrac","S004","Antecubital","Copan","S004","Forehead","Copan","Within participant: different sites, same system"
"004FhCUSw","004FhRUSw_1",0.74605061655186,"unweighted_unifrac","S004","Forehead","Eswab","S004","Forehead","Copan","Within participant-site: different systems"
"004FhLUSw_3","004FhRUSw_1",0.546336802177358,"unweighted_unifrac","S004","Forehead","Puritan_buffer","S004","Forehead","Copan","Within participant-site: different systems"
"004FhLUSw_4","004FhRUSw_1",0.550671836310741,"unweighted_unifrac","S004","Forehead","Omni","S004","Forehead","Copan","Within participant-site: different systems"
"001FhRUSw_2","004FhRUSw_2",0.881781433802857,"unweighted_unifrac","S001","Forehead","Puritan_gel","S004","Forehead","Puritan_gel","Between participants: same site and system"
"002FhRUSw_2","004FhRUSw_2",0.835580527483474,"unweighted_unifrac","S002","Forehead","Puritan_gel","S004","Forehead","Puritan_gel","Between participants: same site and system"
"003FhRUSw_2","004FhRUSw_2",0.878978593310977,"unweighted_unifrac","S003","Forehead","Puritan_gel","S004","Forehead","Puritan_gel","Between participants: same site and system"
"004AcRUSw_2","004FhRUSw_2",0.579556401226617,"unweighted_unifrac","S004","Antecubital","Puritan_gel","S004","Forehead","Puritan_gel","Within participant: different sites, same system"
"004FhCUSw","004FhRUSw_2",0.744274080489977,"unweighted_unifrac","S004","Forehead","Eswab","S004","Forehead","Puritan_gel","Within participant-site: different systems"
"004FhLUSw_3","004FhRUSw_2",0.558089983328808,"unweighted_unifrac","S004","Forehead","Puritan_buffer","S004","Forehead","Puritan_gel","Within participant-site: different systems"
"004FhLUSw_4","004FhRUSw_2",0.55128171986493,"unweighted_unifrac","S004","Forehead","Omni","S004","Forehead","Puritan_gel","Within participant-site: different systems"
"004FhRUSw_1","004FhRUSw_2",0.515201777018121,"unweighted_unifrac","S004","Forehead","Copan","S004","Forehead","Puritan_gel","Within participant-site: different systems"
"001AcCUSw","005AcCUSw",0.727636646360579,"unweighted_unifrac","S001","Antecubital","Eswab","S005","Antecubital","Eswab","Between participants: same site and system"
"002AcCUSw","005AcCUSw",0.587244758147949,"unweighted_unifrac","S002","Antecubital","Eswab","S005","Antecubital","Eswab","Between participants: same site and system"
"003AcCUSw","005AcCUSw",0.700665097361553,"unweighted_unifrac","S003","Antecubital","Eswab","S005","Antecubital","Eswab","Between participants: same site and system"
"004AcCUSw","005AcCUSw",0.780327756225019,"unweighted_unifrac","S004","Antecubital","Eswab","S005","Antecubital","Eswab","Between participants: same site and system"
"001AcLUSw_3","005AcLUSw_3",0.63367069134591,"unweighted_unifrac","S001","Antecubital","Puritan_buffer","S005","Antecubital","Puritan_buffer","Between participants: same site and system"
"002AcLUSw_3","005AcLUSw_3",0.68297835322518,"unweighted_unifrac","S002","Antecubital","Puritan_buffer","S005","Antecubital","Puritan_buffer","Between participants: same site and system"
"003AcLUSw_3","005AcLUSw_3",0.657709463200822,"unweighted_unifrac","S003","Antecubital","Puritan_buffer","S005","Antecubital","Puritan_buffer","Between participants: same site and system"
"004AcLUSw_3","005AcLUSw_3",0.748554069431784,"unweighted_unifrac","S004","Antecubital","Puritan_buffer","S005","Antecubital","Puritan_buffer","Between participants: same site and system"
"005AcCUSw","005AcLUSw_3",0.678817620785078,"unweighted_unifrac","S005","Antecubital","Eswab","S005","Antecubital","Puritan_buffer","Within participant-site: different systems"
"001AcLUSw_4","005AcLUSw_4",0.640889593763684,"unweighted_unifrac","S001","Antecubital","Omni","S005","Antecubital","Omni","Between participants: same site and system"
"002AcLUSw_4","005AcLUSw_4",0.692558435551468,"unweighted_unifrac","S002","Antecubital","Omni","S005","Antecubital","Omni","Between participants: same site and system"
"003AcLUSw_4","005AcLUSw_4",0.638223725921664,"unweighted_unifrac","S003","Antecubital","Omni","S005","Antecubital","Omni","Between participants: same site and system"
"004AcLUSw_4","005AcLUSw_4",0.768744894241746,"unweighted_unifrac","S004","Antecubital","Omni","S005","Antecubital","Omni","Between participants: same site and system"
"005AcCUSw","005AcLUSw_4",0.680093133043794,"unweighted_unifrac","S005","Antecubital","Eswab","S005","Antecubital","Omni","Within participant-site: different systems"
"005AcLUSw_3","005AcLUSw_4",0.553857280702149,"unweighted_unifrac","S005","Antecubital","Puritan_buffer","S005","Antecubital","Omni","Within participant-site: different systems"
"001AcRUSw_1","005AcRUSw_1",0.617930085490684,"unweighted_unifrac","S001","Antecubital","Copan","S005","Antecubital","Copan","Between participants: same site and system"
"002AcRUSw_1","005AcRUSw_1",0.781904534643983,"unweighted_unifrac","S002","Antecubital","Copan","S005","Antecubital","Copan","Between participants: same site and system"
"003AcRUSw_1","005AcRUSw_1",0.810843765296553,"unweighted_unifrac","S003","Antecubital","Copan","S005","Antecubital","Copan","Between participants: same site and system"
"004AcRUSw_1","005AcRUSw_1",0.860900942636652,"unweighted_unifrac","S004","Antecubital","Copan","S005","Antecubital","Copan","Between participants: same site and system"
"005AcCUSw","005AcRUSw_1",0.473347015793857,"unweighted_unifrac","S005","Antecubital","Eswab","S005","Antecubital","Copan","Within participant-site: different systems"
"005AcLUSw_3","005AcRUSw_1",0.663211908077731,"unweighted_unifrac","S005","Antecubital","Puritan_buffer","S005","Antecubital","Copan","Within participant-site: different systems"
"005AcLUSw_4","005AcRUSw_1",0.736098632117483,"unweighted_unifrac","S005","Antecubital","Omni","S005","Antecubital","Copan","Within participant-site: different systems"
"001AcRUSw_2","005AcRUSw_2",0.753715168790908,"unweighted_unifrac","S001","Antecubital","Puritan_gel","S005","Antecubital","Puritan_gel","Between participants: same site and system"
"002AcRUSw_2","005AcRUSw_2",0.828790733965741,"unweighted_unifrac","S002","Antecubital","Puritan_gel","S005","Antecubital","Puritan_gel","Between participants: same site and system"
"003AcRUSw_2","005AcRUSw_2",0.4471443360883,"unweighted_unifrac","S003","Antecubital","Puritan_gel","S005","Antecubital","Puritan_gel","Between participants: same site and system"
"004AcRUSw_2","005AcRUSw_2",0.877346755340643,"unweighted_unifrac","S004","Antecubital","Puritan_gel","S005","Antecubital","Puritan_gel","Between participants: same site and system"
"005AcCUSw","005AcRUSw_2",0.536044330018786,"unweighted_unifrac","S005","Antecubital","Eswab","S005","Antecubital","Puritan_gel","Within participant-site: different systems"
"005AcLUSw_3","005AcRUSw_2",0.695690801233619,"unweighted_unifrac","S005","Antecubital","Puritan_buffer","S005","Antecubital","Puritan_gel","Within participant-site: different systems"
"005AcLUSw_4","005AcRUSw_2",0.717931112665853,"unweighted_unifrac","S005","Antecubital","Omni","S005","Antecubital","Puritan_gel","Within participant-site: different systems"
"005AcRUSw_1","005AcRUSw_2",0.606590895402101,"unweighted_unifrac","S005","Antecubital","Copan","S005","Antecubital","Puritan_gel","Within participant-site: different systems"
"001FhCUSw","005FhCUSw",0.787494666491693,"unweighted_unifrac","S001","Forehead","Eswab","S005","Forehead","Eswab","Between participants: same site and system"
"002FhCUSw","005FhCUSw",0.84612334762185,"unweighted_unifrac","S002","Forehead","Eswab","S005","Forehead","Eswab","Between participants: same site and system"
"003FhCUSw","005FhCUSw",0.701535534991488,"unweighted_unifrac","S003","Forehead","Eswab","S005","Forehead","Eswab","Between participants: same site and system"
"004FhCUSw","005FhCUSw",0.755607862708838,"unweighted_unifrac","S004","Forehead","Eswab","S005","Forehead","Eswab","Between participants: same site and system"
"005AcCUSw","005FhCUSw",0.69004974004286,"unweighted_unifrac","S005","Antecubital","Eswab","S005","Forehead","Eswab","Within participant: different sites, same system"
"001FhLUSw_3","005FhLUSw_3",0.805122917556828,"unweighted_unifrac","S001","Forehead","Puritan_buffer","S005","Forehead","Puritan_buffer","Between participants: same site and system"
"002FhLUSw_3","005FhLUSw_3",0.710905815959893,"unweighted_unifrac","S002","Forehead","Puritan_buffer","S005","Forehead","Puritan_buffer","Between participants: same site and system"
"003FhLUSw_3","005FhLUSw_3",0.814161952517679,"unweighted_unifrac","S003","Forehead","Puritan_buffer","S005","Forehead","Puritan_buffer","Between participants: same site and system"
"004FhLUSw_3","005FhLUSw_3",0.70536667073143,"unweighted_unifrac","S004","Forehead","Puritan_buffer","S005","Forehead","Puritan_buffer","Between participants: same site and system"
"005AcLUSw_3","005FhLUSw_3",0.614919014120594,"unweighted_unifrac","S005","Antecubital","Puritan_buffer","S005","Forehead","Puritan_buffer","Within participant: different sites, same system"
"005FhCUSw","005FhLUSw_3",0.600165534018651,"unweighted_unifrac","S005","Forehead","Eswab","S005","Forehead","Puritan_buffer","Within participant-site: different systems"
"001FhLUSw_4","005FhLUSw_4",0.744694027147189,"unweighted_unifrac","S001","Forehead","Omni","S005","Forehead","Omni","Between participants: same site and system"
"002FhLUSw_4","005FhLUSw_4",0.711299587603927,"unweighted_unifrac","S002","Forehead","Omni","S005","Forehead","Omni","Between participants: same site and system"
"003FhLUSw_4","005FhLUSw_4",0.603571459493919,"unweighted_unifrac","S003","Forehead","Omni","S005","Forehead","Omni","Between participants: same site and system"
"004FhLUSw_4","005FhLUSw_4",0.766281311601327,"unweighted_unifrac","S004","Forehead","Omni","S005","Forehead","Omni","Between participants: same site and system"
"005AcLUSw_4","005FhLUSw_4",0.670863566976521,"unweighted_unifrac","S005","Antecubital","Omni","S005","Forehead","Omni","Within participant: different sites, same system"
"005FhCUSw","005FhLUSw_4",0.659757680818167,"unweighted_unifrac","S005","Forehead","Eswab","S005","Forehead","Omni","Within participant-site: different systems"
"005FhLUSw_3","005FhLUSw_4",0.676049430618107,"unweighted_unifrac","S005","Forehead","Puritan_buffer","S005","Forehead","Omni","Within participant-site: different systems"
"001FhRUSw_1","005FhRUSw_1",0.807569293319211,"unweighted_unifrac","S001","Forehead","Copan","S005","Forehead","Copan","Between participants: same site and system"
"002FhRUSw_1","005FhRUSw_1",0.726675165458762,"unweighted_unifrac","S002","Forehead","Copan","S005","Forehead","Copan","Between participants: same site and system"
"003FhRUSw_1","005FhRUSw_1",0.75042876805776,"unweighted_unifrac","S003","Forehead","Copan","S005","Forehead","Copan","Between participants: same site and system"
"004FhRUSw_1","005FhRUSw_1",0.708100525458918,"unweighted_unifrac","S004","Forehead","Copan","S005","Forehead","Copan","Between participants: same site and system"
"005AcRUSw_1","005FhRUSw_1",0.756121015369955,"unweighted_unifrac","S005","Antecubital","Copan","S005","Forehead","Copan","Within participant: different sites, same system"
"005FhCUSw","005FhRUSw_1",0.603814439844484,"unweighted_unifrac","S005","Forehead","Eswab","S005","Forehead","Copan","Within participant-site: different systems"
"005FhLUSw_3","005FhRUSw_1",0.63921082431496,"unweighted_unifrac","S005","Forehead","Puritan_buffer","S005","Forehead","Copan","Within participant-site: different systems"
"005FhLUSw_4","005FhRUSw_1",0.70722014508793,"unweighted_unifrac","S005","Forehead","Omni","S005","Forehead","Copan","Within participant-site: different systems"
"001FhRUSw_2","005FhRUSw_2",0.747434795839624,"unweighted_unifrac","S001","Forehead","Puritan_gel","S005","Forehead","Puritan_gel","Between participants: same site and system"
"002FhRUSw_2","005FhRUSw_2",0.69247156411588,"unweighted_unifrac","S002","Forehead","Puritan_gel","S005","Forehead","Puritan_gel","Between participants: same site and system"
"003FhRUSw_2","005FhRUSw_2",0.768221149696971,"unweighted_unifrac","S003","Forehead","Puritan_gel","S005","Forehead","Puritan_gel","Between participants: same site and system"
"004FhRUSw_2","005FhRUSw_2",0.723001141411304,"unweighted_unifrac","S004","Forehead","Puritan_gel","S005","Forehead","Puritan_gel","Between participants: same site and system"
"005AcRUSw_2","005FhRUSw_2",0.744575585544792,"unweighted_unifrac","S005","Antecubital","Puritan_gel","S005","Forehead","Puritan_gel","Within participant: different sites, same system"
"005FhCUSw","005FhRUSw_2",0.587659571162061,"unweighted_unifrac","S005","Forehead","Eswab","S005","Forehead","Puritan_gel","Within participant-site: different systems"
"005FhLUSw_3","005FhRUSw_2",0.506704524674965,"unweighted_unifrac","S005","Forehead","Puritan_buffer","S005","Forehead","Puritan_gel","Within participant-site: different systems"
"005FhLUSw_4","005FhRUSw_2",0.641813119339179,"unweighted_unifrac","S005","Forehead","Omni","S005","Forehead","Puritan_gel","Within participant-site: different systems"
"005FhRUSw_1","005FhRUSw_2",0.603799967204168,"unweighted_unifrac","S005","Forehead","Copan","S005","Forehead","Puritan_gel","Within participant-site: different systems"
"001AcCUSw","001AcLUSw_3",0.284887678692988,"bray_curtis","S001","Antecubital","Eswab","S001","Antecubital","Puritan_buffer","Within participant-site: different systems"
"001AcCUSw","001AcLUSw_4",0.340197413206263,"bray_curtis","S001","Antecubital","Eswab","S001","Antecubital","Omni","Within participant-site: different systems"
"001AcLUSw_3","001AcLUSw_4",0.2142614023145,"bray_curtis","S001","Antecubital","Puritan_buffer","S001","Antecubital","Omni","Within participant-site: different systems"
"001AcCUSw","001AcRUSw_1",0.455071477195371,"bray_curtis","S001","Antecubital","Eswab","S001","Antecubital","Copan","Within participant-site: different systems"
"001AcLUSw_3","001AcRUSw_1",0.367256637168142,"bray_curtis","S001","Antecubital","Puritan_buffer","S001","Antecubital","Copan","Within participant-site: different systems"
"001AcLUSw_4","001AcRUSw_1",0.265656909462219,"bray_curtis","S001","Antecubital","Omni","S001","Antecubital","Copan","Within participant-site: different systems"
"001AcCUSw","001AcRUSw_2",0.489108236895848,"bray_curtis","S001","Antecubital","Eswab","S001","Antecubital","Puritan_gel","Within participant-site: different systems"
"001AcLUSw_3","001AcRUSw_2",0.419162695711368,"bray_curtis","S001","Antecubital","Puritan_buffer","S001","Antecubital","Puritan_gel","Within participant-site: different systems"
"001AcLUSw_4","001AcRUSw_2",0.452348536419333,"bray_curtis","S001","Antecubital","Omni","S001","Antecubital","Puritan_gel","Within participant-site: different systems"
"001AcRUSw_1","001AcRUSw_2",0.566541865214432,"bray_curtis","S001","Antecubital","Copan","S001","Antecubital","Puritan_gel","Within participant-site: different systems"
"001AcCUSw","001FhCUSw",0.62644656228727,"bray_curtis","S001","Antecubital","Eswab","S001","Forehead","Eswab","Within participant: different sites, same system"
"001AcLUSw_3","001FhLUSw_3",0.528420694349898,"bray_curtis","S001","Antecubital","Puritan_buffer","S001","Forehead","Puritan_buffer","Within participant: different sites, same system"
"001FhCUSw","001FhLUSw_3",0.0859428182437032,"bray_curtis","S001","Forehead","Eswab","S001","Forehead","Puritan_buffer","Within participant-site: different systems"
"001AcLUSw_4","001FhLUSw_4",0.419332879509871,"bray_curtis","S001","Antecubital","Omni","S001","Forehead","Omni","Within participant: different sites, same system"
"001FhCUSw","001FhLUSw_4",0.103301565690946,"bray_curtis","S001","Forehead","Eswab","S001","Forehead","Omni","Within participant-site: different systems"
"001FhLUSw_3","001FhLUSw_4",0.0323349217154527,"bray_curtis","S001","Forehead","Puritan_buffer","S001","Forehead","Omni","Within participant-site: different systems"
"001AcRUSw_1","001FhRUSw_1",0.265146358066712,"bray_curtis","S001","Antecubital","Copan","S001","Forehead","Copan","Within participant: different sites, same system"
"001FhCUSw","001FhRUSw_1",0.0263784887678693,"bray_curtis","S001","Forehead","Eswab","S001","Forehead","Copan","Within participant-site: different systems"
"001FhLUSw_3","001FhRUSw_1",0.0670524166099387,"bray_curtis","S001","Forehead","Puritan_buffer","S001","Forehead","Copan","Within participant-site: different systems"
"001FhLUSw_4","001FhRUSw_1",0.084070796460177,"bray_curtis","S001","Forehead","Omni","S001","Forehead","Copan","Within participant-site: different systems"
"001AcRUSw_2","001FhRUSw_2",0.738938053097345,"bray_curtis","S001","Antecubital","Puritan_gel","S001","Forehead","Puritan_gel","Within participant: different sites, same system"
"001FhCUSw","001FhRUSw_2",0.0650102110279101,"bray_curtis","S001","Forehead","Eswab","S001","Forehead","Puritan_gel","Within participant-site: different systems"
"001FhLUSw_3","001FhRUSw_2",0.0292716133424098,"bray_curtis","S001","Forehead","Puritan_buffer","S001","Forehead","Puritan_gel","Within participant-site: different systems"
"001FhLUSw_4","001FhRUSw_2",0.0468005445881552,"bray_curtis","S001","Forehead","Omni","S001","Forehead","Puritan_gel","Within participant-site: different systems"
"001FhRUSw_1","001FhRUSw_2",0.04714091218516,"bray_curtis","S001","Forehead","Copan","S001","Forehead","Puritan_gel","Within participant-site: different systems"
"001AcCUSw","002AcCUSw",0.535057862491491,"bray_curtis","S001","Antecubital","Eswab","S002","Antecubital","Eswab","Between participants: same site and system"
"001AcLUSw_3","002AcLUSw_3",0.353471749489449,"bray_curtis","S001","Antecubital","Puritan_buffer","S002","Antecubital","Puritan_buffer","Between participants: same site and system"
"002AcCUSw","002AcLUSw_3",0.501531654186521,"bray_curtis","S002","Antecubital","Eswab","S002","Antecubital","Puritan_buffer","Within participant-site: different systems"
"001AcLUSw_4","002AcLUSw_4",0.557011572498298,"bray_curtis","S001","Antecubital","Omni","S002","Antecubital","Omni","Between participants: same site and system"
"002AcCUSw","002AcLUSw_4",0.571817562968005,"bray_curtis","S002","Antecubital","Eswab","S002","Antecubital","Omni","Within participant-site: different systems"
"002AcLUSw_3","002AcLUSw_4",0.487916950306331,"bray_curtis","S002","Antecubital","Puritan_buffer","S002","Antecubital","Omni","Within participant-site: different systems"
"001AcRUSw_1","002AcRUSw_1",0.208134785568414,"bray_curtis","S001","Antecubital","Copan","S002","Antecubital","Copan","Between participants: same site and system"
"002AcCUSw","002AcRUSw_1",0.515656909462219,"bray_curtis","S002","Antecubital","Eswab","S002","Antecubital","Copan","Within participant-site: different systems"
"002AcLUSw_3","002AcRUSw_1",0.272294077603812,"bray_curtis","S002","Antecubital","Puritan_buffer","S002","Antecubital","Copan","Within participant-site: different systems"
"002AcLUSw_4","002AcRUSw_1",0.559904697072839,"bray_curtis","S002","Antecubital","Omni","S002","Antecubital","Copan","Within participant-site: different systems"
"001AcRUSw_2","002AcRUSw_2",0.651463580667121,"bray_curtis","S001","Antecubital","Puritan_gel","S002","Antecubital","Puritan_gel","Between participants: same site and system"
"002AcCUSw","002AcRUSw_2",0.5,"bray_curtis","S002","Antecubital","Eswab","S002","Antecubital","Puritan_gel","Within participant-site: different systems"
"002AcLUSw_3","002AcRUSw_2",0.195200816882233,"bray_curtis","S002","Antecubital","Puritan_buffer","S002","Antecubital","Puritan_gel","Within participant-site: different systems"
"002AcLUSw_4","002AcRUSw_2",0.543737236215112,"bray_curtis","S002","Antecubital","Omni","S002","Antecubital","Puritan_gel","Within participant-site: different systems"
"002AcRUSw_1","002AcRUSw_2",0.279441797140912,"bray_curtis","S002","Antecubital","Copan","S002","Antecubital","Puritan_gel","Within participant-site: different systems"
"001FhCUSw","002FhCUSw",0.0148059904697073,"bray_curtis","S001","Forehead","Eswab","S002","Forehead","Eswab","Between participants: same site and system"
"002AcCUSw","002FhCUSw",0.636147038801906,"bray_curtis","S002","Antecubital","Eswab","S002","Forehead","Eswab","Within participant: different sites, same system"
"001FhLUSw_3","002FhLUSw_3",0.0869639210347175,"bray_curtis","S001","Forehead","Puritan_buffer","S002","Forehead","Puritan_buffer","Between participants: same site and system"
"002AcLUSw_3","002FhLUSw_3",0.48144996596324,"bray_curtis","S002","Antecubital","Puritan_buffer","S002","Forehead","Puritan_buffer","Within participant: different sites, same system"
"002FhCUSw","002FhLUSw_3",0.00901974132062628,"bray_curtis","S002","Forehead","Eswab","S002","Forehead","Puritan_buffer","Within participant-site: different systems"
"001FhLUSw_4","002FhLUSw_4",0.107045609257999,"bray_curtis","S001","Forehead","Omni","S002","Forehead","Omni","Between participants: same site and system"
"002AcLUSw_4","002FhLUSw_4",0.674778761061947,"bray_curtis","S002","Antecubital","Omni","S002","Forehead","Omni","Within participant: different sites, same system"
"002FhCUSw","002FhLUSw_4",0.00544588155207624,"bray_curtis","S002","Forehead","Eswab","S002","Forehead","Omni","Within participant-site: different systems"
"002FhLUSw_3","002FhLUSw_4",0.00544588155207624,"bray_curtis","S002","Forehead","Puritan_buffer","S002","Forehead","Omni","Within participant-site: different systems"
"001FhRUSw_1","002FhRUSw_1",0.0466303607896528,"bray_curtis","S001","Forehead","Copan","S002","Forehead","Copan","Between participants: same site and system"
"002AcRUSw_1","002FhRUSw_1",0.244213750850919,"bray_curtis","S002","Antecubital","Copan","S002","Forehead","Copan","Within participant: different sites, same system"
"002FhCUSw","002FhRUSw_1",0.0619469026548673,"bray_curtis","S002","Forehead","Eswab","S002","Forehead","Copan","Within participant-site: different systems"
"002FhLUSw_3","002FhRUSw_1",0.0558202859087815,"bray_curtis","S002","Forehead","Puritan_buffer","S002","Forehead","Copan","Within participant-site: different systems"
"002FhLUSw_4","002FhRUSw_1",0.0588835942818244,"bray_curtis","S002","Forehead","Omni","S002","Forehead","Copan","Within participant-site: different systems"
"001FhRUSw_2","002FhRUSw_2",0.0619469026548673,"bray_curtis","S001","Forehead","Puritan_gel","S002","Forehead","Puritan_gel","Between participants: same site and system"
"002AcRUSw_2","002FhRUSw_2",0.431245745405037,"bray_curtis","S002","Antecubital","Puritan_gel","S002","Forehead","Puritan_gel","Within participant: different sites, same system"
"002FhCUSw","002FhRUSw_2",0.0847515316541865,"bray_curtis","S002","Forehead","Eswab","S002","Forehead","Puritan_gel","Within participant-site: different systems"
"002FhLUSw_3","002FhRUSw_2",0.0786249149081008,"bray_curtis","S002","Forehead","Puritan_buffer","S002","Forehead","Puritan_gel","Within participant-site: different systems"
"002FhLUSw_4","002FhRUSw_2",0.0806671204901293,"bray_curtis","S002","Forehead","Omni","S002","Forehead","Puritan_gel","Within participant-site: different systems"
"002FhRUSw_1","002FhRUSw_2",0.0401633764465623,"bray_curtis","S002","Forehead","Copan","S002","Forehead","Puritan_gel","Within participant-site: different systems"
"001AcCUSw","003AcCUSw",0.498468345813479,"bray_curtis","S001","Antecubital","Eswab","S003","Antecubital","Eswab","Between participants: same site and system"
"002AcCUSw","003AcCUSw",0.690265486725664,"bray_curtis","S002","Antecubital","Eswab","S003","Antecubital","Eswab","Between participants: same site and system"
"001AcLUSw_3","003AcLUSw_3",0.688904016337645,"bray_curtis","S001","Antecubital","Puritan_buffer","S003","Antecubital","Puritan_buffer","Between participants: same site and system"
"002AcLUSw_3","003AcLUSw_3",0.699965963240299,"bray_curtis","S002","Antecubital","Puritan_buffer","S003","Antecubital","Puritan_buffer","Between participants: same site and system"
"003AcCUSw","003AcLUSw_3",0.597685500340368,"bray_curtis","S003","Antecubital","Eswab","S003","Antecubital","Puritan_buffer","Within participant-site: different systems"
"001AcLUSw_4","003AcLUSw_4",0.752552756977536,"bray_curtis","S001","Antecubital","Omni","S003","Antecubital","Omni","Between participants: same site and system"
"002AcLUSw_4","003AcLUSw_4",0.821987746766508,"bray_curtis","S002","Antecubital","Omni","S003","Antecubital","Omni","Between participants: same site and system"
"003AcCUSw","003AcLUSw_4",0.527229407760381,"bray_curtis","S003","Antecubital","Eswab","S003","Antecubital","Omni","Within participant-site: different systems"
"003AcLUSw_3","003AcLUSw_4",0.515146358066712,"bray_curtis","S003","Antecubital","Puritan_buffer","S003","Antecubital","Omni","Within participant-site: different systems"
"001AcRUSw_1","003AcRUSw_1",0.733151803948264,"bray_curtis","S001","Antecubital","Copan","S003","Antecubital","Copan","Between participants: same site and system"
"002AcRUSw_1","003AcRUSw_1",0.639210347174949,"bray_curtis","S002","Antecubital","Copan","S003","Antecubital","Copan","Between participants: same site and system"
"003AcCUSw","003AcRUSw_1",0.488257317903336,"bray_curtis","S003","Antecubital","Eswab","S003","Antecubital","Copan","Within participant-site: different systems"
"003AcLUSw_3","003AcRUSw_1",0.56926480599047,"bray_curtis","S003","Antecubital","Puritan_buffer","S003","Antecubital","Copan","Within participant-site: different systems"
"003AcLUSw_4","003AcRUSw_1",0.453199455411845,"bray_curtis","S003","Antecubital","Omni","S003","Antecubital","Copan","Within participant-site: different systems"
"001AcRUSw_2","003AcRUSw_2",0.653846153846154,"bray_curtis","S001","Antecubital","Puritan_gel","S003","Antecubital","Puritan_gel","Between participants: same site and system"
"002AcRUSw_2","003AcRUSw_2",0.456092579986385,"bray_curtis","S002","Antecubital","Puritan_gel","S003","Antecubital","Puritan_gel","Between participants: same site and system"
"003AcCUSw","003AcRUSw_2",0.536249149081008,"bray_curtis","S003","Antecubital","Eswab","S003","Antecubital","Puritan_gel","Within participant-site: different systems"
"003AcLUSw_3","003AcRUSw_2",0.477705922396188,"bray_curtis","S003","Antecubital","Puritan_buffer","S003","Antecubital","Puritan_gel","Within participant-site: different systems"
"003AcLUSw_4","003AcRUSw_2",0.619469026548673,"bray_curtis","S003","Antecubital","Omni","S003","Antecubital","Puritan_gel","Within participant-site: different systems"
"003AcRUSw_1","003AcRUSw_2",0.536589516678012,"bray_curtis","S003","Antecubital","Copan","S003","Antecubital","Puritan_gel","Within participant-site: different systems"
"001FhCUSw","003FhCUSw",0.78284547311096,"bray_curtis","S001","Forehead","Eswab","S003","Forehead","Eswab","Between participants: same site and system"
"002FhCUSw","003FhCUSw",0.790844111640572,"bray_curtis","S002","Forehead","Eswab","S003","Forehead","Eswab","Between participants: same site and system"
"003AcCUSw","003FhCUSw",0.692818243703199,"bray_curtis","S003","Antecubital","Eswab","S003","Forehead","Eswab","Within participant: different sites, same system"
"001FhLUSw_3","003FhLUSw_3",0.974642614023145,"bray_curtis","S001","Forehead","Puritan_buffer","S003","Forehead","Puritan_buffer","Between participants: same site and system"
"002FhLUSw_3","003FhLUSw_3",0.989788972089857,"bray_curtis","S002","Forehead","Puritan_buffer","S003","Forehead","Puritan_buffer","Between participants: same site and system"
"003AcLUSw_3","003FhLUSw_3",0.996766507828455,"bray_curtis","S003","Antecubital","Puritan_buffer","S003","Forehead","Puritan_buffer","Within participant: different sites, same system"
"003FhCUSw","003FhLUSw_3",0.378318584070796,"bray_curtis","S003","Forehead","Eswab","S003","Forehead","Puritan_buffer","Within participant-site: different systems"
"001FhLUSw_4","003FhLUSw_4",0.899931926480599,"bray_curtis","S001","Forehead","Omni","S003","Forehead","Omni","Between participants: same site and system"
"002FhLUSw_4","003FhLUSw_4",0.940946221919673,"bray_curtis","S002","Forehead","Omni","S003","Forehead","Omni","Between participants: same site and system"
"003AcLUSw_4","003FhLUSw_4",0.907590197413206,"bray_curtis","S003","Antecubital","Omni","S003","Forehead","Omni","Within participant: different sites, same system"
"003FhCUSw","003FhLUSw_4",0.328624914908101,"bray_curtis","S003","Forehead","Eswab","S003","Forehead","Omni","Within participant-site: different systems"
"003FhLUSw_3","003FhLUSw_4",0.181926480599047,"bray_curtis","S003","Forehead","Puritan_buffer","S003","Forehead","Omni","Within participant-site: different systems"
"001FhRUSw_1","003FhRUSw_1",0.914737916950306,"bray_curtis","S001","Forehead","Copan","S003","Forehead","Copan","Between participants: same site and system"
"002FhRUSw_1","003FhRUSw_1",0.90639891082369,"bray_curtis","S002","Forehead","Copan","S003","Forehead","Copan","Between participants: same site and system"
"003AcRUSw_1","003FhRUSw_1",0.878999319264806,"bray_curtis","S003","Antecubital","Copan","S003","Forehead","Copan","Within participant: different sites, same system"
"003FhCUSw","003FhRUSw_1",0.304628999319265,"bray_curtis","S003","Forehead","Eswab","S003","Forehead","Copan","Within participant-site: different systems"
"003FhLUSw_3","003FhRUSw_1",0.0971749489448605,"bray_curtis","S003","Forehead","Puritan_buffer","S003","Forehead","Copan","Within participant-site: different systems"
"003FhLUSw_4","003FhRUSw_1",0.123383253914227,"bray_curtis","S003","Forehead","Omni","S003","Forehead","Copan","Within participant-site: different systems"
"001FhRUSw_2","003FhRUSw_2",0.98859768550034,"bray_curtis","S001","Forehead","Puritan_gel","S003","Forehead","Puritan_gel","Between participants: same site and system"
"002FhRUSw_2","003FhRUSw_2",0.989788972089857,"bray_curtis","S002","Forehead","Puritan_gel","S003","Forehead","Puritan_gel","Between participants: same site and system"
"003AcRUSw_2","003FhRUSw_2",0.989788972089857,"bray_curtis","S003","Antecubital","Puritan_gel","S003","Forehead","Puritan_gel","Within participant: different sites, same system"
"003FhCUSw","003FhRUSw_2",0.382062627637849,"bray_curtis","S003","Forehead","Eswab","S003","Forehead","Puritan_gel","Within participant-site: different systems"
"003FhLUSw_3","003FhRUSw_2",0.0263784887678693,"bray_curtis","S003","Forehead","Puritan_buffer","S003","Forehead","Puritan_gel","Within participant-site: different systems"
"003FhLUSw_4","003FhRUSw_2",0.202348536419333,"bray_curtis","S003","Forehead","Omni","S003","Forehead","Puritan_gel","Within participant-site: different systems"
"003FhRUSw_1","003FhRUSw_2",0.107045609257999,"bray_curtis","S003","Forehead","Copan","S003","Forehead","Puritan_gel","Within participant-site: different systems"
"001AcCUSw","004AcCUSw",0.847685500340368,"bray_curtis","S001","Antecubital","Eswab","S004","Antecubital","Eswab","Between participants: same site and system"
"002AcCUSw","004AcCUSw",0.875085091899251,"bray_curtis","S002","Antecubital","Eswab","S004","Antecubital","Eswab","Between participants: same site and system"
"003AcCUSw","004AcCUSw",0.81143635125936,"bray_curtis","S003","Antecubital","Eswab","S004","Antecubital","Eswab","Between participants: same site and system"
"001AcLUSw_3","004AcLUSw_3",0.946051735874745,"bray_curtis","S001","Antecubital","Puritan_buffer","S004","Antecubital","Puritan_buffer","Between participants: same site and system"
"002AcLUSw_3","004AcLUSw_3",0.957964601769911,"bray_curtis","S002","Antecubital","Puritan_buffer","S004","Antecubital","Puritan_buffer","Between participants: same site and system"
"003AcLUSw_3","004AcLUSw_3",0.942988427501702,"bray_curtis","S003","Antecubital","Puritan_buffer","S004","Antecubital","Puritan_buffer","Between participants: same site and system"
"004AcCUSw","004AcLUSw_3",0.646698434309054,"bray_curtis","S004","Antecubital","Eswab","S004","Antecubital","Puritan_buffer","Within participant-site: different systems"
"001AcLUSw_4","004AcLUSw_4",0.945200816882233,"bray_curtis","S001","Antecubital","Omni","S004","Antecubital","Omni","Between participants: same site and system"
"002AcLUSw_4","004AcLUSw_4",0.949625595643295,"bray_curtis","S002","Antecubital","Omni","S004","Antecubital","Omni","Between participants: same site and system"
"003AcLUSw_4","004AcLUSw_4",0.860959836623553,"bray_curtis","S003","Antecubital","Omni","S004","Antecubital","Omni","Between participants: same site and system"
"004AcCUSw","004AcLUSw_4",0.567733151803948,"bray_curtis","S004","Antecubital","Eswab","S004","Antecubital","Omni","Within participant-site: different systems"
"004AcLUSw_3","004AcLUSw_4",0.54714091218516,"bray_curtis","S004","Antecubital","Puritan_buffer","S004","Antecubital","Omni","Within participant-site: different systems"
"001AcRUSw_1","004AcRUSw_1",0.917290673927842,"bray_curtis","S001","Antecubital","Copan","S004","Antecubital","Copan","Between participants: same site and system"
"002AcRUSw_1","004AcRUSw_1",0.936010891763104,"bray_curtis","S002","Antecubital","Copan","S004","Antecubital","Copan","Between participants: same site and system"
"003AcRUSw_1","004AcRUSw_1",0.848536419332879,"bray_curtis","S003","Antecubital","Copan","S004","Antecubital","Copan","Between participants: same site and system"
"004AcCUSw","004AcRUSw_1",0.654697072838666,"bray_curtis","S004","Antecubital","Eswab","S004","Antecubital","Copan","Within participant-site: different systems"
"004AcLUSw_3","004AcRUSw_1",0.672736555479918,"bray_curtis","S004","Antecubital","Puritan_buffer","S004","Antecubital","Copan","Within participant-site: different systems"
"004AcLUSw_4","004AcRUSw_1",0.528080326752893,"bray_curtis","S004","Antecubital","Omni","S004","Antecubital","Copan","Within participant-site: different systems"
"001AcRUSw_2","004AcRUSw_2",0.874234172906739,"bray_curtis","S001","Antecubital","Puritan_gel","S004","Antecubital","Puritan_gel","Between participants: same site and system"
"002AcRUSw_2","004AcRUSw_2",0.891082368958475,"bray_curtis","S002","Antecubital","Puritan_gel","S004","Antecubital","Puritan_gel","Between participants: same site and system"
"003AcRUSw_2","004AcRUSw_2",0.880871341048332,"bray_curtis","S003","Antecubital","Puritan_gel","S004","Antecubital","Puritan_gel","Between participants: same site and system"
"004AcCUSw","004AcRUSw_2",0.676310415248468,"bray_curtis","S004","Antecubital","Eswab","S004","Antecubital","Puritan_gel","Within participant-site: different systems"
"004AcLUSw_3","004AcRUSw_2",0.656228727025187,"bray_curtis","S004","Antecubital","Puritan_buffer","S004","Antecubital","Puritan_gel","Within participant-site: different systems"
"004AcLUSw_4","004AcRUSw_2",0.617086453369639,"bray_curtis","S004","Antecubital","Omni","S004","Antecubital","Puritan_gel","Within participant-site: different systems"
"004AcRUSw_1","004AcRUSw_2",0.569605173587474,"bray_curtis","S004","Antecubital","Copan","S004","Antecubital","Puritan_gel","Within participant-site: different systems"
"001FhCUSw","004FhCUSw",0.165588835942818,"bray_curtis","S001","Forehead","Eswab","S004","Forehead","Eswab","Between participants: same site and system"
"002FhCUSw","004FhCUSw",0.172566371681416,"bray_curtis","S002","Forehead","Eswab","S004","Forehead","Eswab","Between participants: same site and system"
"003FhCUSw","004FhCUSw",0.772974812797822,"bray_curtis","S003","Forehead","Eswab","S004","Forehead","Eswab","Between participants: same site and system"
"004AcCUSw","004FhCUSw",0.855173587474472,"bray_curtis","S004","Antecubital","Eswab","S004","Forehead","Eswab","Within participant: different sites, same system"
"001FhLUSw_3","004FhLUSw_3",0.778420694349898,"bray_curtis","S001","Forehead","Puritan_buffer","S004","Forehead","Puritan_buffer","Between participants: same site and system"
"002FhLUSw_3","004FhLUSw_3",0.819094622191967,"bray_curtis","S002","Forehead","Puritan_buffer","S004","Forehead","Puritan_buffer","Between participants: same site and system"
"003FhLUSw_3","004FhLUSw_3",0.979918311776719,"bray_curtis","S003","Forehead","Puritan_buffer","S004","Forehead","Puritan_buffer","Between participants: same site and system"
"004AcLUSw_3","004FhLUSw_3",0.805479918311777,"bray_curtis","S004","Antecubital","Puritan_buffer","S004","Forehead","Puritan_buffer","Within participant: different sites, same system"
"004FhCUSw","004FhLUSw_3",0.723110959836624,"bray_curtis","S004","Forehead","Eswab","S004","Forehead","Puritan_buffer","Within participant-site: different systems"
"001FhLUSw_4","004FhLUSw_4",0.766337644656229,"bray_curtis","S001","Forehead","Omni","S004","Forehead","Omni","Between participants: same site and system"
"002FhLUSw_4","004FhLUSw_4",0.797481279782165,"bray_curtis","S002","Forehead","Omni","S004","Forehead","Omni","Between participants: same site and system"
"003FhLUSw_4","004FhLUSw_4",0.925459496255956,"bray_curtis","S003","Forehead","Omni","S004","Forehead","Omni","Between participants: same site and system"
"004AcLUSw_4","004FhLUSw_4",0.650782845473111,"bray_curtis","S004","Antecubital","Omni","S004","Forehead","Omni","Within participant: different sites, same system"
"004FhCUSw","004FhLUSw_4",0.702688904016338,"bray_curtis","S004","Forehead","Eswab","S004","Forehead","Omni","Within participant-site: different systems"
"004FhLUSw_3","004FhLUSw_4",0.232811436351259,"bray_curtis","S004","Forehead","Puritan_buffer","S004","Forehead","Omni","Within participant-site: different systems"
"001FhRUSw_1","004FhRUSw_1",0.708645336963921,"bray_curtis","S001","Forehead","Copan","S004","Forehead","Copan","Between participants: same site and system"
"002FhRUSw_1","004FhRUSw_1",0.710857726344452,"bray_curtis","S002","Forehead","Copan","S004","Forehead","Copan","Between participants: same site and system"
"003FhRUSw_1","004FhRUSw_1",0.922906739278421,"bray_curtis","S003","Forehead","Copan","S004","Forehead","Copan","Between participants: same site and system"
"004AcRUSw_1","004FhRUSw_1",0.675289312457454,"bray_curtis","S004","Antecubital","Copan","S004","Forehead","Copan","Within participant: different sites, same system"
"004FhCUSw","004FhRUSw_1",0.638019060585432,"bray_curtis","S004","Forehead","Eswab","S004","Forehead","Copan","Within participant-site: different systems"
"004FhLUSw_3","004FhRUSw_1",0.353301565690946,"bray_curtis","S004","Forehead","Puritan_buffer","S004","Forehead","Copan","Within participant-site: different systems"
"004FhLUSw_4","004FhRUSw_1",0.362321307011573,"bray_curtis","S004","Forehead","Omni","S004","Forehead","Copan","Within participant-site: different systems"
"001FhRUSw_2","004FhRUSw_2",0.744554118447924,"bray_curtis","S001","Forehead","Puritan_gel","S004","Forehead","Puritan_gel","Between participants: same site and system"
"002FhRUSw_2","004FhRUSw_2",0.752382573179033,"bray_curtis","S002","Forehead","Puritan_gel","S004","Forehead","Puritan_gel","Between participants: same site and system"
"003FhRUSw_2","004FhRUSw_2",0.989788972089857,"bray_curtis","S003","Forehead","Puritan_gel","S004","Forehead","Puritan_gel","Between participants: same site and system"
"004AcRUSw_2","004FhRUSw_2",0.728727025187202,"bray_curtis","S004","Antecubital","Puritan_gel","S004","Forehead","Puritan_gel","Within participant: different sites, same system"
"004FhCUSw","004FhRUSw_2",0.682266848196052,"bray_curtis","S004","Forehead","Eswab","S004","Forehead","Puritan_gel","Within participant-site: different systems"
"004FhLUSw_3","004FhRUSw_2",0.30496936691627,"bray_curtis","S004","Forehead","Puritan_buffer","S004","Forehead","Puritan_gel","Within participant-site: different systems"
"004FhLUSw_4","004FhRUSw_2",0.283015656909462,"bray_curtis","S004","Forehead","Omni","S004","Forehead","Puritan_gel","Within participant-site: different systems"
"004FhRUSw_1","004FhRUSw_2",0.331177671885636,"bray_curtis","S004","Forehead","Copan","S004","Forehead","Puritan_gel","Within participant-site: different systems"
"001AcCUSw","005AcCUSw",0.957283866575902,"bray_curtis","S001","Antecubital","Eswab","S005","Antecubital","Eswab","Between participants: same site and system"
"002AcCUSw","005AcCUSw",0.961198093941457,"bray_curtis","S002","Antecubital","Eswab","S005","Antecubital","Eswab","Between participants: same site and system"
"003AcCUSw","005AcCUSw",0.935330156569095,"bray_curtis","S003","Antecubital","Eswab","S005","Antecubital","Eswab","Between participants: same site and system"
"004AcCUSw","005AcCUSw",0.958815520762423,"bray_curtis","S004","Antecubital","Eswab","S005","Antecubital","Eswab","Between participants: same site and system"
"001AcLUSw_3","005AcLUSw_3",0.921204901293397,"bray_curtis","S001","Antecubital","Puritan_buffer","S005","Antecubital","Puritan_buffer","Between participants: same site and system"
"002AcLUSw_3","005AcLUSw_3",0.87712729748128,"bray_curtis","S002","Antecubital","Puritan_buffer","S005","Antecubital","Puritan_buffer","Between participants: same site and system"
"003AcLUSw_3","005AcLUSw_3",0.962389380530973,"bray_curtis","S003","Antecubital","Puritan_buffer","S005","Antecubital","Puritan_buffer","Between participants: same site and system"
"004AcLUSw_3","005AcLUSw_3",0.979067392784207,"bray_curtis","S004","Antecubital","Puritan_buffer","S005","Antecubital","Puritan_buffer","Between participants: same site and system"
"005AcCUSw","005AcLUSw_3",0.316541865214432,"bray_curtis","S005","Antecubital","Eswab","S005","Antecubital","Puritan_buffer","Within participant-site: different systems"
"001AcLUSw_4","005AcLUSw_4",0.884955752212389,"bray_curtis","S001","Antecubital","Omni","S005","Antecubital","Omni","Between participants: same site and system"
"002AcLUSw_4","005AcLUSw_4",0.882743362831858,"bray_curtis","S002","Antecubital","Omni","S005","Antecubital","Omni","Between participants: same site and system"
"003AcLUSw_4","005AcLUSw_4",0.89074200136147,"bray_curtis","S003","Antecubital","Omni","S005","Antecubital","Omni","Between participants: same site and system"
"004AcLUSw_4","005AcLUSw_4",0.975833900612662,"bray_curtis","S004","Antecubital","Omni","S005","Antecubital","Omni","Between participants: same site and system"
"005AcCUSw","005AcLUSw_4",0.509870660313138,"bray_curtis","S005","Antecubital","Eswab","S005","Antecubital","Omni","Within participant-site: different systems"
"005AcLUSw_3","005AcLUSw_4",0.353131381892444,"bray_curtis","S005","Antecubital","Puritan_buffer","S005","Antecubital","Omni","Within participant-site: different systems"
"001AcRUSw_1","005AcRUSw_1",0.965793056501021,"bray_curtis","S001","Antecubital","Copan","S005","Antecubital","Copan","Between participants: same site and system"
"002AcRUSw_1","005AcRUSw_1",0.947923757658271,"bray_curtis","S002","Antecubital","Copan","S005","Antecubital","Copan","Between participants: same site and system"
"003AcRUSw_1","005AcRUSw_1",0.846324029952349,"bray_curtis","S003","Antecubital","Copan","S005","Antecubital","Copan","Between participants: same site and system"
"004AcRUSw_1","005AcRUSw_1",0.964771953710007,"bray_curtis","S004","Antecubital","Copan","S005","Antecubital","Copan","Between participants: same site and system"
"005AcCUSw","005AcRUSw_1",0.491320626276379,"bray_curtis","S005","Antecubital","Eswab","S005","Antecubital","Copan","Within participant-site: different systems"
"005AcLUSw_3","005AcRUSw_1",0.688053097345133,"bray_curtis","S005","Antecubital","Puritan_buffer","S005","Antecubital","Copan","Within participant-site: different systems"
"005AcLUSw_4","005AcRUSw_1",0.853641933287951,"bray_curtis","S005","Antecubital","Omni","S005","Antecubital","Copan","Within participant-site: different systems"
"001AcRUSw_2","005AcRUSw_2",0.980769230769231,"bray_curtis","S001","Antecubital","Puritan_gel","S005","Antecubital","Puritan_gel","Between participants: same site and system"
"002AcRUSw_2","005AcRUSw_2",0.956943498978897,"bray_curtis","S002","Antecubital","Puritan_gel","S005","Antecubital","Puritan_gel","Between participants: same site and system"
"003AcRUSw_2","005AcRUSw_2",0.901633764465623,"bray_curtis","S003","Antecubital","Puritan_gel","S005","Antecubital","Puritan_gel","Between participants: same site and system"
"004AcRUSw_2","005AcRUSw_2",0.987746766507828,"bray_curtis","S004","Antecubital","Puritan_gel","S005","Antecubital","Puritan_gel","Between participants: same site and system"
"005AcCUSw","005AcRUSw_2",0.491490810074881,"bray_curtis","S005","Antecubital","Eswab","S005","Antecubital","Puritan_gel","Within participant-site: different systems"
"005AcLUSw_3","005AcRUSw_2",0.686861810755616,"bray_curtis","S005","Antecubital","Puritan_buffer","S005","Antecubital","Puritan_gel","Within participant-site: different systems"
"005AcLUSw_4","005AcRUSw_2",0.850748808713411,"bray_curtis","S005","Antecubital","Omni","S005","Antecubital","Puritan_gel","Within participant-site: different systems"
"005AcRUSw_1","005AcRUSw_2",0.181756296800545,"bray_curtis","S005","Antecubital","Copan","S005","Antecubital","Puritan_gel","Within participant-site: different systems"
"001FhCUSw","005FhCUSw",0.634785568413887,"bray_curtis","S001","Forehead","Eswab","S005","Forehead","Eswab","Between participants: same site and system"
"002FhCUSw","005FhCUSw",0.640571817562968,"bray_curtis","S002","Forehead","Eswab","S005","Forehead","Eswab","Between participants: same site and system"
"003FhCUSw","005FhCUSw",0.707454050374404,"bray_curtis","S003","Forehead","Eswab","S005","Forehead","Eswab","Between participants: same site and system"
"004FhCUSw","005FhCUSw",0.625255275697754,"bray_curtis","S004","Forehead","Eswab","S005","Forehead","Eswab","Between participants: same site and system"
"005AcCUSw","005FhCUSw",0.925119128658952,"bray_curtis","S005","Antecubital","Eswab","S005","Forehead","Eswab","Within participant: different sites, same system"
"001FhLUSw_3","005FhLUSw_3",0.521613342409803,"bray_curtis","S001","Forehead","Puritan_buffer","S005","Forehead","Puritan_buffer","Between participants: same site and system"
"002FhLUSw_3","005FhLUSw_3",0.55071477195371,"bray_curtis","S002","Forehead","Puritan_buffer","S005","Forehead","Puritan_buffer","Between participants: same site and system"
"003FhLUSw_3","005FhLUSw_3",0.972260040844112,"bray_curtis","S003","Forehead","Puritan_buffer","S005","Forehead","Puritan_buffer","Between participants: same site and system"
"004FhLUSw_3","005FhLUSw_3",0.776548672566372,"bray_curtis","S004","Forehead","Puritan_buffer","S005","Forehead","Puritan_buffer","Between participants: same site and system"
"005AcLUSw_3","005FhLUSw_3",0.730599046970728,"bray_curtis","S005","Antecubital","Puritan_buffer","S005","Forehead","Puritan_buffer","Within participant: different sites, same system"
"005FhCUSw","005FhLUSw_3",0.605343771272975,"bray_curtis","S005","Forehead","Eswab","S005","Forehead","Puritan_buffer","Within participant-site: different systems"
"001FhLUSw_4","005FhLUSw_4",0.632402995234854,"bray_curtis","S001","Forehead","Omni","S005","Forehead","Omni","Between participants: same site and system"
"002FhLUSw_4","005FhLUSw_4",0.636657590197413,"bray_curtis","S002","Forehead","Omni","S005","Forehead","Omni","Between participants: same site and system"
"003FhLUSw_4","005FhLUSw_4",0.945881552076242,"bray_curtis","S003","Forehead","Omni","S005","Forehead","Omni","Between participants: same site and system"
"004FhLUSw_4","005FhLUSw_4",0.801225323349217,"bray_curtis","S004","Forehead","Omni","S005","Forehead","Omni","Between participants: same site and system"
"005AcLUSw_4","005FhLUSw_4",0.926820966643976,"bray_curtis","S005","Antecubital","Omni","S005","Forehead","Omni","Within participant: different sites, same system"
"005FhCUSw","005FhLUSw_4",0.584921715452689,"bray_curtis","S005","Forehead","Eswab","S005","Forehead","Omni","Within participant-site: different systems"
"005FhLUSw_3","005FhLUSw_4",0.594792375765827,"bray_curtis","S005","Forehead","Puritan_buffer","S005","Forehead","Omni","Within participant-site: different systems"
"001FhRUSw_1","005FhRUSw_1",0.245234853641933,"bray_curtis","S001","Forehead","Copan","S005","Forehead","Copan","Between participants: same site and system"
"002FhRUSw_1","005FhRUSw_1",0.230769230769231,"bray_curtis","S002","Forehead","Copan","S005","Forehead","Copan","Between participants: same site and system"
"003FhRUSw_1","005FhRUSw_1",0.91354663036079,"bray_curtis","S003","Forehead","Copan","S005","Forehead","Copan","Between participants: same site and system"
"004FhRUSw_1","005FhRUSw_1",0.705071477195371,"bray_curtis","S004","Forehead","Copan","S005","Forehead","Copan","Between participants: same site and system"
"005AcRUSw_1","005FhRUSw_1",0.937202178352621,"bray_curtis","S005","Antecubital","Copan","S005","Forehead","Copan","Within participant: different sites, same system"
"005FhCUSw","005FhRUSw_1",0.593260721579306,"bray_curtis","S005","Forehead","Eswab","S005","Forehead","Copan","Within participant-site: different systems"
"005FhLUSw_3","005FhRUSw_1",0.42001361470388,"bray_curtis","S005","Forehead","Puritan_buffer","S005","Forehead","Copan","Within participant-site: different systems"
"005FhLUSw_4","005FhRUSw_1",0.595302927161334,"bray_curtis","S005","Forehead","Omni","S005","Forehead","Copan","Within participant-site: different systems"
"001FhRUSw_2","005FhRUSw_2",0.428012253233492,"bray_curtis","S001","Forehead","Puritan_gel","S005","Forehead","Puritan_gel","Between participants: same site and system"
"002FhRUSw_2","005FhRUSw_2",0.413886997957794,"bray_curtis","S002","Forehead","Puritan_gel","S005","Forehead","Puritan_gel","Between participants: same site and system"
"003FhRUSw_2","005FhRUSw_2",0.987576582709326,"bray_curtis","S003","Forehead","Puritan_gel","S005","Forehead","Puritan_gel","Between participants: same site and system"
"004FhRUSw_2","005FhRUSw_2",0.747617426820967,"bray_curtis","S004","Forehead","Puritan_gel","S005","Forehead","Puritan_gel","Between participants: same site and system"
"005AcRUSw_2","005FhRUSw_2",0.919162695711368,"bray_curtis","S005","Antecubital","Puritan_gel","S005","Forehead","Puritan_gel","Within participant: different sites, same system"
"005FhCUSw","005FhRUSw_2",0.584070796460177,"bray_curtis","S005","Forehead","Eswab","S005","Forehead","Puritan_gel","Within participant-site: different systems"
"005FhLUSw_3","005FhRUSw_2",0.314840027229408,"bray_curtis","S005","Forehead","Puritan_buffer","S005","Forehead","Puritan_gel","Within participant-site: different systems"
"005FhLUSw_4","005FhRUSw_2",0.596664397549353,"bray_curtis","S005","Forehead","Omni","S005","Forehead","Puritan_gel","Within participant-site: different systems"
"005FhRUSw_1","005FhRUSw_2",0.281143635125936,"bray_curtis","S005","Forehead","Copan","S005","Forehead","Puritan_gel","Within participant-site: different systems"
